variant,seed,eps,rep,R,T,mu,sigma,class_250tu,class_500tu,class_1000tu,returns,mass,gyr,path_speed,speed,ref_mass,ref_gyr,ref_path_speed
T40,orbium,0,-1,13,40,0.155,0.019,GLIDER,GLIDER,GLIDER,True,0.473652,0.468464,0.598301,0.598222,0.473652,0.468464,0.598301
T40,orbium,0.01,0,13,40,0.155,0.019,GLIDER,GLIDER,GLIDER,True,0.47369,0.469308,0.597893,0.597832,0.473652,0.468464,0.598301
T40,orbium,0.01,1,13,40,0.155,0.019,GLIDER,GLIDER,GLIDER,True,0.473692,0.468268,0.597903,0.597841,0.473652,0.468464,0.598301
T40,orbium,0.01,2,13,40,0.155,0.019,GLIDER,GLIDER,GLIDER,True,0.473692,0.468229,0.597906,0.597844,0.473652,0.468464,0.598301
T40,orbium,0.01,3,13,40,0.155,0.019,GLIDER,GLIDER,GLIDER,True,0.473651,0.468451,0.598299,0.598218,0.473652,0.468464,0.598301
T40,orbium,0.01,4,13,40,0.155,0.019,GLIDER,GLIDER,GLIDER,True,0.473693,0.468485,0.597906,0.597844,0.473652,0.468464,0.598301
T40,orbium,0.01,5,13,40,0.155,0.019,GLIDER,GLIDER,GLIDER,True,0.473692,0.467602,0.597908,0.597846,0.473652,0.468464,0.598301
T40,orbium,0.03,0,13,40,0.155,0.019,GLIDER,GLIDER,GLIDER,True,0.473692,0.468183,0.597905,0.597844,0.473652,0.468464,0.598301
T40,orbium,0.03,1,13,40,0.155,0.019,GLIDER,GLIDER,GLIDER,True,0.473695,0.468984,0.597884,0.597823,0.473652,0.468464,0.598301
T40,orbium,0.03,2,13,40,0.155,0.019,GLIDER,GLIDER,GLIDER,True,0.473691,0.469354,0.597885,0.597824,0.473652,0.468464,0.598301
T40,orbium,0.03,3,13,40,0.155,0.019,GLIDER,GLIDER,GLIDER,True,0.473692,0.467605,0.597899,0.597838,0.473652,0.468464,0.598301
T40,orbium,0.03,4,13,40,0.155,0.019,GLIDER,GLIDER,GLIDER,True,0.473694,0.468239,0.597889,0.597828,0.473652,0.468464,0.598301
T40,orbium,0.03,5,13,40,0.155,0.019,GLIDER,GLIDER,GLIDER,True,0.473651,0.468101,0.598301,0.598221,0.473652,0.468464,0.598301
T40,orbium,0.1,0,13,40,0.155,0.019,GLIDER,GLIDER,GLIDER,True,0.473692,0.468284,0.597904,0.597842,0.473652,0.468464,0.598301
T40,orbium,0.1,1,13,40,0.155,0.019,DIED,DIED,DIED,False,0,nan,0,0,0.473652,0.468464,0.598301
T40,orbium,0.1,2,13,40,0.155,0.019,GLIDER,GLIDER,GLIDER,True,0.473691,0.468265,0.597926,0.597864,0.473652,0.468464,0.598301
T40,orbium,0.1,3,13,40,0.155,0.019,GLIDER,GLIDER,GLIDER,True,0.473693,0.469167,0.597888,0.597826,0.473652,0.468464,0.598301
T40,orbium,0.1,4,13,40,0.155,0.019,GLIDER,GLIDER,GLIDER,True,0.473693,0.468375,0.597911,0.597849,0.473652,0.468464,0.598301
T40,orbium,0.1,5,13,40,0.155,0.019,GLIDER,GLIDER,GLIDER,True,0.473691,0.467889,0.597916,0.597855,0.473652,0.468464,0.598301
T40,orbium,0.3,0,13,40,0.155,0.019,DIED,DIED,DIED,False,0,nan,0,0,0.473652,0.468464,0.598301
T40,orbium,0.3,1,13,40,0.155,0.019,DIED,DIED,DIED,False,0,nan,0,0,0.473652,0.468464,0.598301
T40,orbium,0.3,2,13,40,0.155,0.019,DIED,DIED,DIED,False,0,nan,0,0,0.473652,0.468464,0.598301
T40,orbium,0.3,3,13,40,0.155,0.019,DIED,DIED,DIED,False,0,nan,0,0,0.473652,0.468464,0.598301
T40,orbium,0.3,4,13,40,0.155,0.019,STATIC,STATIC,STATIC,False,0.366018,0.371746,0.00164055,3.94049e-05,0.473652,0.468464,0.598301
T40,orbium,0.3,5,13,40,0.155,0.019,DIED,DIED,DIED,False,0,nan,0,0,0.473652,0.468464,0.598301
T40,circler,0,-1,13,40,0.155,0.019,CIRCLER,CIRCLER,CIRCLER,True,0.482997,0.488575,0.542528,0.00396632,0.482997,0.488575,0.542528
T40,circler,0.01,0,13,40,0.155,0.019,CIRCLER,CIRCLER,CIRCLER,True,0.483305,0.486955,0.540722,0.00364852,0.482997,0.488575,0.542528
T40,circler,0.01,1,13,40,0.155,0.019,STATIC,STATIC,STATIC,False,0.365756,0.371908,0.00154191,6.15166e-05,0.482997,0.488575,0.542528
T40,circler,0.01,2,13,40,0.155,0.019,DIED,DIED,DIED,False,0,nan,0,0,0.482997,0.488575,0.542528
T40,circler,0.01,3,13,40,0.155,0.019,CIRCLER,CIRCLER,CIRCLER,True,0.482822,0.484282,0.543183,0.00257622,0.482997,0.488575,0.542528
T40,circler,0.01,4,13,40,0.155,0.019,DIED,DIED,DIED,False,0,nan,0,0,0.482997,0.488575,0.542528
T40,circler,0.01,5,13,40,0.155,0.019,CIRCLER,CIRCLER,CIRCLER,True,0.482838,0.485045,0.544004,0.0023411,0.482997,0.488575,0.542528
T40,circler,0.03,0,13,40,0.155,0.019,CIRCLER,CIRCLER,DIED,False,0,nan,0,0,0.482997,0.488575,0.542528
T40,circler,0.03,1,13,40,0.155,0.019,CIRCLER,CIRCLER,DIED,False,0,nan,0,0,0.482997,0.488575,0.542528
T40,circler,0.03,2,13,40,0.155,0.019,CIRCLER,DIED,DIED,False,0,nan,0,0,0.482997,0.488575,0.542528
T40,circler,0.03,3,13,40,0.155,0.019,CIRCLER,FILLED,FILLED,False,20.3692,4.01012,0.129717,0.0105736,0.482997,0.488575,0.542528
T40,circler,0.03,4,13,40,0.155,0.019,CIRCLER,DIED,DIED,False,0,nan,0,0,0.482997,0.488575,0.542528
T40,circler,0.03,5,13,40,0.155,0.019,CIRCLER,CIRCLER,CIRCLER,True,0.482688,0.485795,0.544265,0.00310901,0.482997,0.488575,0.542528
T40,circler,0.1,0,13,40,0.155,0.019,CIRCLER,CIRCLER,CIRCLER,True,0.48295,0.490917,0.542205,0.00527728,0.482997,0.488575,0.542528
T40,circler,0.1,1,13,40,0.155,0.019,CIRCLER,DIED,DIED,False,0,nan,0,0,0.482997,0.488575,0.542528
T40,circler,0.1,2,13,40,0.155,0.019,FILLED,FILLED,FILLED,False,20.5611,4.01167,0.2181,0.00815084,0.482997,0.488575,0.542528
T40,circler,0.1,3,13,40,0.155,0.019,CIRCLER,CIRCLER,CIRCLER,True,0.482835,0.491644,0.541941,0.00310008,0.482997,0.488575,0.542528
T40,circler,0.1,4,13,40,0.155,0.019,CIRCLER,CIRCLER,CIRCLER,True,0.482771,0.486923,0.543685,0.00196224,0.482997,0.488575,0.542528
T40,circler,0.1,5,13,40,0.155,0.019,CIRCLER,CIRCLER,CIRCLER,True,0.483064,0.49081,0.542345,0.00452375,0.482997,0.488575,0.542528
T40,circler,0.3,0,13,40,0.155,0.019,STATIC,STATIC,STATIC,False,0.366064,0.37504,0.00156015,7.78911e-05,0.482997,0.488575,0.542528
T40,circler,0.3,1,13,40,0.155,0.019,DIED,DIED,DIED,False,0,nan,0,0,0.482997,0.488575,0.542528
T40,circler,0.3,2,13,40,0.155,0.019,STATIC,STATIC,STATIC,False,0.366265,0.373065,0.00178097,6.74253e-05,0.482997,0.488575,0.542528
T40,circler,0.3,3,13,40,0.155,0.019,DIED,DIED,DIED,False,0,nan,0,0,0.482997,0.488575,0.542528
T40,circler,0.3,4,13,40,0.155,0.019,DIED,DIED,DIED,False,0,nan,0,0,0.482997,0.488575,0.542528
T40,circler,0.3,5,13,40,0.155,0.019,DIED,DIED,DIED,False,0,nan,0,0,0.482997,0.488575,0.542528
T40,ring,0,-1,13,40,0.155,0.019,STATIC,STATIC,STATIC,True,0.365848,0.373525,0.0014671,2.80473e-05,0.365848,0.373525,0.0014671
T40,ring,0.01,0,13,40,0.155,0.019,STATIC,STATIC,STATIC,False,0.3656,0.370787,0.00165952,5.24443e-05,0.365848,0.373525,0.0014671
T40,ring,0.01,1,13,40,0.155,0.019,STATIC,STATIC,STATIC,False,0.366188,0.375781,0.00168383,4.9087e-05,0.365848,0.373525,0.0014671
T40,ring,0.01,2,13,40,0.155,0.019,STATIC,STATIC,STATIC,False,0.366083,0.376129,0.00145396,6.65005e-05,0.365848,0.373525,0.0014671
T40,ring,0.01,3,13,40,0.155,0.019,STATIC,STATIC,STATIC,False,0.365666,0.371718,0.00145875,4.44744e-05,0.365848,0.373525,0.0014671
T40,ring,0.01,4,13,40,0.155,0.019,STATIC,STATIC,STATIC,False,0.36619,0.375477,0.0017085,7.22426e-05,0.365848,0.373525,0.0014671
T40,ring,0.01,5,13,40,0.155,0.019,STATIC,STATIC,STATIC,False,0.365989,0.373943,0.00158313,1.58364e-05,0.365848,0.373525,0.0014671
T40,ring,0.03,0,13,40,0.155,0.019,STATIC,STATIC,STATIC,False,0.365634,0.370978,0.0014189,6.91173e-05,0.365848,0.373525,0.0014671
T40,ring,0.03,1,13,40,0.155,0.019,STATIC,STATIC,STATIC,False,0.366174,0.373798,0.00147773,6.05655e-05,0.365848,0.373525,0.0014671
T40,ring,0.03,2,13,40,0.155,0.019,STATIC,STATIC,STATIC,False,0.366094,0.370987,0.00170477,6.61194e-05,0.365848,0.373525,0.0014671
T40,ring,0.03,3,13,40,0.155,0.019,STATIC,STATIC,STATIC,False,0.365905,0.372337,0.00159012,6.52406e-05,0.365848,0.373525,0.0014671
T40,ring,0.03,4,13,40,0.155,0.019,STATIC,STATIC,STATIC,False,0.366212,0.371903,0.00171109,2.87845e-05,0.365848,0.373525,0.0014671
T40,ring,0.03,5,13,40,0.155,0.019,STATIC,STATIC,STATIC,False,0.36572,0.371902,0.00127626,0.000116717,0.365848,0.373525,0.0014671
T40,ring,0.1,0,13,40,0.155,0.019,STATIC,STATIC,STATIC,False,0.366052,0.374109,0.00145893,9.84121e-05,0.365848,0.373525,0.0014671
T40,ring,0.1,1,13,40,0.155,0.019,STATIC,STATIC,STATIC,False,0.365976,0.374379,0.00145685,0.000157744,0.365848,0.373525,0.0014671
T40,ring,0.1,2,13,40,0.155,0.019,STATIC,STATIC,STATIC,False,0.365761,0.370376,0.00148161,9.34881e-05,0.365848,0.373525,0.0014671
T40,ring,0.1,3,13,40,0.155,0.019,STATIC,STATIC,STATIC,False,0.366163,0.373788,0.00159534,7.13727e-06,0.365848,0.373525,0.0014671
T40,ring,0.1,4,13,40,0.155,0.019,STATIC,STATIC,STATIC,False,0.366073,0.376553,0.00138716,0.000100702,0.365848,0.373525,0.0014671
T40,ring,0.1,5,13,40,0.155,0.019,DIED,DIED,DIED,False,0,nan,0,0,0.365848,0.373525,0.0014671
T40,ring,0.3,0,13,40,0.155,0.019,STATIC,STATIC,STATIC,False,0.365499,0.376245,0.00122525,0.000264957,0.365848,0.373525,0.0014671
T40,ring,0.3,1,13,40,0.155,0.019,STATIC,STATIC,STATIC,False,0.365522,0.375236,0.00142001,0.000183884,0.365848,0.373525,0.0014671
T40,ring,0.3,2,13,40,0.155,0.019,STATIC,STATIC,STATIC,False,0.366578,0.375707,0.00179111,0.000119573,0.365848,0.373525,0.0014671
T40,ring,0.3,3,13,40,0.155,0.019,STATIC,STATIC,STATIC,False,0.366244,0.374433,0.00144799,0.000167843,0.365848,0.373525,0.0014671
T40,ring,0.3,4,13,40,0.155,0.019,STATIC,STATIC,STATIC,False,0.365735,0.372083,0.00136218,0.000182356,0.365848,0.373525,0.0014671
T40,ring,0.3,5,13,40,0.155,0.019,STATIC,STATIC,STATIC,False,0.3658,0.371672,0.00128117,0.000217589,0.365848,0.373525,0.0014671
