variant,seed,eps,rep,R,T,mu,sigma,class_250tu,class_500tu,class_1000tu,class_2000tu,returns,mass,gyr,path_speed,speed,ref_mass,ref_gyr,ref_path_speed
primary,orbium,0,-1,13,10,0.155,0.02,GLIDER,GLIDER,GLIDER,GLIDER,True,0.487281,0.4791,0.548416,0.548392,0.487281,0.4791,0.548416
primary,orbium,0.01,0,13,10,0.155,0.02,GLIDER,GLIDER,GLIDER,GLIDER,True,0.48728,0.477631,0.548428,0.548405,0.487281,0.4791,0.548416
primary,orbium,0.01,1,13,10,0.155,0.02,GLIDER,GLIDER,GLIDER,GLIDER,True,0.487286,0.476857,0.548436,0.548414,0.487281,0.4791,0.548416
primary,orbium,0.01,2,13,10,0.155,0.02,GLIDER,GLIDER,GLIDER,GLIDER,True,0.487281,0.479148,0.548422,0.548399,0.487281,0.4791,0.548416
primary,orbium,0.01,3,13,10,0.155,0.02,GLIDER,GLIDER,GLIDER,GLIDER,True,0.487288,0.477974,0.548427,0.548405,0.487281,0.4791,0.548416
primary,orbium,0.01,4,13,10,0.155,0.02,GLIDER,GLIDER,GLIDER,GLIDER,True,0.487282,0.47906,0.548408,0.548385,0.487281,0.4791,0.548416
primary,orbium,0.01,5,13,10,0.155,0.02,GLIDER,GLIDER,GLIDER,GLIDER,True,0.487278,0.477161,0.548437,0.548414,0.487281,0.4791,0.548416
primary,orbium,0.03,0,13,10,0.155,0.02,GLIDER,GLIDER,GLIDER,GLIDER,True,0.487286,0.476238,0.548432,0.548409,0.487281,0.4791,0.548416
primary,orbium,0.03,1,13,10,0.155,0.02,GLIDER,GLIDER,GLIDER,GLIDER,True,0.487279,0.476218,0.548404,0.548381,0.487281,0.4791,0.548416
primary,orbium,0.03,2,13,10,0.155,0.02,GLIDER,GLIDER,GLIDER,GLIDER,True,0.487285,0.477108,0.548429,0.548406,0.487281,0.4791,0.548416
primary,orbium,0.03,3,13,10,0.155,0.02,GLIDER,GLIDER,GLIDER,GLIDER,True,0.487287,0.47687,0.548439,0.548416,0.487281,0.4791,0.548416
primary,orbium,0.03,4,13,10,0.155,0.02,GLIDER,GLIDER,GLIDER,GLIDER,True,0.487287,0.476531,0.548445,0.548422,0.487281,0.4791,0.548416
primary,orbium,0.03,5,13,10,0.155,0.02,GLIDER,GLIDER,GLIDER,GLIDER,True,0.487282,0.478557,0.548416,0.548394,0.487281,0.4791,0.548416
primary,orbium,0.1,0,13,10,0.155,0.02,GLIDER,GLIDER,GLIDER,GLIDER,True,0.487284,0.476613,0.548443,0.54842,0.487281,0.4791,0.548416
primary,orbium,0.1,1,13,10,0.155,0.02,GLIDER,GLIDER,GLIDER,GLIDER,True,0.487284,0.477207,0.548441,0.548418,0.487281,0.4791,0.548416
primary,orbium,0.1,2,13,10,0.155,0.02,GLIDER,GLIDER,GLIDER,GLIDER,True,0.487287,0.477961,0.54843,0.548407,0.487281,0.4791,0.548416
primary,orbium,0.1,3,13,10,0.155,0.02,GLIDER,GLIDER,GLIDER,GLIDER,True,0.487352,0.477513,0.548413,0.548381,0.487281,0.4791,0.548416
primary,orbium,0.1,4,13,10,0.155,0.02,GLIDER,GLIDER,GLIDER,GLIDER,True,0.487286,0.478436,0.548429,0.548407,0.487281,0.4791,0.548416
primary,orbium,0.1,5,13,10,0.155,0.02,GLIDER,GLIDER,GLIDER,GLIDER,True,0.487287,0.476946,0.548434,0.548412,0.487281,0.4791,0.548416
primary,orbium,0.3,0,13,10,0.155,0.02,DIED,DIED,DIED,DIED,False,0,nan,0,0,0.487281,0.4791,0.548416
primary,orbium,0.3,1,13,10,0.155,0.02,DIED,DIED,DIED,DIED,False,0,nan,0,0,0.487281,0.4791,0.548416
primary,orbium,0.3,2,13,10,0.155,0.02,DIED,DIED,DIED,DIED,False,0,nan,0,0,0.487281,0.4791,0.548416
primary,orbium,0.3,3,13,10,0.155,0.02,DIED,DIED,DIED,DIED,False,0,nan,0,0,0.487281,0.4791,0.548416
primary,orbium,0.3,4,13,10,0.155,0.02,DIED,DIED,DIED,DIED,False,0,nan,0,0,0.487281,0.4791,0.548416
primary,orbium,0.3,5,13,10,0.155,0.02,DIED,DIED,DIED,DIED,False,0,nan,0,0,0.487281,0.4791,0.548416
primary,circler,0,-1,13,10,0.155,0.02,CIRCLER,CIRCLER,CIRCLER,CIRCLER,True,0.5224,0.519299,0.498939,0.00465305,0.5224,0.519299,0.498939
primary,circler,0.01,0,13,10,0.155,0.02,CIRCLER,CIRCLER,DIED,DIED,False,0,nan,0,0,0.5224,0.519299,0.498939
primary,circler,0.01,1,13,10,0.155,0.02,CIRCLER,CIRCLER,CIRCLER,CIRCLER,False,0.523101,0.513894,0.498025,0.00411532,0.5224,0.519299,0.498939
primary,circler,0.01,2,13,10,0.155,0.02,CIRCLER,CIRCLER,CIRCLER,CIRCLER,False,0.522347,0.513032,0.499327,0.00570706,0.5224,0.519299,0.498939
primary,circler,0.01,3,13,10,0.155,0.02,CIRCLER,CIRCLER,DIED,DIED,False,0,nan,0,0,0.5224,0.519299,0.498939
primary,circler,0.01,4,13,10,0.155,0.02,CIRCLER,CIRCLER,CIRCLER,CIRCLER,True,0.522626,0.519066,0.497788,0.00415524,0.5224,0.519299,0.498939
primary,circler,0.01,5,13,10,0.155,0.02,CIRCLER,CIRCLER,CIRCLER,CIRCLER,False,0.522442,0.513747,0.498595,0.00555152,0.5224,0.519299,0.498939
primary,circler,0.03,0,13,10,0.155,0.02,CIRCLER,CIRCLER,CIRCLER,CIRCLER,True,0.522742,0.520333,0.498003,0.00336186,0.5224,0.519299,0.498939
primary,circler,0.03,1,13,10,0.155,0.02,CIRCLER,CIRCLER,CIRCLER,DIED,False,0,nan,0,0,0.5224,0.519299,0.498939
primary,circler,0.03,2,13,10,0.155,0.02,CIRCLER,CIRCLER,CIRCLER,CIRCLER,False,0.522475,0.513657,0.498621,0.0054899,0.5224,0.519299,0.498939
primary,circler,0.03,3,13,10,0.155,0.02,CIRCLER,CIRCLER,CIRCLER,CIRCLER,False,0.522525,0.510873,0.498156,0.00532138,0.5224,0.519299,0.498939
primary,circler,0.03,4,13,10,0.155,0.02,CIRCLER,CIRCLER,CIRCLER,CIRCLER,True,0.522718,0.515231,0.49789,0.00555031,0.5224,0.519299,0.498939
primary,circler,0.03,5,13,10,0.155,0.02,CIRCLER,CIRCLER,DIED,DIED,False,0,nan,0,0,0.5224,0.519299,0.498939
primary,circler,0.1,0,13,10,0.155,0.02,CIRCLER,CIRCLER,CIRCLER,CIRCLER,False,0.522649,0.508079,0.498684,0.00506875,0.5224,0.519299,0.498939
primary,circler,0.1,1,13,10,0.155,0.02,CIRCLER,CIRCLER,CIRCLER,CIRCLER,False,0.522605,0.506743,0.498912,0.00630137,0.5224,0.519299,0.498939
primary,circler,0.1,2,13,10,0.155,0.02,CIRCLER,CIRCLER,CIRCLER,CIRCLER,False,0.52199,0.513789,0.498699,0.00546566,0.5224,0.519299,0.498939
primary,circler,0.1,3,13,10,0.155,0.02,CIRCLER,CIRCLER,CIRCLER,CIRCLER,False,0.522966,0.512822,0.49772,0.00527865,0.5224,0.519299,0.498939
primary,circler,0.1,4,13,10,0.155,0.02,CIRCLER,CIRCLER,CIRCLER,CIRCLER,True,0.522632,0.514698,0.498101,0.00464389,0.5224,0.519299,0.498939
primary,circler,0.1,5,13,10,0.155,0.02,CIRCLER,CIRCLER,CIRCLER,DIED,False,0,nan,0,0,0.5224,0.519299,0.498939
primary,circler,0.3,0,13,10,0.155,0.02,DIED,DIED,DIED,DIED,False,0,nan,0,0,0.5224,0.519299,0.498939
primary,circler,0.3,1,13,10,0.155,0.02,DIED,DIED,DIED,DIED,False,0,nan,0,0,0.5224,0.519299,0.498939
primary,circler,0.3,2,13,10,0.155,0.02,DIED,DIED,DIED,DIED,False,0,nan,0,0,0.5224,0.519299,0.498939
primary,circler,0.3,3,13,10,0.155,0.02,DIED,DIED,DIED,DIED,False,0,nan,0,0,0.5224,0.519299,0.498939
primary,circler,0.3,4,13,10,0.155,0.02,DIED,DIED,DIED,DIED,False,0,nan,0,0,0.5224,0.519299,0.498939
primary,circler,0.3,5,13,10,0.155,0.02,DIED,DIED,DIED,DIED,False,0,nan,0,0,0.5224,0.519299,0.498939
primary,ring,0,-1,13,10,0.155,0.02,STATIC,STATIC,STATIC,STATIC,True,0.378698,0.387307,0,0,0.378698,0.387307,0
primary,ring,0.01,0,13,10,0.155,0.02,STATIC,STATIC,STATIC,STATIC,True,0.378698,0.387307,0,0,0.378698,0.387307,0
primary,ring,0.01,1,13,10,0.155,0.02,STATIC,STATIC,STATIC,STATIC,True,0.378698,0.387307,0,0,0.378698,0.387307,0
primary,ring,0.01,2,13,10,0.155,0.02,STATIC,STATIC,STATIC,STATIC,True,0.378698,0.387307,0,0,0.378698,0.387307,0
primary,ring,0.01,3,13,10,0.155,0.02,STATIC,STATIC,STATIC,STATIC,True,0.378698,0.387307,0,0,0.378698,0.387307,0
primary,ring,0.01,4,13,10,0.155,0.02,STATIC,STATIC,STATIC,STATIC,True,0.378698,0.387307,0,0,0.378698,0.387307,0
primary,ring,0.01,5,13,10,0.155,0.02,STATIC,STATIC,STATIC,STATIC,True,0.378698,0.387307,0,0,0.378698,0.387307,0
primary,ring,0.03,0,13,10,0.155,0.02,STATIC,STATIC,STATIC,STATIC,True,0.378698,0.387307,0,0,0.378698,0.387307,0
primary,ring,0.03,1,13,10,0.155,0.02,STATIC,STATIC,STATIC,STATIC,True,0.378698,0.387307,0,0,0.378698,0.387307,0
primary,ring,0.03,2,13,10,0.155,0.02,STATIC,STATIC,STATIC,STATIC,True,0.378698,0.387307,0,0,0.378698,0.387307,0
primary,ring,0.03,3,13,10,0.155,0.02,STATIC,STATIC,STATIC,STATIC,True,0.378698,0.387307,0,0,0.378698,0.387307,0
primary,ring,0.03,4,13,10,0.155,0.02,STATIC,STATIC,STATIC,STATIC,True,0.378698,0.387307,0,0,0.378698,0.387307,0
primary,ring,0.03,5,13,10,0.155,0.02,STATIC,STATIC,STATIC,STATIC,True,0.378698,0.387307,0,0,0.378698,0.387307,0
primary,ring,0.1,0,13,10,0.155,0.02,STATIC,STATIC,STATIC,STATIC,True,0.378698,0.387307,0,0,0.378698,0.387307,0
primary,ring,0.1,1,13,10,0.155,0.02,STATIC,STATIC,STATIC,STATIC,True,0.378698,0.387307,0,0,0.378698,0.387307,0
primary,ring,0.1,2,13,10,0.155,0.02,STATIC,STATIC,STATIC,STATIC,True,0.378698,0.387307,0,0,0.378698,0.387307,0
primary,ring,0.1,3,13,10,0.155,0.02,STATIC,STATIC,STATIC,STATIC,True,0.378698,0.387307,0,0,0.378698,0.387307,0
primary,ring,0.1,4,13,10,0.155,0.02,STATIC,STATIC,STATIC,STATIC,True,0.378698,0.387307,0,0,0.378698,0.387307,0
primary,ring,0.1,5,13,10,0.155,0.02,STATIC,STATIC,STATIC,STATIC,True,0.378698,0.387307,0,0,0.378698,0.387307,0
primary,ring,0.3,0,13,10,0.155,0.02,STATIC,STATIC,STATIC,STATIC,True,0.378698,0.387307,0,0,0.378698,0.387307,0
primary,ring,0.3,1,13,10,0.155,0.02,STATIC,STATIC,STATIC,STATIC,True,0.378698,0.387307,0,0,0.378698,0.387307,0
primary,ring,0.3,2,13,10,0.155,0.02,STATIC,STATIC,STATIC,STATIC,True,0.378698,0.387307,0,0,0.378698,0.387307,0
primary,ring,0.3,3,13,10,0.155,0.02,STATIC,STATIC,STATIC,STATIC,True,0.378698,0.387307,0,0,0.378698,0.387307,0
primary,ring,0.3,4,13,10,0.155,0.02,STATIC,STATIC,STATIC,STATIC,True,0.378698,0.387307,0,0,0.378698,0.387307,0
primary,ring,0.3,5,13,10,0.155,0.02,STATIC,STATIC,STATIC,STATIC,True,0.378698,0.387307,0,0,0.378698,0.387307,0
