specimen,property,specimen_status,B,T20,T40,T80,R26,R39,C,label,x_inf_T,e_T,e_R,conv_T,conv_R,separable,pred_C
S001,mass,persists everywhere,0.435804,0.432335,0.429589,0.427789,0.435886,0.435888,0.429608,NOT-CONVERGED (T),0.425988,0.0230427,0.000192368,False,True,True,0.429671
S001,gyradius,persists everywhere,0.437642,0.437695,0.437617,0.437515,0.437547,0.437553,0.437583,NOT-CONVERGED (T),0.437414,0.000520653,0.000204123,False,True,True,0.437521
S001,net_speed,persists everywhere,0.479408,0.513728,0.536878,0.551454,0.479655,0.479668,0.53711,DISCRETISATION-BIASED (T),0.566029,0.153034,0.000541685,True,True,True,0.537126
S001,mass_rel_sd,persists everywhere,0.00256229,0.000891715,0.00145536,0.00129148,0.000550973,0.000240327,0.00021918,"DISCRETISATION-BIASED (T, R)",0.00112759,1.27236,9.66167,True,True,False,-0.000555949
S101,mass,persists everywhere,0.873635,0.864874,0.864231,0.862351,0.873764,0.873765,0.864344,CONTINUUM-STABLE,0.860471,0.0152985,0.000148636,True,True,True,0.864361
S101,gyradius,persists everywhere,0.815066,0.816799,0.815511,0.816153,0.814644,0.814644,0.815328,CONTINUUM-STABLE,0.816794,0.00211538,0.000518399,True,True,True,0.815089
S101,net_speed,persists everywhere,0.472656,0.500801,0.508414,0.516238,0.472354,0.472352,0.508478,DISCRETISATION-BIASED (T),0.524063,0.0980917,0.000644266,True,True,True,0.508112
S101,mass_rel_sd,persists everywhere,0.00130853,0.00102204,0.00503589,0.00627919,0.000456399,0.000131829,0.00468453,NOT-CONVERGED (T),0.0075225,0.826051,8.92599,False,True,False,0.00418375
S102,mass,persists everywhere,0.522333,0.505752,0.497361,0.493385,0.523439,0.523442,0.496699,DISCRETISATION-BIASED (T),0.48941,0.0672721,0.00211776,True,True,True,0.498467
S102,gyradius,persists everywhere,0.515638,0.504402,0.498563,0.495787,0.516291,0.516289,0.497943,DISCRETISATION-BIASED (T),0.49301,0.0458985,0.00126033,True,True,True,0.499216
S102,turning_rate,persists everywhere,94.7856,103.956,109.466,112.496,94.8766,94.8791,109.806,DISCRETISATION-BIASED (T),115.526,0.179532,0.000985721,True,True,True,109.557
S102,path_speed,persists everywhere,0.443157,0.469056,0.482459,0.490379,0.445259,0.445255,0.484784,DISCRETISATION-BIASED (T),0.498299,0.110661,0.00471138,True,True,True,0.484562
S102,mass_rel_sd,persists everywhere,0.018693,0.0173768,0.0171333,0.0174665,0.0158368,0.0157927,0.0146561,"DISCRETISATION-BIASED (T, R)",0.0177997,0.0501833,0.183643,True,True,False,0.0142771
S103,mass,persists everywhere,0.378698,0.378698,0.378698,0.378698,0.380599,0.374835,0.380575,NOT-CONVERGED (R),0.378698,0,0.0103063,True,False,True,0.380599
S103,gyradius,persists everywhere,0.387307,0.387307,0.387307,0.387307,0.38593,0.382131,0.385913,NOT-CONVERGED (R),0.387307,0,0.013543,True,False,True,0.38593
S103,fixed_point,persists everywhere,True,True,True,True,False,False,False,"yes at B, T20, T40, T80; no at R26, R39, C",,,,,,,
