s,f,phase,N,n_pair,mass,fate
0.2,0.0,0,256,2,0.87151,localized
0.2,0.25,0,256,2,0.87397,localized
0.3,0.0,0,256,2,0.87152,localized
0.3,0.25,0,256,0,0.0,died
0.2,0.0,1,256,2,0.87152,localized
0.2,0.25,1,256,2,0.87379,localized
0.3,0.0,1,256,0,0.55656,died
0.3,0.25,1,256,0,0.0,died
0.2,0.0,2,256,2,0.87174,localized
0.2,0.25,2,256,2,0.87456,localized
0.3,0.0,2,256,2,0.87152,localized
0.3,0.25,2,256,0,0.0,died
0.2,0.0,3,256,2,0.87172,localized
0.2,0.25,3,256,2,0.87377,localized
0.3,0.0,3,256,0,0.56189,died
0.3,0.25,3,256,0,0.0,died
0.2,0.0,4,256,2,0.87171,localized
0.2,0.25,4,256,2,0.87358,localized
0.3,0.0,4,256,2,0.87151,localized
0.3,0.25,4,256,2,0.8717,localized
