s,phase,side,n_full,mass_mean,speed,fate
0.1,0,port,1,0.43585,0.4795,localized
0.1,0,starboard,1,0.43571,0.4798,localized
0.2,0,port,1,0.43593,0.4787,localized
0.2,0,starboard,1,0.43584,0.4795,localized
0.3,0,port,1,0.43591,0.4794,localized
0.3,0,starboard,1,0.4358,0.4794,localized
0.4,0,port,0,0,0,died
0.4,0,starboard,0,0,0,died
0.5,0,port,0,0,0,died
0.5,0,starboard,0,0,0,died
0.6,0,port,0,0,0,died
0.6,0,starboard,0,0,0,died
0.7,0,port,0,0,0,died
0.7,0,starboard,0,0,0,died
0.8,0,port,1,0.43584,0.4795,localized
0.8,0,starboard,1,0.43571,0.4797,localized
0.9,0,port,0,0,0,died
0.9,0,starboard,1,0.43586,0.4795,localized
1.0,0,port,0,0,0,died
1.0,0,starboard,0,0,0,died
0.1,1,port,1,0.43586,0.4795,localized
0.1,1,starboard,1,0.43571,0.4797,localized
0.2,1,port,1,0.43592,0.4786,localized
0.2,1,starboard,1,0.43585,0.4794,localized
0.3,1,port,1,0.43591,0.4795,localized
0.3,1,starboard,1,0.4358,0.4794,localized
0.4,1,port,0,0,0,died
0.4,1,starboard,0,0,0,died
0.5,1,port,0,0,0,died
0.5,1,starboard,0,0,0,died
0.6,1,port,0,0,0,died
0.6,1,starboard,0,0,0,died
0.7,1,port,0,0,0,died
0.7,1,starboard,0,0,0,died
0.8,1,port,0,0,0,died
0.8,1,starboard,1,0.43584,0.4795,localized
0.9,1,port,0,0,0,died
0.9,1,starboard,0,0,0,died
1.0,1,port,0,0,0,died
1.0,1,starboard,0,0,0,died
0.1,2,port,1,0.43586,0.4796,localized
0.1,2,starboard,1,0.43571,0.4797,localized
0.2,2,port,1,0.43593,0.4788,localized
0.2,2,starboard,1,0.43584,0.4795,localized
0.3,2,port,1,0.43591,0.4793,localized
0.3,2,starboard,1,0.43588,0.4796,localized
0.4,2,port,0,0,0,died
0.4,2,starboard,0,0,0,died
0.5,2,port,0,0,0,died
0.5,2,starboard,0,0,0,died
0.6,2,port,0,0,0,died
0.6,2,starboard,0,0,0,died
0.7,2,port,0,0,0,died
0.7,2,starboard,0,0,0,died
0.8,2,port,1,0.43571,0.4797,localized
0.8,2,starboard,1,0.43584,0.4794,localized
0.9,2,port,1,0.4361,0.4779,localized
0.9,2,starboard,1,0.43551,0.474,localized
1.0,2,port,0,0,0,died
1.0,2,starboard,0,0,0,died
0.1,3,port,1,0.43585,0.4795,localized
0.1,3,starboard,1,0.43571,0.4797,localized
0.2,3,port,1,0.43572,0.4798,localized
0.2,3,starboard,1,0.43584,0.4795,localized
0.3,3,port,1,0.4359,0.4793,localized
0.3,3,starboard,1,0.43585,0.4795,localized
0.4,3,port,1,0.4359,0.4794,localized
0.4,3,starboard,0,0,0,died
0.5,3,port,0,0,0,died
0.5,3,starboard,0,0,0,died
0.6,3,port,0,0,0,died
0.6,3,starboard,0,0,0,died
0.7,3,port,0,0,0,died
0.7,3,starboard,0,0,0,died
0.8,3,port,1,0.43571,0.4798,localized
0.8,3,starboard,0,0,0,died
0.9,3,port,0,0,0,died
0.9,3,starboard,0,0,0,died
1.0,3,port,0,0,0,died
1.0,3,starboard,0,0,0,died
0.1,4,port,1,0.43585,0.4795,localized
0.1,4,starboard,1,0.43572,0.4798,localized
0.2,4,port,1,0.43571,0.4798,localized
0.2,4,starboard,1,0.43586,0.4795,localized
0.3,4,port,1,0.43591,0.4796,localized
0.3,4,starboard,1,0.4358,0.4794,localized
0.4,4,port,1,0.43571,0.4798,localized
0.4,4,starboard,0,0,0,died
0.5,4,port,0,0,0,died
0.5,4,starboard,0,0,0,died
0.6,4,port,0,0,0,died
0.6,4,starboard,0,0,0,died
0.7,4,port,0,0,0,died
0.7,4,starboard,0,0,0,died
0.8,4,port,1,0.43592,0.4788,localized
0.8,4,starboard,0,0,0,died
0.9,4,port,0,0,0,died
0.9,4,starboard,0,0,0,died
1.0,4,port,0,0,0,died
1.0,4,starboard,0,0,0,died
