run_id,intervention,strength,t0,label_survive,class,gate_dmass,F1_k0,F2_k0,F3_k0,F4_k0,F5_k0,mass_k0,F1_k5,F2_k5,F3_k5,F4_k5,F5_k5,F6_k5,mass_k5,F1_k10,F2_k10,F3_k10,F4_k10,F5_k10,F6_k10,mass_k10,F1_k20,F2_k20,F3_k20,F4_k20,F5_k20,F6_k20,mass_k20
L4-001-I005-s0.000000-t1000-N128-ref,I005,0,1000,1,RECOVERED,1.49043849e-07,1,1,1,0,0,0.436949851,1,1,1,0,0,0.99722133,0.435735711,1,1,1,0,0,0.996237877,0.435305992,1,1,1,0,0,0.996519081,0.435428864
L4-001-I005-s0.000000-t1001-N128-ref,I005,0,1001,1,RECOVERED,1.5651773e-07,1,1,1,0,0,0.435428843,1,1,1,0,0,0.997597178,0.434382586,1,1,1,0,0,1.00157724,0.436115621,1,1,1,0,0,1.00474301,0.437494089
L4-001-I005-s0.000000-t1002-N128-ref,I005,0,1002,1,RECOVERED,1.6131038e-07,1,1,1,0,0,0.435179839,1,1,1,0,0,1.00031468,0.435316783,1,1,1,0,0,1.00575335,0.437683579,1,1,1,0,0,1.00317297,0.436560649
L4-001-I005-s0.000000-t1003-N128-ref,I005,0,1003,1,RECOVERED,3.41676067e-08,1,1,1,0,0,0.436221034,1,1,1,0,0,0.998441533,0.435541198,1,1,1,0,0,1.00286007,0.437468656,1,1,1,0,0,0.99754233,0.435148947
L4-001-I005-s0.000000-t1004-N128-ref,I005,0,1004,1,RECOVERED,1.96575319e-07,1,1,1,0,0,0.437120803,1,1,1,0,0,0.996552605,0.435613875,1,1,1,0,0,0.995631086,0.43521106,1,1,1,0,0,0.998503859,0.436466809
L4-001-I005-s0.025000-t1000-N128-ref,I005,0.025,1000,1,RECOVERED,1.49043849e-07,1,1,1,0,0,0.436949851,1,1,1,0,0,0.99722133,0.435735711,1,1,1,0,0,0.996237877,0.435305992,1,1,1,0,0,0.996519081,0.435428864
L4-001-I005-s0.025000-t1001-N128-ref,I005,0.025,1001,1,RECOVERED,7.63434959e-08,0.995101916,0.999080519,0.994047619,-0.00804960139,-0.00578986497,0.433296076,0.999958921,0.996200354,0.994252874,-0.00284504734,0.000812108631,1.00246636,0.434364741,1.00390412,1.00463915,1.00584795,0.00991104738,0.00577949523,1.01043673,0.437818269,1.00057265,0.99951615,1,0.00208692505,0.00195766845,1.01026675,0.43774462
L4-001-I005-s0.025000-t1002-N128-ref,I005,0.025,1002,1,RECOVERED,1.6131038e-07,1,1,1,0,0,0.435179839,1,1,1,0,0,1.00031468,0.435316783,1,1,1,0,0,1.00575335,0.437683579,1,1,1,0,0,1.00317297,0.436560649
L4-001-I005-s0.025000-t1003-N128-ref,I005,0.025,1003,1,RECOVERED,3.41676067e-08,1,1,1,0,0,0.436221034,1,1,1,0,0,0.998441533,0.435541198,1,1,1,0,0,1.00286007,0.437468656,1,1,1,0,0,0.99754233,0.435148947
L4-001-I005-s0.025000-t1004-N128-ref,I005,0.025,1004,1,RECOVERED,3.2163393e-07,0.995959641,0.999554618,0.994186047,-0.00600194175,-0.00456414431,0.435354678,0.998549459,0.99528074,1,-0.00629567135,-0.00152980141,0.999143965,0.434981999,1.00426197,1.00503993,0.976608187,0.0102011573,0.00690372333,1.00393068,0.437065917,0.999375106,0.997961229,1,-0.00205530013,-0.000762483941,1.00192805,0.436194064
L4-001-I005-s0.050000-t1000-N128-ref,I005,0.05,1000,1,RECOVERED,2.3204153e-08,0.990273878,0.998274262,0.988023952,-0.0159227789,-0.0115312121,0.432700023,0.999524529,0.992656594,0.976331361,-0.0066626445,0.000744942046,1.00653688,0.435528532,1.0055446,1.00910566,1.00595238,0.0196775278,0.0118627373,1.01160057,0.437719589,0.999759254,0.998646303,1.00595238,0.00132865519,0.00226097095,1.00606428,0.435324036
L4-001-I005-s0.050000-t1001-N128-ref,I005,0.05,1001,1,RECOVERED,7.63434959e-08,0.995101916,0.999080519,0.994047619,-0.00804960139,-0.00578986497,0.433296076,0.999958921,0.996200354,0.994252874,-0.00284504734,0.000812108631,1.00246636,0.434364741,1.00390412,1.00463915,1.00584795,0.00991104738,0.00577949523,1.01043673,0.437818269,1.00057265,0.99951615,1,0.00208692505,0.00195766845,1.01026675,0.43774462
L4-001-I005-s0.050000-t1002-N128-ref,I005,0.05,1002,1,RECOVERED,3.4967101e-07,0.99212696,0.999214011,0.988235294,-0.0113645232,-0.00866678283,0.43175365,0.997140779,0.991319766,0.988235294,-0.0115954035,-0.00278623408,1.00536988,0.434072116,1.00839601,1.00881132,1.01183432,0.0208394794,0.0139214748,1.02224584,0.441358375,0.996185219,0.99588059,1,-0.000870762075,-0.000111560954,1.00727641,0.434895266
L4-001-I005-s0.050000-t1003-N128-ref,I005,0.05,1003,1,RECOVERED,3.34946225e-07,0.995225587,0.999151482,0.99408284,-0.00784572842,-0.00558435663,0.434138335,0.99943644,0.994907825,1,-0.00377423671,0.000533535664,1.00266599,0.435295745,1.00482176,1.0060162,1.01734104,0.0114241564,0.00715631179,1.01252986,0.439578025,0.999830766,0.99789187,0.988372093,-0.00132651469,-0.000241604355,1.00215823,0.435075305
L4-001-I005-s0.050000-t1004-N128-ref,I005,0.05,1004,1,RECOVERED,3.2163393e-07,0.995959641,0.999554618,0.994186047,-0.00600194175,-0.00456414431,0.435354678,0.998549459,0.99528074,1,-0.00629567135,-0.00152980141,0.999143965,0.434981999,1.00426197,1.00503993,0.976608187,0.0102011573,0.00690372333,1.00393068,0.437065917,0.999375106,0.997961229,1,-0.00205530013,-0.000762483941,1.00192805,0.436194064
L4-001-I005-s0.075000-t1000-N128-ref,I005,0.075,1000,1,RECOVERED,2.3204153e-08,0.990273878,0.998274262,0.988023952,-0.0159227789,-0.0115312121,0.432700023,0.999524529,0.992656594,0.976331361,-0.0066626445,0.000744942046,1.00653688,0.435528532,1.0055446,1.00910566,1.00595238,0.0196775278,0.0118627373,1.01160057,0.437719589,0.999759254,0.998646303,1.00595238,0.00132865519,0.00226097095,1.00606428,0.435324036
L4-001-I005-s0.075000-t1001-N128-ref,I005,0.075,1001,1,RECOVERED,4.48694733e-07,0.98758834,0.99848861,0.982142857,-0.0183353651,-0.0137895507,0.430024449,0.997831357,0.988319065,0.982758621,-0.0146962493,-0.00262743902,1.007944,0.433440565,1.01129377,1.01343447,1,0.0306682667,0.019888743,1.02561846,0.441041012,0.998187463,0.996570901,0.988095238,-0.00209061232,4.84650394e-05,1.01552625,0.436701114
L4-001-I005-s0.075000-t1002-N128-ref,I005,0.075,1002,1,RECOVERED,4.59464373e-07,0.98065329,0.995598277,0.976470588,-0.0346876174,-0.0237527331,0.426760541,1.00207668,0.988177769,0.964705882,-0.0037237818,0.00770931153,1.0221676,0.436220795,1.01414097,1.01987389,1.00591716,0.0343876329,0.0193273826,1.04009815,0.44387285,0.995189439,0.992729073,0.982352941,-0.00977374935,-0.00233356565,1.01804292,0.434460548
L4-001-I005-s0.075000-t1003-N128-ref,I005,0.075,1003,1,RECOVERED,1.34739265e-07,0.9861901,0.997652197,0.982248521,-0.0228720683,-0.0161884008,0.430196865,1.00051992,0.988649867,0.98816568,-0.00750467216,0.00254136835,1.01294937,0.435767643,1.0128601,1.01547106,0.994219653,0.0279082641,0.0176690544,1.02998088,0.443094545,0.998174024,0.992246935,0.965116279,-0.0114329216,-0.00462403153,1.0096642,0.434354375
L4-001-I005-s0.075000-t1004-N128-ref,I005,0.075,1004,1,RECOVERED,2.73269804e-07,0.989849312,0.997621626,0.988372093,-0.018369785,-0.0126005506,0.432683727,1.00098486,0.993666333,0.981818182,-0.00284357653,0.00367227844,1.00776356,0.436042894,1.00843714,1.01093313,1,0.0181329943,0.0107317795,1.01432749,0.438882998,0.999755447,0.996257334,1,-0.00275201637,0.000244225141,1.00849661,0.43636007
L4-001-I005-s0.100000-t1000-N128-ref,I005,0.1,1000,1,RECOVERED,1.32548686e-07,0.972633659,0.994289973,0.964071856,-0.0473281223,-0.0329727695,0.424992133,1.00359314,0.983562312,0.976331361,-0.0100449649,0.00762213417,1.02896345,0.437301372,1.02233578,1.03192016,1.01785714,0.0500912497,0.0294324127,1.04714619,0.44502889,0.99564382,0.989743215,1,-0.0273800902,-0.0111773064,1.02009431,0.433532058
L4-001-I005-s0.100000-t1001-N128-ref,I005,0.1,1001,1,RECOVERED,1.53403762e-07,0.971820891,0.994041484,0.964285714,-0.0493823408,-0.0337706646,0.423158847,1.00533866,0.985117183,0.971264368,-0.00615291319,0.00895457134,1.03200396,0.436701607,1.02036701,1.02832987,1,0.04921275,0.0296607253,1.05160981,0.444997993,0.992124987,0.991586343,0.982142857,-0.026723978,-0.0108609635,1.02573495,0.434048817
L4-001-I005-s0.100000-t1002-N128-ref,I005,0.1,1002,1,RECOVERED,4.59464373e-07,0.98065329,0.995598277,0.976470588,-0.0346876174,-0.0237527331,0.426760541,1.00207668,0.988177769,0.964705882,-0.0037237818,0.00770931153,1.0221676,0.436220795,1.01414097,1.01987389,1.00591716,0.0343876329,0.0193273826,1.04009815,0.44387285,0.995189439,0.992729073,0.982352941,-0.00977374935,-0.00233356565,1.01804292,0.434460548
L4-001-I005-s0.100000-t1003-N128-ref,I005,0.1,1003,1,RECOVERED,2.30848623e-07,0.973231911,0.994065118,0.964497041,-0.0481741181,-0.0324636881,0.424544231,1.00543872,0.984008383,0.964497041,-0.0056843597,0.00978283749,1.0314826,0.437909987,1.02412323,1.03090461,0.994219653,0.0402773844,0.0241476422,1.05530068,0.448021814,0.993721739,0.984921394,0.947674419,-0.0367906057,-0.0156103938,1.01854397,0.432416968
L4-001-I005-s0.100000-t1004-N128-ref,I005,0.1,1004,1,RECOVERED,4.71973968e-07,0.967463613,0.992326088,0.959302326,-0.0604664258,-0.0402795674,0.422898472,1.00999755,0.987519758,0.963636364,-0.00108343955,0.0154366012,1.04036542,0.439968948,1.0313907,1.03810277,1.02923977,0.0417844615,0.0236753002,1.0614194,0.448872642,0.993266112,0.98504026,1.00595238,-0.047229359,-0.0199825442,1.02513421,0.43352769
L4-001-I005-s0.125000-t1000-N128-ref,I005,0.125,1000,1,RECOVERED,4.35878432e-07,0.961923742,0.990958222,0.952095808,-0.070653634,-0.047395316,0.420312436,1.00905896,0.98472671,0.982248521,-0.00310502272,0.0143215076,1.04608616,0.439683022,1.02802659,1.03924339,1.04166667,0.0464043302,0.0262646244,1.06469877,0.447506135,0.992133449,0.985337834,0.976190476,-0.0592515962,-0.0268506528,1.02781527,0.432003541
L4-001-I005-s0.125000-t1001-N128-ref,I005,0.125,1001,1,RECOVERED,4.35724695e-07,0.963896724,0.991472402,0.952380952,-0.0656455891,-0.0438251538,0.419708436,1.01066965,0.984210859,0.948275862,-0.00023243823,0.0165258,1.04600541,0.439017295,1.02754159,1.03968207,1.02339181,0.057423515,0.0327108495,1.06771011,0.44812694,0.988558177,0.987533539,0.970238095,-0.0542864867,-0.024092456,1.03044953,0.432488359
L4-001-I005-s0.125000-t1002-N128-ref,I005,0.125,1002,1,RECOVERED,3.23763954e-07,0.966608833,0.994772906,0.952941176,-0.0543814411,-0.0387515677,0.420648676,1.00304557,0.979408987,0.976470588,-0.0116435314,0.00757452478,1.03802198,0.43664257,1.02574673,1.03565497,1.00591716,0.0523964293,0.034071847,1.06728614,0.448952501,0.984643866,0.98141653,0.958823529,-0.0588925061,-0.029994464,1.02189021,0.429856765
L4-001-I005-s0.125000-t1003-N128-ref,I005,0.125,1003,1,RECOVERED,3.59989446e-07,0.96300409,0.990496125,0.952662722,-0.0719603946,-0.0465452155,0.42008264,1.01180141,0.985762929,0.964497041,0.0053102542,0.0190314328,1.04903454,0.440681197,1.03105279,1.04125975,0.98265896,0.0450712709,0.0254465806,1.07372511,0.451053278,0.990330843,0.980675431,0.947674419,-0.0673366073,-0.0315358731,1.02584916,0.430941423
L4-001-I005-s0.125000-t1004-N128-ref,I005,0.125,1004,1,RECOVERED,1.50085741e-07,0.960308561,0.992404886,0.947674419,-0.0697751917,-0.0476095228,0.41977085,1.01066581,0.983901297,0.963636364,-0.00950497885,0.0122171188,1.04881044,0.440260051,1.03776994,1.04295678,1.02923977,0.0400647455,0.025935153,1.07594169,0.451648956,0.988701684,0.980097076,0.988095238,-0.0849248176,-0.0419096458,1.02802629,0.431535469
L4-001-I005-s0.150000-t1000-N128-ref,I005,0.15,1000,1,RECOVERED,4.41088835e-07,0.943065755,0.984300493,0.928143713,-0.115745202,-0.0734825533,0.412072441,1.0197719,0.989214492,0.976331361,0.0105809948,0.0263491633,1.07833232,0.444351033,1.03923703,1.05357865,1.0297619,0.0260308302,0.0107110046,1.0978315,0.452386106,0.976589532,0.986293246,0.93452381,-0.192654865,-0.102655458,1.031943,0.425235271
L4-001-I005-s0.150000-t1001-N128-ref,I005,0.15,1001,1,RECOVERED,9.32384108e-08,0.950610184,0.987520788,0.93452381,-0.0946117501,-0.0609488051,0.413923093,1.0180354,0.985465919,0.936781609,0.00679617335,0.0241613429,1.06835511,0.44221685,1.03471919,1.05006662,1.01169591,0.0578379741,0.0320123264,1.09019576,0.451257202,0.98125948,0.980584134,0.946428571,-0.138013635,-0.0728969755,1.03713764,0.429295222
L4-001-I005-s0.150000-t1002-N128-ref,I005,0.15,1002,1,RECOVERED,2.20194639e-07,0.945017998,0.982685994,0.929411765,-0.117853644,-0.0723771177,0.41125278,1.0218943,0.989907785,0.935294118,0.0379153681,0.0432315501,1.08168932,0.444847741,1.04398634,1.06160548,1.04733728,0.0548686292,0.0281740394,1.11108228,0.456935678,0.968029454,0.979388079,0.876470588,-0.265677001,-0.146597133,1.02760051,0.422603567
L4-001-I005-s0.150000-t1003-N128-ref,I005,0.15,1003,0,DIED,1.19939202e-07,0.943571831,0.986190204,0.923076923,-0.110136857,-0.0703960496,0.41160588,1.02273578,0.988090202,0.964497041,0.0156709699,0.029809098,1.08220895,0.445443567,1.04110296,1.06145325,1,0.0291024714,0.0149684496,1.10651945,0.455449911,0.966177894,0.984759851,0.872093023,-0.21031813,-0.210117194,1.02144142,0.420431293
L4-001-I005-s0.150000-t1004-N128-ref,I005,0.15,1004,1,RECOVERED,6.04830636e-09,0.954104684,0.988406385,0.941860465,-0.090006573,-0.0578629748,0.417059006,1.0168609,0.988605607,0.963636364,0.00454707849,0.0220756247,1.06210083,0.442958718,1.04192233,1.04940864,1.02339181,0.0359336382,0.0210363926,1.08727091,0.453456124,0.985078949,0.978610624,0.964285714,-0.114721803,-0.0566333694,1.03091951,0.429954265
L4-001-I005-s0.175000-t1000-N128-ref,I005,0.175,1000,0,DIED,4.47000341e-07,0.931510909,0.979589151,0.904191617,-0.14484969,-0.0892560039,0.407023553,1.02781221,0.992005467,0.958579882,0.0192824921,0.0355393878,1.10031589,0.447854484,1.05747097,1.07535273,1.0297619,0.0162636491,0.00292595465,1.13095039,0.460323448,0.984360065,1.02390697,0.827380952,0.0773164736,0.00263983068,1.05305647,0.428618785
L4-001-I005-s0.175000-t1001-N128-ref,I005,0.175,1001,0,DIED,9.59771341e-08,0.924040982,0.976238511,0.898809524,-0.164420846,-0.0984583147,0.402354096,1.0321214,0.99439569,0.902298851,0.0237001594,0.0394287169,1.11428109,0.448335562,1.06239307,1.08181374,1.04678363,0.0420404738,0.0179417666,1.15153846,0.463326214,0.982305839,1.01985043,0.845238095,0.0900150444,0.0135157613,1.06809649,0.429752998
L4-001-I005-s0.175000-t1002-N128-ref,I005,0.175,1002,0,DIED,7.00265415e-08,0.929224872,0.975409789,0.905882353,-0.162916664,-0.0950855532,0.40437993,1.02883496,0.994597452,0.947058824,0.0528220966,0.0550093307,1.10754538,0.447869124,1.06232191,1.08158284,1.07692308,0.0555625385,0.027771276,1.1498119,0.464960855,0.98584582,1.00895088,0.817647059,0.0751062668,0.00325055301,1.06429983,0.430381491
L4-001-I005-s0.175000-t1003-N128-ref,I005,0.175,1003,0,DIED,2.85949512e-07,0.926190354,0.978081528,0.905325444,-0.162475709,-0.0969892465,0.404023714,1.02944759,0.992763362,0.940828402,0.0267348558,0.0383863019,1.10975376,0.448366837,1.05079628,1.07978188,1.06358382,0.0215401636,0.00768408593,1.13778083,0.459690436,1.02337313,1.03233357,0.854651163,0.17507952,0.109803482,1.10221189,0.445319741
L4-001-I005-s0.175000-t1004-N128-ref,I005,0.175,1004,0,DIED,2.5849887e-07,0.926243398,0.975349012,0.901162791,-0.170118824,-0.0983915995,0.404880258,1.03432352,0.998389962,0.96969697,0.0318872435,0.0444596843,1.11283687,0.450565678,1.06748251,1.08484348,1.05263158,0.0129447998,0.00246007445,1.14745085,0.464580196,1.0296995,1.03959916,0.886904762,0.21022226,0.145586059,1.11003105,0.449429657
L4-001-I005-s0.200000-t1000-N128-ref,I005,0.2,1000,0,DIED,1.88636616e-08,0.910033452,0.971055864,0.874251497,-0.207115499,-0.120117349,0.397638981,1.03326262,0.995559861,0.952662722,0.0210528045,0.0371685718,1.13225676,0.450229422,1.06570336,1.09351026,1.07738095,-0.00940290732,-0.0129610278,1.16665387,0.463907057,1.03494602,1.07625253,0.916666667,0.199827969,0.166527059,1.1333028,0.450645369
L4-001-I005-s0.200000-t1001-N128-ref,I005,0.2,1001,0,DIED,2.03013908e-07,0.91213802,0.966827239,0.880952381,-0.217464062,-0.120289644,0.397171203,1.04046266,0.999938599,0.902298851,0.0355573515,0.0498873474,1.13794468,0.451958859,1.08294968,1.10325996,1.07017544,0.0333360522,0.0107090983,1.18913776,0.472291273,1.01649103,1.06675093,0.886904762,0.216488662,0.179942894,1.11969049,0.444708817
L4-001-I005-s0.200000-t1002-N128-ref,I005,0.2,1002,0,DIED,2.35930533e-07,0.911198545,0.971998086,0.876470588,-0.203845133,-0.11738254,0.396535236,1.02899665,0.993358156,0.929411765,0.0446974636,0.0489130247,1.12963356,0.44793951,1.06902629,1.09378913,1.08284024,0.0457263344,0.0242324419,1.17995883,0.467895254,1.04967088,1.05790869,0.882352941,0.244872063,0.189907505,1.1556224,0.458245003
L4-001-I005-s0.200000-t1003-N128-ref,I005,0.2,1003,0,DIED,9.03071048e-08,0.91269118,0.968695927,0.887573964,-0.212346916,-0.119513549,0.39813509,1.03536644,0.996683132,0.923076923,0.0412652432,0.0500866368,1.13264254,0.450944739,1.06311049,1.10095766,1.06936416,0.0214534603,0.00925613206,1.16813998,0.465077517,0.963661414,1.0564293,0.895348837,0.17349143,0.155237659,1.05325117,0.419336249
L4-001-I005-s0.200000-t1004-N128-ref,I005,0.2,1004,0,DIED,4.40323414e-07,0.912195066,0.976393363,0.88372093,-0.189633089,-0.112589937,0.39873944,1.02883368,0.993124324,0.951515152,0.0129366456,0.0310310711,1.12397767,0.448174228,1.06355909,1.08870999,1.05847953,-0.00144787168,-0.00102447722,1.16083997,0.46287268,1.03174509,1.05145951,0.916666667,0.215625339,0.168497056,1.1293653,0.450322488
L4-001-I005-s0.225000-t1000-N128-ref,I005,0.225,1000,0,DIED,3.09556502e-07,0.891649943,0.963128216,0.850299401,-0.268648658,-0.148197319,0.38960631,1.03432013,0.994969172,0.928994083,0.0181412138,0.0352082751,1.15678368,0.45069022,1.06152217,1.10591112,1.08333333,-0.0210421966,-0.0152602134,1.18603562,0.462086961,0.874778071,1.04656503,0.904761905,0.131155574,0.131697942,0.977662867,0.380903622
L4-001-I005-s0.225000-t1001-N128-ref,I005,0.225,1001,0,DIED,3.65949374e-07,0.900756511,0.965247628,0.863095238,-0.234765379,-0.132686492,0.392215366,1.03858519,0.997220645,0.890804598,0.0254735637,0.0429338247,1.15024387,0.451143321,1.08562279,1.10891711,1.07017544,0.0239390351,0.00894276087,1.20713541,0.473457058,0.957271492,1.05864539,0.904761905,0.18511877,0.163390084,1.06778228,0.418800619
L4-001-I005-s0.225000-t1002-N128-ref,I005,0.225,1002,0,DIED,2.9280417e-07,0.89027035,0.963637972,0.847058824,-0.261828593,-0.14794797,0.387427707,1.03059762,0.993061514,0.923529412,0.0341078644,0.0420323294,1.1579875,0.448636442,1.07262665,1.10631439,1.06508876,0.0242213584,0.0144826474,1.21176431,0.469471069,0.979756744,1.06151341,0.870588235,0.182987339,0.16367153,1.10400788,0.42772324
L4-001-I005-s0.225000-t1003-N128-ref,I005,0.225,1003,0,DIED,2.46008805e-07,0.887921984,0.962574883,0.857988166,-0.280996099,-0.152446471,0.387330246,1.03227567,0.995521089,0.923076923,0.0155191705,0.0310197476,1.16076291,0.449598582,1.05217306,1.10784688,1.04046243,-0.00703850332,-0.00275838829,1.18837282,0.460292736,0.854702675,1.02977523,0.86627907,0.108464246,0.116391478,0.960221858,0.371922969
L4-001-I005-s0.225000-t1004-N128-ref,I005,0.225,1004,0,DIED,1.32457583e-07,0.901725254,0.965679891,0.86627907,-0.246303252,-0.133767894,0.394162868,1.03532952,0.999177223,0.951515152,0.0292025725,0.0424160785,1.14420697,0.451003902,1.06770983,1.10018894,1.07017544,-0.00253510975,-0.00444657143,1.17890132,0.464679125,0.959243236,1.05100846,0.904761905,0.165651553,0.145899829,1.06219502,0.418677834
L4-001-I005-s0.250000-t1000-N128-ref,I005,0.25,1000,0,DIED,3.3422591e-07,0.874554216,0.953650408,0.820359281,-0.263054386,-0.174985044,0.382136334,1.03418732,0.993926895,0.923076923,0.0134047974,0.0316841726,1.17924497,0.45063235,1.04817836,1.1087272,1.05952381,-0.0281282045,-0.014421273,1.19401972,0.45627832,0.801038879,1.01289852,0.892857143,0.0936847754,0.109241561,0.912751336,0.348795449
L4-001-I005-s0.250000-t1001-N128-ref,I005,0.25,1001,0,DIED,4.72551136e-07,0.875469042,0.955721332,0.827380952,-0.263500801,-0.170682001,0.381204473,1.03537914,0.993673302,0.890804598,0.0186585765,0.0366125087,1.17981478,0.44975067,1.08616734,1.11804462,1.05847953,0.000716869997,0.000333828252,1.24262588,0.473694544,0.849098475,1.03554962,0.898809524,0.120660625,0.126096953,0.974478502,0.371475563
L4-001-I005-s0.250000-t1002-N128-ref,I005,0.25,1002,0,DIED,2.97703948e-07,0.879866813,0.951100086,0.823529412,-0.238757232,-0.17041635,0.382900298,1.03679916,0.997035217,0.917647059,0.0448129827,0.0516358548,1.17873002,0.451336076,1.07843521,1.11492201,1.03550296,0.0176219606,0.0116179093,1.23273183,0.472013384,0.857127179,1.02674741,0.882352941,0.126166459,0.13360959,0.977246558,0.374187998
L4-001-I005-s0.250000-t1003-N128-ref,I005,0.25,1003,0,DIED,2.73333797e-07,0.872170857,0.954533701,0.834319527,-0.233036611,-0.177740829,0.380459273,1.02989323,0.995315758,0.917159763,0.00704744851,0.0244983365,1.17899855,0.448560933,1.04628548,1.10960572,1.02312139,-0.0207222384,-0.00828485958,1.20306465,0.457717103,0.820527442,1.01655126,0.872093023,0.0730247499,0.0963810852,0.938475357,0.357051652
L4-001-I005-s0.250000-t1004-N128-ref,I005,0.25,1004,0,DIED,1.47117776e-07,0.876604692,0.955007461,0.831395349,-0.248281415,-0.170744781,0.383182147,1.03311803,0.996738797,0.921212121,0.0203597102,0.0357581788,1.17448204,0.450040549,1.05974255,1.10992539,1.04093567,-0.0183063933,-0.0073773292,1.20363562,0.46121168,0.814312446,1.01838377,0.886904762,0.117947812,0.124832024,0.927549358,0.355420355
L4-001-I005-s0.275000-t1000-N128-ref,I005,0.275,1000,0,DIED,6.12762577e-08,0.858869589,0.948998128,0.80239521,-0.216092029,-0.195040581,0.375282939,1.0296971,0.989201555,0.917159763,-0.0013159246,0.0212597975,1.19556673,0.448675797,1.03735073,1.10952158,1.02380952,-0.0365863802,-0.0124866241,1.20326543,0.451564988,0.772307481,0.992762479,0.81547619,0.0542451509,0.0869459569,0.89608382,0.336284969
L4-001-I005-s0.275000-t1001-N128-ref,I005,0.275,1001,0,DIED,2.47105505e-07,0.849975279,0.943476486,0.797619048,-0.180284679,-0.203298736,0.370103753,1.02855204,0.988079913,0.890804598,0.00221448846,0.0241334575,1.20718877,0.446785094,1.07618131,1.11914875,1.02339181,-0.0139662018,-0.00119219201,1.26812948,0.469339479,0.801783946,1.01248821,0.827380952,0.103307908,0.11771496,0.947776762,0.350775737
L4-001-I005-s0.275000-t1002-N128-ref,I005,0.275,1002,0,DIED,2.50029853e-07,0.854672521,0.949667457,0.794117647,-0.196778044,-0.200462571,0.37193625,1.02473421,0.989457697,0.917647059,-0.00183490303,0.018647311,1.19935607,0.446084,1.06023311,1.11774446,0.98816568,-0.0322019302,-0.00640103678,1.24765096,0.46404662,0.788549462,0.988631686,0.788235294,0.103861878,0.117608221,0.92556094,0.344249665
L4-001-I005-s0.275000-t1003-N128-ref,I005,0.275,1003,0,DIED,2.10680852e-07,0.866389241,0.945807287,0.822485207,-0.187717882,-0.192082318,0.377937211,1.03256319,0.996538326,0.911242604,0.0123809604,0.0291059514,1.18994319,0.449723808,1.0444874,1.11237796,1.00578035,-0.0270734855,-0.00954518952,1.20901168,0.456930501,0.774633893,0.984972991,0.796511628,0.0502478338,0.0850765893,0.891897154,0.337081123
L4-001-I005-s0.275000-t1004-N128-ref,I005,0.275,1004,0,DIED,4.40703686e-07,0.853831339,0.945855254,0.790697674,-0.172663899,-0.203548094,0.373227441,1.02604236,0.990469863,0.903030303,0.00180253836,0.0226112107,1.19754937,0.446958287,1.05056058,1.11165772,0.994152047,-0.0287177013,-0.0047189467,1.22503207,0.457215586,0.76805166,0.981085965,0.797619048,0.0898478548,0.105347178,0.898189738,0.335229057
L4-001-I005-s0.300000-t1000-N128-ref,I005,0.3,1000,0,DIED,1.87204429e-07,0.83267722,0.942350266,0.77245509,-0.141961835,-0.200716005,0.363838187,1.01305433,0.981404207,0.923076923,-0.032086734,-0.00137100916,1.2132425,0.441423951,1.03216273,1.10570306,0.946428571,-0.0472215185,-0.0113635314,1.23490782,0.449306622,0.78390473,0.996746832,0.880952381,0.041333113,0.0793833749,0.938149865,0.341334746
L4-001-I005-s0.300000-t1001-N128-ref,I005,0.3,1001,0,DIED,3.20418957e-07,0.848215101,0.94007996,0.791666667,-0.164306294,-0.206267655,0.36933732,1.02900551,0.988382106,0.890804598,0.00358553614,0.0253795213,1.2102272,0.446982073,1.07447889,1.1195088,1.01754386,-0.0163510393,-0.00162165135,1.26875082,0.468597028,0.78882342,1.00520673,0.785714286,0.0974064181,0.114791254,0.934391312,0.345105583
L4-001-I005-s0.300000-t1002-N128-ref,I005,0.3,1002,0,DIED,4.39209492e-07,0.837043463,0.939317782,0.770588235,-0.12444031,-0.199939448,0.364264439,1.01878416,0.988020065,0.929411765,-0.0226073018,0.00467710993,1.21750518,0.443493842,1.0517411,1.11654763,0.928994083,-0.0587242499,-0.0196786469,1.26372426,0.460329808,0.761963209,0.977841494,0.8,0.0652835723,0.0922758196,0.9131914,0.332643153
L4-001-I005-s0.300000-t1003-N128-ref,I005,0.3,1003,0,DIED,4.12138811e-07,0.83496567,0.941156094,0.781065089,-0.117989664,-0.196621171,0.364229588,1.01574693,0.991760484,0.917159763,-0.0321477109,-0.00269167289,1.21461751,0.442399636,1.03401925,1.10889551,0.930635838,-0.0700361429,-0.0261521021,1.24193922,0.452351012,0.751964773,0.968952582,0.831395349,0.0763896047,0.0968504481,0.898380279,0.327216679
L4-001-I005-s0.300000-t1004-N128-ref,I005,0.3,1004,0,DIED,2.75172019e-07,0.837685422,0.946513463,0.779069767,-0.144010126,-0.203716791,0.366169725,1.01419929,0.986386697,0.921212121,-0.027422248,0.000825094308,1.20654236,0.441799283,1.04875795,1.1099876,0.947368421,-0.0570930909,-0.0176545359,1.24650136,0.45643106,0.767053675,0.982346546,0.857142857,0.0278597989,0.0717232864,0.914312264,0.33479347
L4-001-I005-s0.325000-t1000-N128-ref,I005,0.325,1000,0,DIED,3.24575479e-07,0.815449816,0.933137881,0.748502994,-0.0820523524,-0.176483296,0.356310675,1.0050973,0.978465104,0.917159763,-0.0515610772,-0.0152488672,1.22914303,0.437956785,1.03120013,1.10242432,0.922619048,-0.054056758,-0.014960082,1.25982079,0.448887596,0.79035635,1.00301325,0.892857143,0.0419148614,0.0809960588,0.965853654,0.344143968
L4-001-I005-s0.325000-t1001-N128-ref,I005,0.325,1001,0,DIED,8.78317682e-08,0.820292668,0.940622331,0.767857143,-0.114383785,-0.188069151,0.357179088,1.00874678,0.984756063,0.925287356,-0.0446185897,-0.0135678042,1.22678524,0.438182034,1.04632074,1.10743087,0.994152047,-0.0739128769,-0.0353223118,1.27755748,0.456316817,0.764040231,0.997157596,0.791666667,0.0751435588,0.100517867,0.9358417,0.334263085
L4-001-I005-s0.325000-t1002-N128-ref,I005,0.325,1002,0,DIED,3.10535116e-07,0.821610467,0.938495952,0.752941176,-0.0910752023,-0.178772418,0.357548311,1.00947641,0.986835513,0.952941176,-0.0418967721,-0.0107122088,1.22904237,0.439442022,1.0345336,1.11339741,0.923076923,-0.100372431,-0.0383257526,1.26639773,0.452798367,0.947027582,1.00578443,0.970588235,-0.134894622,-0.0441431871,1.15630522,0.413434976
L4-001-I005-s0.325000-t1003-N128-ref,I005,0.325,1003,0,DIED,8.35270264e-08,0.82089099,0.938196102,0.769230769,-0.0839815792,-0.178321912,0.358089916,1.00772035,0.988072105,0.928994083,-0.0569068218,-0.0195767264,1.22568022,0.438903729,1.03106684,1.10521381,0.924855491,-0.0873622373,-0.0354007381,1.25962615,0.451059424,0.75291159,0.974238519,0.831395349,0.0618161526,0.0892463253,0.914934128,0.327628686
L4-001-I005-s0.325000-t1004-N128-ref,I005,0.325,1004,0,DIED,1.32589618e-07,0.820280949,0.935144806,0.75,-0.0790296425,-0.176828118,0.358561867,1.01120754,0.986268055,0.933333333,-0.0342807105,-0.00390067108,1.22850775,0.440496034,1.03133381,1.10638363,0.923976608,-0.0775880661,-0.0252785645,1.25180038,0.448847883,0.930305632,0.933141185,1.00595238,-0.215441161,-0.191562746,1.13243367,0.406047531
L4-001-I005-s0.350000-t1000-N128-ref,I005,0.35,1000,0,DIED,2.06650308e-07,0.805654911,0.934104998,0.74251497,-0.0708905701,-0.168637646,0.352030793,0.996808348,0.977546393,0.923076923,-0.070228252,-0.029279996,1.23382671,0.434344994,1.03228658,1.1009037,0.94047619,-0.0619632559,-0.0201091526,1.27648076,0.449360534,0.777165205,0.99999711,0.869047619,-0.00339299626,0.0564962835,0.961280004,0.338400163
L4-001-I005-s0.350000-t1001-N128-ref,I005,0.35,1001,0,DIED,3.14562983e-07,0.801951204,0.931733862,0.738095238,-0.0580675848,-0.161029795,0.349192685,0.99857329,0.983153567,0.936781609,-0.0747081506,-0.0348851718,1.24218767,0.433762848,1.0357801,1.1011495,0.941520468,-0.110124067,-0.0549718696,1.2936121,0.451719882,0.751478822,0.989845967,0.791666667,0.0860926148,0.10504294,0.941507529,0.328767542
L4-001-I005-s0.350000-t1002-N128-ref,I005,0.35,1002,0,DIED,3.64948204e-07,0.798547185,0.932649232,0.729411765,-0.0404307901,-0.154048589,0.347511635,0.993800079,0.985952865,0.970588235,-0.090172384,-0.0423092221,1.24490178,0.432617854,1.01526064,1.10576556,0.928994083,-0.156083538,-0.0676708958,1.27869937,0.444362908,0.0851690732,0.753239163,0.117647059,0.134363214,0.0288408614,0.106993442,0.0371814659
L4-001-I005-s0.350000-t1003-N128-ref,I005,0.35,1003,0,DIED,2.31146095e-07,0.802508829,0.941135375,0.75739645,-0.0592210106,-0.158768227,0.350071231,0.989978666,0.986017611,0.958579882,-0.107538306,-0.055496672,1.23168217,0.431176494,1.01690063,1.09481528,0.895953757,-0.134700239,-0.0625137113,1.27077609,0.44486215,0.752673403,0.978079538,0.848837209,-0.00286832561,0.0503369815,0.935595415,0.327525039
L4-001-I005-s0.350000-t1004-N128-ref,I005,0.35,1004,0,DIED,9.20323173e-09,0.795946997,0.937226241,0.73255814,-0.0436665109,-0.151319487,0.347924991,0.98646306,0.984713222,0.963636364,-0.090576913,-0.0457116246,1.23508517,0.429716996,1.0225512,1.09456388,0.918128655,-0.112870241,-0.0503700415,1.27908487,0.445025593,0.790096068,0.992781316,0.875,-0.0829399901,0.0138017738,0.991163953,0.344850709
L4-001-I005-s0.375000-t1000-N128-ref,I005,0.375,1000,0,DIED,1.21837419e-07,0.780885672,0.934980485,0.724550898,-0.0318393276,-0.140177057,0.341207878,0.9686794,0.978759385,0.98816568,-0.167581622,-0.095492378,1.23704121,0.422088208,1.02020765,1.09340299,0.964285714,-0.169012134,-0.0866984162,1.30155993,0.444102502,0.750944679,0.988354583,0.851190476,-0.00214711413,0.0555434632,0.958310196,0.326982989
L4-001-I005-s0.375000-t1001-N128-ref,I005,0.375,1001,0,DIED,4.13136257e-08,0.78272481,0.931410614,0.720238095,-0.0257783416,-0.137786363,0.340820959,0.980193897,0.981487346,0.959770115,-0.13257578,-0.0741511834,1.24927517,0.42577916,1.00559635,1.0905094,0.918128655,-0.172694426,-0.0893790229,1.2867644,0.438556276,0.761958832,0.995750201,0.880952381,-0.101077696,0.0025036456,0.978086811,0.333352485
L4-001-I005-s0.375000-t1002-N128-ref,I005,0.375,1002,0,DIED,3.20761456e-07,0.775588962,0.934615919,0.711764706,-0.0112145724,-0.12985766,0.337520679,0.958989921,0.981630955,0.994117647,-0.185995293,-0.10759556,1.23685579,0.417464407,0.989188576,1.08828955,0.958579882,-0.268273625,-0.128342638,1.28274095,0.432951596,0.0465803487,0.711368857,0.0588235294,-0.168525385,0.0161979849,0.0602485967,0.0203351473
L4-001-I005-s0.375000-t1003-N128-ref,I005,0.375,1003,0,DIED,7.8379405e-08,0.780886053,0.933102951,0.727810651,-0.0083812191,-0.132914689,0.340638922,0.972440694,0.983904656,1.00591716,-0.155930975,-0.0866964232,1.24336345,0.423537985,0.993850091,1.09157696,0.884393064,-0.231472713,-0.105054606,1.27636108,0.434778263,0.0518723741,0.754711663,0.0813953488,-0.225760485,-0.0346026133,0.0662643272,0.022572209
L4-001-I005-s0.375000-t1004-N128-ref,I005,0.375,1004,0,DIED,1.6869445e-07,0.784559248,0.941150914,0.726744186,-0.0335743236,-0.13969389,0.342947169,0.970821861,0.986953743,1.02424242,-0.162444859,-0.0933577341,1.23314467,0.422903473,1.00828764,1.083354,0.935672515,-0.194730733,-0.100804006,1.27954966,0.438817934,0.749829353,0.972449227,0.880952381,-0.0400792222,0.0326516972,0.95430333,0.327275625
L4-001-I005-s0.400000-t1000-N128-ref,I005,0.4,1000,0,DIED,2.57991849e-07,0.766621747,0.935564326,0.71257485,-0.0111237752,-0.123092158,0.334975258,0.939103987,0.975924666,1,-0.255907605,-0.158446592,1.22158617,0.409201144,0.981270985,1.07919364,0.976190476,-0.272376409,-0.156146769,1.27517818,0.427153139,0.0564509279,0.741072933,0.0773809524,0.286864832,0.0905066409,0.0733796387,0.0245803634
L4-001-I005-s0.400000-t1001-N128-ref,I005,0.4,1001,0,DIED,1.48455226e-07,0.760847963,0.934346712,0.702380952,-0.00313313163,-0.119987211,0.331295148,0.928639242,0.976871158,0.994252874,-0.248758033,-0.166422039,1.21759922,0.403384715,0.957259595,1.07203928,0.953216374,-0.218327684,-0.171768584,1.26013274,0.417475862,0.0317008147,0.741319968,0.0476190476,-0.122126365,0.0407569192,0.041862729,0.013868919
L4-001-I005-s0.400000-t1002-N128-ref,I005,0.4,1002,0,DIED,4.51928723e-07,0.762911143,0.93757384,0.705882353,0.00235378931,-0.116127386,0.332003548,0.927998532,0.979368446,1.05294118,-0.235374549,-0.169743786,1.21677415,0.403973336,0.935983757,1.07115067,0.958579882,-0.17789576,-0.186141451,1.23391669,0.40966472,0.021162155,0.774685812,0.0352941176,-0.05586309,-0.0673976202,0.0278267031,0.00923856415
L4-001-I005-s0.400000-t1003-N128-ref,I005,0.4,1003,0,DIED,1.6477871e-07,0.75725334,0.937978977,0.710059172,0.0154368008,-0.109344603,0.330329835,0.91702142,0.97867626,1.05325444,-0.238037693,-0.198089886,1.20909638,0.399400608,0.951593829,1.07406139,0.947976879,-0.182659137,-0.210416019,1.26023274,0.416292473,0.0179374224,0.732940456,0.0465116279,-0.026352074,-0.158671014,0.0236292627,0.00780545047
L4-001-I005-s0.400000-t1004-N128-ref,I005,0.4,1004,0,DIED,2.58028533e-07,0.763169484,0.936662372,0.703488372,0.00574509995,-0.116351755,0.333597258,0.93865117,0.982062426,1.04848485,-0.20434715,-0.134713682,1.22569794,0.408889474,0.962518791,1.06932484,0.941520468,-0.227051489,-0.160398588,1.25570224,0.418898824,0.035001275,0.719766525,0.0714285714,0.0556051704,0.100683273,0.0457944256,0.0152768948
L4-001-I005-s0.425000-t1000-N128-ref,I005,0.425,1000,0,DIED,5.68492642e-08,0.744355313,0.936737517,0.694610778,0.0156651655,-0.10150534,0.325245943,0.904583728,0.981960224,1.05325444,-0.167769637,-0.172470732,1.21188117,0.394159434,0.91935574,1.05456653,0.964285714,-0.102286734,-0.158539395,1.23045674,0.400201062,0.00685225289,0.690010262,0.0119047619,-0.111353171,-0.0197319092,0.00917357697,0.00298366869
L4-001-I005-s0.425000-t1001-N128-ref,I005,0.425,1001,0,DIED,2.60475762e-07,0.735830307,0.938147252,0.68452381,0.0238746009,-0.0942159836,0.32040174,0.927296505,1.00262182,1.02873563,-0.150693262,-0.169725608,1.25717624,0.402801453,0.808381505,1.03020392,0.894736842,-0.0851756224,-0.122875509,1.10033049,0.352547802,0,nan,0,nan,nan,0,0
L4-001-I005-s0.425000-t1002-N128-ref,I005,0.425,1002,0,DIED,6.71679307e-08,0.742557224,0.937358779,0.688235294,0.0286719708,-0.0981546613,0.323145933,0.911320999,0.994811463,1.08235294,-0.167199619,-0.180243091,1.22765997,0.396713325,0.881020374,1.04039057,0.964497041,-0.0574528939,-0.127973228,1.19329415,0.38560815,0,nan,0,nan,nan,0,0
L4-001-I005-s0.425000-t1003-N128-ref,I005,0.425,1003,0,DIED,2.40973156e-07,0.742390246,0.939731774,0.698224852,0.0342398838,-0.0921352843,0.323846241,0.905548897,0.993876059,1.07692308,-0.145735989,-0.171462338,1.2178738,0.394403852,0.889994915,1.04631491,0.953757225,-0.103716458,-0.141093145,1.20225227,0.389344879,0,nan,0,nan,nan,0,0
L4-001-I005-s0.425000-t1004-N128-ref,I005,0.425,1004,0,DIED,3.28390157e-07,0.738147599,0.939625426,0.680232558,0.0321447884,-0.0927127488,0.322659672,0.911494755,1.00106595,1.0969697,-0.171972466,-0.183592985,1.23058379,0.397059762,0.864015328,1.03643097,0.918128655,-0.092492402,-0.137848875,1.16540448,0.376029027,0,nan,0,nan,nan,0,0
L4-001-I005-s0.450000-t1000-N128-ref,I005,0.45,1000,0,DIED,2.04654749e-07,0.718078297,0.938948851,0.670658683,0.0435779261,-0.0788307011,0.313764205,0.962301176,0.939817704,1.18934911,-0.11256938,-0.144614442,1.33638248,0.419308987,0.821635807,1.0263507,0.869047619,-0.208462722,-0.175169754,1.13991011,0.35766299,0,nan,0,nan,nan,0,0
L4-001-I005-s0.450000-t1001-N128-ref,I005,0.45,1001,0,DIED,2.56749826e-08,0.71872587,0.936541083,0.666666667,0.0500759519,-0.073218656,0.312953974,0.966392018,0.939262239,1.16666667,-0.11380927,-0.145794738,1.34135975,0.419783864,0.824980335,1.02313957,0.871345029,-0.196884988,-0.172685086,1.14964768,0.359786811,0,nan,0,nan,nan,0,0
L4-001-I005-s0.450000-t1002-N128-ref,I005,0.45,1002,0,DIED,1.06004334e-08,0.714500036,0.941211244,0.664705882,0.0587520686,-0.0700267832,0.310936011,0.961745499,0.922635018,1.17647059,-0.104233539,-0.144173614,1.3464634,0.418663957,0.828755468,1.00874887,0.857988166,-0.219299559,-0.181051312,1.16658298,0.362732659,0,nan,0,nan,nan,0,0
L4-001-I005-s0.450000-t1003-N128-ref,I005,0.45,1003,0,DIED,7.58117643e-08,0.708709347,0.946098264,0.674556213,0.0621156051,-0.0655511014,0.309153924,0.913899705,0.960962126,1.21893491,-0.151864207,-0.165809866,1.28751713,0.398040973,0.781445338,0.996635974,0.780346821,-0.208499354,-0.184376957,1.10578523,0.341857842,0,nan,0,nan,nan,0,0
L4-001-I005-s0.450000-t1004-N128-ref,I005,0.45,1004,0,DIED,3.45718877e-07,0.712898247,0.945734107,0.662790698,0.0529752127,-0.0705027315,0.311622654,0.963329462,0.922648994,1.2,-0.114102285,-0.14696075,1.34662764,0.41963968,0.827678846,1.0037827,0.859649123,-0.224466863,-0.184781775,1.15593325,0.360214988,0,nan,0,nan,nan,0,0
L4-001-I005-s0.475000-t1000-N128-ref,I005,0.475,1000,0,DIED,2.90787317e-07,0.690945903,0.94673246,0.652694611,0.0635457886,-0.0544594383,0.301908709,0.165820749,0.633516939,0.207100592,0.172865709,-0.0152331666,0.239324073,0.0722540218,0.00493140957,0.240793335,0.0119047619,0.648677186,0.680827824,0.00711033524,0.00214667213,0,nan,0,nan,nan,0,0
L4-001-I005-s0.475000-t1001-N128-ref,I005,0.475,1001,0,DIED,2.34017956e-07,0.693914146,0.937844714,0.642857143,0.0719076847,-0.0552436298,0.302150234,0.181643725,0.655703142,0.206896552,0.148436979,-0.0315608427,0.261137878,0.0789028709,0.00756505759,0.255089034,0.0116959064,0.6226446,0.599596672,0.0109192032,0.00329923979,0,nan,0,nan,nan,0,0
L4-001-I005-s0.475000-t1002-N128-ref,I005,0.475,1002,0,DIED,1.55530696e-08,0.696406379,0.939776187,0.647058824,0.0838072714,-0.0484731628,0.303062016,0.188848625,0.669417439,0.211764706,0.159553164,-0.0121592223,0.271261233,0.0822089761,0.00880050466,0.30692158,0.0236686391,0.665647257,0.702543328,0.0127097299,0.00385183637,0,nan,0,nan,nan,0,0
L4-001-I005-s0.475000-t1003-N128-ref,I005,0.475,1003,0,DIED,4.14645556e-07,0.692929481,0.947042415,0.662721893,0.0807085139,-0.048704775,0.302270415,0.168953498,0.648036477,0.213017751,0.224968181,0.0119448692,0.243444959,0.0735862088,0.00553333429,0.277297729,0.00578034682,0.663020447,0.663504424,0.00800826081,0.00242066031,0,nan,0,nan,nan,0,0
L4-001-I005-s0.475000-t1004-N128-ref,I005,0.475,1004,0,DIED,4.45251325e-09,0.698461371,0.950651551,0.656976744,0.063082098,-0.0573980675,0.305311996,0.197118889,0.683097259,0.236363636,0.140005489,-0.0297039348,0.281245822,0.0858677231,0.00962193996,0.289660052,0.0175438596,0.620536132,0.612081307,0.0137157228,0.00418757469,0,nan,0,nan,nan,0,0
L4-001-I005-s0.500000-t1000-N128-ref,I005,0.5,1000,0,DIED,1.62316082e-07,0.674404996,0.947835288,0.640718563,0.0829919472,-0.0355053,0.294681162,0.150359224,0.640952845,0.201183432,0.180445079,0.00630517395,0.222331427,0.0655168832,0.00161789314,0.266585472,0,0.687965662,0.744607824,0.0023899681,0.000704278577,0,nan,0,nan,nan,0,0
L4-001-I005-s0.500000-t1001-N128-ref,I005,0.5,1001,0,DIED,4.12395831e-07,0.667570412,0.951356527,0.630952381,0.0834480912,-0.0335275576,0.290679412,0.146104737,0.647782181,0.189655172,0.184069096,0.0047067149,0.218334532,0.0634653533,0.00070669261,0.257058845,0,0.687854984,0.720577667,0.00106027353,0.000308199686,0,nan,0,nan,nan,0,0
L4-001-I005-s0.500000-t1002-N128-ref,I005,0.5,1002,0,DIED,3.84128678e-07,0.658922106,0.952988413,0.617647059,0.099884914,-0.0261556991,0.286749616,0.143744462,0.661347468,0.182352941,0.22106165,0.0244391788,0.218219566,0.0625743767,0.00042228426,0.111525567,0,0.70550747,0.779030848,0.000644558444,0.000184826886,0,nan,0,nan,nan,0,0
L4-001-I005-s0.500000-t1003-N128-ref,I005,0.5,1003,0,DIED,3.31117098e-07,0.663926418,0.953304645,0.644970414,0.101022111,-0.0249578449,0.289618669,0.145254992,0.664985977,0.201183432,0.245106996,0.0404786239,0.218440799,0.0632645334,0.000681502201,0.212122974,0,0.68856136,0.690379208,0.00102940827,0.000298135852,0,nan,0,nan,nan,0,0
L4-001-I005-s0.500000-t1004-N128-ref,I005,0.5,1004,0,DIED,1.43580203e-07,0.670599189,0.953705198,0.63372093,0.0861172297,-0.0358347989,0.293132856,0.148999251,0.660872385,0.193939394,0.224414903,0.0219173061,0.221422266,0.0649061413,0.000831531286,0.240915051,0,0.691121139,0.760240524,0.00123456516,0.000361891613,0,nan,0,nan,nan,0,0
L4-001-I005-s0.525000-t1000-N128-ref,I005,0.525,1000,0,DIED,4.70069408e-07,0.620564418,0.971492356,0.604790419,0.103150414,-0.00294845619,0.27115553,0.123408071,0.684597965,0.177514793,0.198402191,0.0510360539,0.198311661,0.0537733035,8.51771618e-06,4.38524046e-07,0,0.697363324,0.772518486,1.36741186e-05,3.70781289e-06,0,nan,0,nan,nan,0,0
L4-001-I005-s0.525000-t1001-N128-ref,I005,0.525,1001,0,DIED,2.00918452e-07,0.651578794,0.954408403,0.625,0.0981221587,-0.0162977283,0.283716201,0.138732487,0.662085446,0.183908046,0.193471969,0.0344286537,0.212405834,0.0602629764,0.000346400827,0.311976153,0,0.705819287,0.775948614,0.000532471572,0.000151070811,0,nan,0,nan,nan,0,0
L4-001-I005-s0.525000-t1002-N128-ref,I005,0.525,1002,0,DIED,1.69570636e-07,0.629658835,0.964218124,0.6,0.117140691,0.00078984058,0.27401483,0.130211089,0.68933547,0.170588235,0.2352821,0.0727111908,0.20686133,0.0566830722,1.64382737e-07,0.182236584,0,0.708616645,0.784320558,2.6256836e-07,7.19476246e-08,0,nan,0,nan,nan,0,0
L4-001-I005-s0.525000-t1003-N128-ref,I005,0.525,1003,0,DIED,2.68437123e-07,0.63622624,0.962085336,0.627218935,0.116564978,-0.00643115313,0.277535268,0.13178466,0.687020359,0.183431953,0.251729147,0.058673073,0.206812089,0.0573976487,0.000240837377,0.271621747,0,0.704994087,0.783306489,0.000379623117,0.000105358804,0,nan,0,nan,nan,0,0
L4-001-I005-s0.525000-t1004-N128-ref,I005,0.525,1004,0,DIED,1.73954379e-07,0.640156734,0.960866219,0.61627907,0.107517703,-0.00993643976,0.279825826,0.13375979,0.68695279,0.181818182,0.237128063,0.0575546266,0.208228172,0.0582676204,4.86013071e-05,0.130599028,0,0.700828525,0.780413155,7.55892573e-05,2.11518264e-05,0,nan,0,nan,nan,0,0
L4-001-I005-s0.550000-t1000-N128-ref,I005,0.55,1000,0,DIED,2.97874367e-07,0.614240507,0.959112188,0.592814371,0.119080721,0.00737818674,0.268392298,0.123354172,0.684676536,0.177514793,0.198307577,0.0508801409,0.200265873,0.0537498179,4.33935412e-06,6.1438761e-07,0,0.697363324,0.772521997,7.03800691e-06,1.88894685e-06,0,nan,0,nan,nan,0,0
L4-001-I005-s0.550000-t1001-N128-ref,I005,0.55,1001,0,DIED,2.43876895e-07,0.592460164,0.97236436,0.577380952,0.128107884,0.0199668169,0.257974244,0.115255977,0.70842333,0.16091954,0.197250562,0.056671651,0.194070495,0.0500651891,1.51095007e-06,7.34787892e-07,0,0.65821156,0.642110439,2.55432062e-06,6.58948929e-07,0,nan,0,nan,nan,0,0
L4-001-I005-s0.550000-t1002-N128-ref,I005,0.55,1002,0,DIED,4.58791214e-07,0.613836936,0.965054942,0.594117647,0.128746137,0.0113322089,0.267129459,0.123482185,0.700143991,0.164705882,0.233010492,0.069410224,0.201227778,0.0537538674,4.18062911e-08,4.70776698e-06,0,0.513263414,0.352429329,6.84983498e-08,1.82979271e-08,0,nan,0,nan,nan,0,0
L4-001-I005-s0.550000-t1003-N128-ref,I005,0.55,1003,0,DIED,1.59059001e-07,0.606783764,0.975859322,0.609467456,0.127304563,0.014504089,0.264691841,0.118671771,0.717903117,0.171597633,0.259121078,0.0919794168,0.195270262,0.0516864452,4.85507124e-05,1.28958605e-07,0,0.654302363,0.638696341,8.0242046e-05,2.12394149e-05,0,nan,0,nan,nan,0,0
L4-001-I005-s0.550000-t1004-N128-ref,I005,0.55,1004,0,DIED,3.21999065e-07,0.625123938,0.967102156,0.604651163,0.113362885,0.00241252013,0.273254678,0.126925442,0.703111128,0.16969697,0.242216762,0.0806364871,0.202340483,0.0552904836,3.6988165e-05,0.115755262,0,0.700828525,0.780413155,5.89108249e-05,1.60976585e-05,0,nan,0,nan,nan,0,0
L4-001-I005-s0.575000-t1000-N128-ref,I005,0.575,1000,0,DIED,8.74430043e-08,0.591077184,0.970738757,0.580838323,0.126627544,0.0225894794,0.258271087,0.114494754,0.705221739,0.165680473,0.197216959,0.0655118261,0.193167007,0.0498894529,1.95590531e-07,2.89388376e-06,0,0.697363324,0.77252727,3.29660322e-07,8.51417299e-08,0,nan,0,nan,nan,0,0
L4-001-I005-s0.575000-t1001-N128-ref,I005,0.575,1001,0,DIED,7.44349622e-08,0.577786883,0.974242464,0.56547619,0.136479213,0.0339662445,0.251585074,0.110563207,0.722823554,0.155172414,0.199189616,0.0723467021,0.190896587,0.0480267319,8.81435254e-07,9.62037143e-07,0,0.65821156,0.641784699,1.52794312e-06,3.84407683e-07,0,nan,0,nan,nan,0,0
L4-001-I005-s0.575000-t1002-N128-ref,I005,0.575,1002,0,DIED,9.4525418e-08,0.585415665,0.977211062,0.576470588,0.137873483,0.0262049581,0.254761095,0.110653773,0.730151132,0.152941176,0.229754636,0.0726211889,0.189076926,0.0481694447,7.50469897e-18,0.291343606,0,0.62056048,0.617923295,1.28931912e-17,3.2846835e-18,0,nan,0,nan,nan,0,0
L4-001-I005-s0.575000-t1003-N128-ref,I005,0.575,1003,0,DIED,3.39942348e-07,0.588867386,0.975675836,0.597633136,0.139913618,0.0268566087,0.25687634,0.11176324,0.734226267,0.165680473,0.257986373,0.0908397442,0.189497777,0.0486774953,3.75419297e-18,0.277147406,0,0.704994087,0.783306489,6.39351118e-18,1.64234175e-18,0,nan,0,nan,nan,0,0
L4-001-I005-s0.575000-t1004-N128-ref,I005,0.575,1004,0,DIED,3.41400728e-07,0.578218514,0.980986692,0.569767442,0.129430776,0.0219969068,0.252751341,0.111483628,0.738637809,0.157575758,0.236821343,0.0719497438,0.192140682,0.048563815,3.77366731e-18,0.361071779,0,0.700828525,0.780413155,6.49785573e-18,1.64234175e-18,0,nan,0,nan,nan,0,0
L4-001-I005-s0.600000-t1000-N128-ref,I005,0.6,1000,0,DIED,4.91952255e-07,0.537225285,0.98193918,0.54491018,0.160975623,0.0571298136,0.234740508,0.0941250099,0.766521942,0.147928994,0.189179334,0.0541518321,0.174719006,0.0410136282,1.88642218e-18,0,0,-0.298780577,-0.218105972,3.49820695e-18,8.21170876e-19,0,nan,0,nan,nan,0,0
L4-001-I005-s0.600000-t1001-N128-ref,I005,0.6,1001,0,DIED,2.24510452e-07,0.562966324,0.980950062,0.55952381,0.138595005,0.0379563273,0.245131775,0.103751322,0.738531771,0.149425287,0.18971189,0.0594997636,0.183851186,0.0450677677,3.76584024e-18,0.278148733,0,0.708903284,0.785156778,6.69983216e-18,1.64234175e-18,0,nan,0,nan,nan,0,0
L4-001-I005-s0.600000-t1002-N128-ref,I005,0.6,1002,0,DIED,2.67571848e-07,0.536114606,0.989090364,0.541176471,0.164402042,0.0598424109,0.233306268,0.0924170736,0.78967665,0.135294118,0.223332663,0.0663429884,0.172437301,0.0402307032,3.75234949e-18,0.277785229,0,0.708616645,0.784320558,7.03942406e-18,1.64234175e-18,0,nan,0,nan,nan,0,0
L4-001-I005-s0.600000-t1003-N128-ref,I005,0.6,1003,0,DIED,2.91153669e-07,0.555771667,0.959052199,0.568047337,0.175643776,0.0593541333,0.242439291,0.104534193,0.755371878,0.153846154,0.255883939,0.0972289746,0.187795251,0.0455289475,3.75419297e-18,0.277147406,0,0.704994087,0.783306489,6.77423921e-18,1.64234175e-18,0,nan,0,nan,nan,0,0
L4-001-I005-s0.600000-t1004-N128-ref,I005,0.6,1004,0,DIED,8.06680361e-08,0.557246598,0.96929251,0.552325581,0.162855483,0.0504707349,0.243584081,0.104865506,0.760114118,0.151515152,0.23779144,0.0806313,0.18753635,0.0456808695,3.77366731e-18,0.361071779,0,0.700828525,0.780413155,6.74240183e-18,1.64234175e-18,0,nan,0,nan,nan,0,0
L4-001-I005-s0.625000-t1000-N128-ref,I005,0.625,1000,0,DIED,1.23382673e-07,0.502689549,0.920081202,0.520958084,0.248379128,0.124497156,0.219650123,0.0863892067,0.686180661,0.136094675,0.291766989,0.150090377,0.171376468,0.0376428624,1.88642218e-18,0,0,-0.298780577,-0.218105972,3.73854047e-18,8.21170876e-19,0,nan,0,nan,nan,0,0
L4-001-I005-s0.625000-t1001-N128-ref,I005,0.625,1001,0,DIED,2.85258574e-07,0.489663737,0.911224964,0.511904762,0.265871182,0.135019068,0.213213715,0.0808187387,0.724821336,0.120689655,0.231595233,0.0932073403,0.164652882,0.0351062527,1.88292012e-18,0,0,-0.291096716,-0.214843222,3.85139801e-18,8.21170876e-19,0,nan,0,nan,nan,0,0
L4-001-I005-s0.625000-t1002-N128-ref,I005,0.625,1002,0,DIED,1.65129053e-07,0.514903989,0.916440217,0.523529412,0.261885971,0.120220527,0.224075835,0.0909348413,0.759839007,0.135294118,0.253640252,0.0966201101,0.176661007,0.0395854626,3.75234949e-18,0.277785229,0,0.708616645,0.784320558,7.32940147e-18,1.64234175e-18,0,nan,0,nan,nan,0,0
L4-001-I005-s0.625000-t1003-N128-ref,I005,0.625,1003,0,DIED,2.81220958e-07,0.499062864,0.955677131,0.532544379,0.241918906,0.113969777,0.217701719,0.0845320395,0.828835557,0.136094675,0.24297422,0.0608611882,0.16911757,0.0368171858,0,nan,0,nan,nan,0,0,0,nan,0,nan,nan,0,0
L4-001-I005-s0.625000-t1004-N128-ref,I005,0.625,1004,0,DIED,2.22570843e-07,0.511308946,0.919412875,0.511627907,0.246447092,0.11256858,0.223503777,0.0918717702,0.737253557,0.133333333,0.30230575,0.15503258,0.179060141,0.0400206179,3.77366731e-18,0.361071779,0,0.700828525,0.780413155,7.34816105e-18,1.64234175e-18,0,nan,0,nan,nan,0,0
L4-001-I005-s0.650000-t1000-N128-ref,I005,0.65,1000,0,DIED,2.35694951e-07,0.469117369,0.850610723,0.491017964,0.338643655,0.182964534,0.204980764,0.0779887409,0.668963773,0.124260355,0.280109636,0.156778554,0.165783748,0.0339824795,0,nan,0,nan,nan,0,0,0,nan,0,nan,nan,0,0
L4-001-I005-s0.650000-t1001-N128-ref,I005,0.65,1001,0,DIED,2.19869642e-07,0.45579484,0.902884003,0.488095238,0.310843232,0.17680652,0.19846622,0.0702402782,0.770913746,0.109195402,0.222567977,0.0710968848,0.153734745,0.0305111537,0,nan,0,nan,nan,0,0,0,nan,0,nan,nan,0,0
L4-001-I005-s0.650000-t1002-N128-ref,I005,0.65,1002,0,DIED,2.7530603e-07,0.469622572,0.880454765,0.488235294,0.335318055,0.178256728,0.204370275,0.0778312177,0.684971258,0.111764706,0.450606248,0.257370484,0.165783577,0.0338812353,3.75234949e-18,0.277785229,0,0.708616645,0.784320558,8.03610872e-18,1.64234175e-18,0,nan,0,nan,nan,0,0
L4-001-I005-s0.650000-t1003-N128-ref,I005,0.65,1003,0,DIED,3.59178662e-07,0.454726718,0.850066584,0.49704142,0.36497036,0.207325705,0.198361359,0.0726512615,0.650018328,0.112426036,0.375975782,0.23053468,0.159520068,0.0316426175,0,nan,0,nan,nan,0,0,0,nan,0,nan,nan,0,0
L4-001-I005-s0.650000-t1004-N128-ref,I005,0.65,1004,0,DIED,4.12658671e-07,0.463810944,0.876337181,0.48255814,0.329342775,0.175323473,0.202741413,0.0762060415,0.719050151,0.115151515,0.331754382,0.165046513,0.163737683,0.0331964091,1.88683366e-18,0,0,-0.299171475,-0.219586845,4.05033617e-18,8.21170876e-19,0,nan,0,nan,nan,0,0
L4-001-I005-s0.675000-t1000-N128-ref,I005,0.675,1000,0,DIED,1.00387331e-07,0.428941443,0.880271904,0.467065868,0.345845835,0.208005885,0.1874259,0.0607253209,0.741508834,0.106508876,0.257787754,0.101832353,0.141176812,0.0264601909,0,nan,0,nan,nan,0,0,0,nan,0,nan,nan,0,0
L4-001-I005-s0.675000-t1001-N128-ref,I005,0.675,1001,0,DIED,2.74497677e-07,0.421231338,0.825989203,0.470238095,0.387396356,0.241072114,0.183416274,0.0570170607,0.451036926,0.091954023,0.409798322,0.291562947,0.135032828,0.0247672183,0,nan,0,nan,nan,0,0,0,nan,0,nan,nan,0,0
L4-001-I005-s0.675000-t1002-N128-ref,I005,0.675,1002,0,DIED,4.52959671e-07,0.411754951,0.841645354,0.458823529,0.397252217,0.248258098,0.179187453,0.0539637186,0.571237029,0.0823529412,0.398454427,0.268714058,0.131099092,0.0234913124,0,nan,0,nan,nan,0,0,0,nan,0,nan,nan,0,0
L4-001-I005-s0.675000-t1003-N128-ref,I005,0.675,1003,0,DIED,6.8275394e-08,0.442328353,0.85725115,0.49112426,0.367728704,0.213627843,0.192952932,0.0670264261,0.663390435,0.106508876,0.368953493,0.225534308,0.151294773,0.0291927699,0,nan,0,nan,nan,0,0,0,nan,0,nan,nan,0,0
L4-001-I005-s0.675000-t1004-N128-ref,I005,0.675,1004,0,DIED,4.83798084e-07,0.425272562,0.852809031,0.453488372,0.37728033,0.228343752,0.185895484,0.0622646935,0.659350832,0.096969697,0.355341027,0.230131453,0.145906527,0.0271233644,1.88683366e-18,0,0,-0.299171475,-0.219586845,4.41737938e-18,8.21170876e-19,0,nan,0,nan,nan,0,0
L4-001-I005-s0.700000-t1000-N128-ref,I005,0.7,1000,0,DIED,3.5539709e-07,0.369358989,0.781499433,0.431137725,0.45223291,0.304636053,0.161391355,0.0410529048,0.303142932,0.0828402367,0.492287304,0.365632249,0.110837514,0.0178882167,0,nan,0,nan,nan,0,0,0,nan,0,nan,nan,0,0
L4-001-I005-s0.700000-t1001-N128-ref,I005,0.7,1001,0,DIED,1.24706648e-07,0.381451247,0.817618718,0.446428571,0.420480983,0.275689584,0.166094875,0.044644938,0.381179066,0.0747126437,0.415133375,0.291175897,0.11675847,0.0193929836,0,nan,0,nan,nan,0,0,0,nan,0,nan,nan,0,0
L4-001-I005-s0.700000-t1002-N128-ref,I005,0.7,1002,0,DIED,3.10642022e-07,0.397145442,0.830674783,0.447058824,0.415018424,0.272682332,0.172829689,0.0508731482,0.587968109,0.0764705882,0.400039731,0.290287792,0.128137332,0.0221459352,0,nan,0,nan,nan,0,0,0,nan,0,nan,nan,0,0
L4-001-I005-s0.700000-t1003-N128-ref,I005,0.7,1003,0,DIED,4.82365165e-07,0.386248036,0.842798539,0.455621302,0.417352981,0.27171288,0.168489518,0.0467231625,0.649222945,0.0828402367,0.405085612,0.264589521,0.120778209,0.0203498622,0,nan,0,nan,nan,0,0,0,nan,0,nan,nan,0,0
L4-001-I005-s0.700000-t1004-N128-ref,I005,0.7,1004,0,DIED,2.51463691e-07,0.403925528,0.831955641,0.441860465,0.397092765,0.247874713,0.176564251,0.054427311,0.65150557,0.0909090909,0.330638027,0.205751603,0.134281383,0.0237092919,0,nan,0,nan,nan,0,0,0,nan,0,nan,nan,0,0
L4-001-I005-s0.725000-t1000-N128-ref,I005,0.725,1000,0,DIED,4.95233618e-07,0.359307835,0.791155724,0.425149701,0.455271714,0.318865485,0.156999505,0.0377635927,0.31191613,0.0769230769,0.514091386,0.424814195,0.104808903,0.0164549459,0,nan,0,nan,nan,0,0,0,nan,0,nan,nan,0,0
L4-001-I005-s0.725000-t1001-N128-ref,I005,0.725,1001,0,DIED,2.40859635e-07,0.352554139,0.813028521,0.428571429,0.445325125,0.315971826,0.153512241,0.034895857,0.409501473,0.0632183908,0.438229606,0.354447126,0.0987423056,0.0151581526,0,nan,0,nan,nan,0,0,0,nan,0,nan,nan,0,0
L4-001-I005-s0.725000-t1002-N128-ref,I005,0.725,1002,0,DIED,4.08969951e-07,0.371150946,0.810272744,0.429411765,0.444196628,0.297252708,0.161517409,0.0443701443,0.524865849,0.0647058824,0.468841982,0.329739722,0.119585056,0.0193150685,0,nan,0,nan,nan,0,0,0,nan,0,nan,nan,0,0
L4-001-I005-s0.725000-t1003-N128-ref,I005,0.725,1003,0,DIED,1.30160628e-07,0.342989261,0.79262491,0.426035503,0.473459763,0.333308728,0.14961913,0.0340003164,0.486418738,0.0591715976,0.616651373,0.452185041,0.0989749005,0.0148085385,0,nan,0,nan,nan,0,0,0,nan,0,nan,nan,0,0
L4-001-I005-s0.725000-t1004-N128-ref,I005,0.725,1004,0,DIED,2.61845133e-08,0.350575796,0.758685021,0.401162791,0.472997143,0.314174889,0.153243974,0.0397418063,0.28668011,0.0666666667,0.471840485,0.350543191,0.112970721,0.0173120822,0,nan,0,nan,nan,0,0,0,nan,0,nan,nan,0,0
L4-001-I005-s0.750000-t1000-N128-ref,I005,0.75,1000,0,DIED,1.73295513e-07,0.322417259,0.784146163,0.395209581,0.478061845,0.346448399,0.140880173,0.0284287469,0.261953053,0.0591715976,0.516728492,0.382557769,0.0879287694,0.0123874203,0,nan,0,nan,nan,0,0,0,nan,0,nan,nan,0,0
L4-001-I005-s0.750000-t1001-N128-ref,I005,0.75,1001,0,DIED,2.92823389e-07,0.334063095,0.794764486,0.416666667,0.471144047,0.348769136,0.145460707,0.0312697067,0.372019808,0.0574712644,0.555011284,0.454972547,0.0933792795,0.013583016,0,nan,0,nan,nan,0,0,0,nan,0,nan,nan,0,0
L4-001-I005-s0.750000-t1002-N128-ref,I005,0.75,1002,0,DIED,3.8394463e-07,0.328182979,0.806633701,0.405882353,0.46919212,0.340150043,0.142818616,0.0286012292,0.501250031,0.0470588235,0.432182124,0.36032924,0.0871776763,0.0124505951,0,nan,0,nan,nan,0,0,0,nan,0,nan,nan,0,0
L4-001-I005-s0.750000-t1003-N128-ref,I005,0.75,1003,0,DIED,5.98248731e-08,0.331116404,0.73874256,0.414201183,0.503287712,0.351706834,0.14443994,0.0319730707,0.280389549,0.0532544379,0.543072362,0.436756791,0.0964109338,0.0139255895,0,nan,0,nan,nan,0,0,0,nan,0,nan,nan,0,0
L4-001-I005-s0.750000-t1004-N128-ref,I005,0.75,1004,0,DIED,1.61152193e-07,0.310947998,0.772963975,0.377906977,0.496501749,0.366928461,0.135921839,0.0247910411,0.281497681,0.0484848485,0.570905921,0.441767795,0.0794524382,0.0107993215,0,nan,0,nan,nan,0,0,0,nan,0,nan,nan,0,0
L4-001-I005-s0.775000-t1000-N128-ref,I005,0.775,1000,0,DIED,6.10773397e-08,0.294099972,0.77892516,0.377245509,0.503534182,0.388655768,0.128506939,0.0201993009,0.269255398,0.0473372781,0.586244872,0.457095391,0.0684909066,0.00880155675,0,nan,0,nan,nan,0,0,0,nan,0,nan,nan,0,0
L4-001-I005-s0.775000-t1001-N128-ref,I005,0.775,1001,0,DIED,4.03054613e-07,0.309109984,0.768588185,0.398809524,0.490351093,0.366531641,0.134595403,0.027043239,0.288609581,0.0517241379,0.531701699,0.460125274,0.087277216,0.0117471121,0,nan,0,nan,nan,0,0,0,nan,0,nan,nan,0,0
L4-001-I005-s0.775000-t1002-N128-ref,I005,0.775,1002,0,DIED,1.35401359e-07,0.283870836,0.740661962,0.370588235,0.529934246,0.409772292,0.123534865,0.0192260284,0.258067182,0.0352941176,0.598027129,0.532285461,0.067749399,0.00836941283,0,nan,0,nan,nan,0,0,0,nan,0,nan,nan,0,0
L4-001-I005-s0.775000-t1003-N128-ref,I005,0.775,1003,0,DIED,4.54804352e-07,0.284391272,0.749358315,0.378698225,0.525943374,0.394665057,0.124057455,0.0205313329,0.245237732,0.0355029586,0.572713817,0.46980862,0.072081451,0.00894224135,0,nan,0,nan,nan,0,0,0,nan,0,nan,nan,0,0
L4-001-I005-s0.775000-t1004-N128-ref,I005,0.775,1004,0,DIED,1.16224679e-07,0.299736098,0.785034339,0.372093023,0.498548303,0.381308223,0.131020884,0.0216369221,0.298267668,0.0424242424,0.589588409,0.524837605,0.0719377186,0.00942534347,0,nan,0,nan,nan,0,0,0,nan,0,nan,nan,0,0
L4-001-I005-s0.800000-t1000-N128-ref,I005,0.8,1000,0,DIED,2.6949663e-07,0.26478844,0.760706004,0.347305389,0.523288811,0.422727291,0.115699269,0.0147230395,0.255249062,0.0355029586,0.614625897,0.555337801,0.0554485271,0.00641535408,0,nan,0,nan,nan,0,0,0,nan,0,nan,nan,0,0
L4-001-I005-s0.800000-t1001-N128-ref,I005,0.8,1001,0,DIED,4.23499894e-07,0.263853849,0.734454321,0.369047619,0.534235164,0.424045736,0.114889577,0.0152181751,0.247692229,0.0344827586,0.611638737,0.526931221,0.057537946,0.00661051025,0,nan,0,nan,nan,0,0,0,nan,0,nan,nan,0,0
L4-001-I005-s0.800000-t1002-N128-ref,I005,0.8,1002,0,DIED,2.15582192e-08,0.265193861,0.732967313,0.352941176,0.542608908,0.430849851,0.115407022,0.0159261084,0.269827584,0.0294117647,0.622283338,0.597605756,0.0600734877,0.00693290229,0,nan,0,nan,nan,0,0,0,nan,0,nan,nan,0,0
L4-001-I005-s0.800000-t1003-N128-ref,I005,0.8,1003,0,DIED,4.50490034e-07,0.26321851,0.774489876,0.366863905,0.53080797,0.420081776,0.11482145,0.0129112856,0.251097075,0.0236686391,0.632765212,0.508094382,0.0489751416,0.0056233968,0,nan,0,nan,nan,0,0,0,nan,0,nan,nan,0,0
L4-001-I005-s0.800000-t1004-N128-ref,I005,0.8,1004,0,DIED,9.9729889e-08,0.277103948,0.769445433,0.343023256,0.515881359,0.396380739,0.1211279,0.0190574626,0.262600048,0.0363636364,0.589725945,0.524922836,0.0685366058,0.00830169516,0,nan,0,nan,nan,0,0,0,nan,0,nan,nan,0,0
L4-001-I005-s0.825000-t1000-N128-ref,I005,0.825,1000,0,DIED,4.26456293e-07,0.241642315,0.742464156,0.323353293,0.540862172,0.438078872,0.105585574,0.0120672696,0.215859511,0.0295857988,0.586508947,0.519801958,0.0497997986,0.0052581403,0,nan,0,nan,nan,0,0,0,nan,0,nan,nan,0,0
L4-001-I005-s0.825000-t1001-N128-ref,I005,0.825,1001,0,DIED,1.75521974e-08,0.235857096,0.740239433,0.345238095,0.549615407,0.460371009,0.102698982,0.00947521603,0.233693952,0.0229885057,0.652254925,0.612968897,0.0400770167,0.00411586884,0,nan,0,nan,nan,0,0,0,nan,0,nan,nan,0,0
L4-001-I005-s0.825000-t1002-N128-ref,I005,0.825,1002,0,DIED,2.84125758e-08,0.236892933,0.748668256,0.329411765,0.550423514,0.445200554,0.103091028,0.0107207427,0.222761611,0.0176470588,0.62720079,0.5588268,0.0452698874,0.00466691924,0,nan,0,nan,nan,0,0,0,nan,0,nan,nan,0,0
L4-001-I005-s0.825000-t1003-N128-ref,I005,0.825,1003,0,DIED,3.64420653e-07,0.245734057,0.757653426,0.343195266,0.548142587,0.449528218,0.107194364,0.0101556667,0.280569407,0.0177514793,0.648595168,0.61608902,0.0412634681,0.00442321123,0,nan,0,nan,nan,0,0,0,nan,0,nan,nan,0,0
L4-001-I005-s0.825000-t1004-N128-ref,I005,0.825,1004,0,DIED,4.09099724e-07,0.23435034,0.738059732,0.313953488,0.556262913,0.45368867,0.102439409,0.00892304355,0.245394391,0.0181818182,0.646806805,0.58281013,0.0379443967,0.00388700158,0,nan,0,nan,nan,0,0,0,nan,0,nan,nan,0,0
L4-001-I005-s0.850000-t1000-N128-ref,I005,0.85,1000,0,DIED,4.48214649e-08,0.205953509,0.710680429,0.28742515,0.571737982,0.483094584,0.0899913552,0.00629174278,0.210322748,0.0177514793,0.645072043,0.585920522,0.0304644486,0.00274153701,0,nan,0,nan,nan,0,0,0,nan,0,nan,nan,0,0
L4-001-I005-s0.850000-t1001-N128-ref,I005,0.85,1001,0,DIED,2.17948951e-08,0.212828395,0.717413645,0.31547619,0.566039111,0.484870794,0.0926716218,0.00692108171,0.249625764,0.0172413793,0.67242373,0.647816375,0.0324414024,0.00300639737,0,nan,0,nan,nan,0,0,0,nan,0,nan,nan,0,0
L4-001-I005-s0.850000-t1002-N128-ref,I005,0.85,1002,0,DIED,1.1182177e-08,0.210819765,0.740160509,0.3,0.568754864,0.478035951,0.0917445112,0.0050755967,0.226735702,0.00588235294,0.673766685,0.635402789,0.0240831021,0.00220949243,0,nan,0,nan,nan,0,0,0,nan,0,nan,nan,0,0
L4-001-I005-s0.850000-t1003-N128-ref,I005,0.85,1003,0,DIED,3.18611978e-09,0.208150447,0.717468339,0.307692308,0.577856853,0.480210128,0.0907996032,0.00665744596,0.19086411,0.0118343195,0.636325268,0.600020382,0.0319339721,0.00289959199,0,nan,0,nan,nan,0,0,0,nan,0,nan,nan,0,0
L4-001-I005-s0.850000-t1004-N128-ref,I005,0.85,1004,0,DIED,2.12049464e-08,0.203752322,0.714389679,0.284883721,0.579897529,0.497276573,0.0890643788,0.00491882889,0.236324564,0.00606060606,0.672054151,0.658337378,0.024057992,0.00214271012,0,nan,0,nan,nan,0,0,0,nan,0,nan,nan,0,0
L4-001-I005-s0.875000-t1000-N128-ref,I005,0.875,1000,0,DIED,9.67224653e-09,0.183967358,0.70818569,0.269461078,0.584258099,0.513475904,0.0803845097,0.00268055425,0.190094244,0.00591715976,0.675411875,0.712997946,0.014530327,0.00116801321,0,nan,0,nan,nan,0,0,0,nan,0,nan,nan,0,0
L4-001-I005-s0.875000-t1001-N128-ref,I005,0.875,1001,0,DIED,1.8187999e-08,0.185351796,0.732058188,0.291666667,0.572366186,0.496434317,0.0807075182,0.00404495029,0.179536961,0.0114942529,0.672884979,0.646874751,0.0217706603,0.00175705597,0,nan,0,nan,nan,0,0,0,nan,0,nan,nan,0,0
L4-001-I005-s0.875000-t1002-N128-ref,I005,0.875,1002,0,DIED,3.96768786e-08,0.18507691,0.701722915,0.264705882,0.588874625,0.511296487,0.0805417397,0.00312957875,0.28427394,0,0.685946153,0.72583289,0.0169149333,0.00136235815,0,nan,0,nan,nan,0,0,0,nan,0,nan,nan,0,0
L4-001-I005-s0.875000-t1003-N128-ref,I005,0.875,1003,0,DIED,4.38045834e-09,0.183136964,0.713161082,0.284023669,0.592456026,0.506870249,0.0798881956,0.00230230628,0.157923363,0,0.66318118,0.632964682,0.0125519074,0.00100274923,0,nan,0,nan,nan,0,0,0,nan,0,nan,nan,0,0
L4-001-I005-s0.875000-t1004-N128-ref,I005,0.875,1004,0,DIED,1.99113392e-08,0.1903671,0.680631669,0.261627907,0.593420742,0.508024836,0.0832134199,0.00491882889,0.236324564,0.00606060606,0.672054151,0.658337378,0.025749574,0.00214271012,0,nan,0,nan,nan,0,0,0,nan,0,nan,nan,0,0
L4-001-I005-s0.900000-t1000-N128-ref,I005,0.9,1000,0,DIED,6.21497923e-10,0.151200187,0.700288972,0.221556886,0.593385564,0.532228262,0.0660668994,0.00125214271,0.220167173,0,0.69285327,0.662042086,0.0082583457,0.000545603294,0,nan,0,nan,nan,0,0,0,nan,0,nan,nan,0,0
L4-001-I005-s0.900000-t1001-N128-ref,I005,0.9,1001,0,DIED,4.51562578e-08,0.161670629,0.725508666,0.267857143,0.585808541,0.520643071,0.0703960548,0.000788111331,0,0,-0.296433412,-0.21638625,0.00486308272,0.000342341838,0,nan,0,nan,nan,0,0,0,nan,0,nan,nan,0,0
L4-001-I005-s0.900000-t1002-N128-ref,I005,0.9,1002,0,DIED,2.90836089e-08,0.158176838,0.702938538,0.229411765,0.59571009,0.524895293,0.0688353709,0.00186796968,0.187943005,0,0.698829709,0.755922045,0.0118130917,0.000813158552,0,nan,0,nan,nan,0,0,0,nan,0,nan,nan,0,0
L4-001-I005-s0.900000-t1003-N128-ref,I005,0.9,1003,0,DIED,3.73614029e-08,0.157797153,0.709657756,0.25443787,0.603654681,0.536187356,0.0688344374,0.000483169999,0,0,-0.294846257,-0.215985521,0.00305719707,0.00021044044,0,nan,0,nan,nan,0,0,0,nan,0,nan,nan,0,0
L4-001-I005-s0.900000-t1004-N128-ref,I005,0.9,1004,0,DIED,1.40575693e-08,0.152884085,0.69419159,0.220930233,0.603330064,0.534038223,0.0668288141,0.00123775088,0.188328792,0,0.698243986,0.751425728,0.00806809855,0.000539181458,0,nan,0,nan,nan,0,0,0,nan,0,nan,nan,0,0
L4-001-I005-s0.925000-t1000-N128-ref,I005,0.925,1000,0,DIED,4.84936127e-08,0.128304315,0.659076932,0.191616766,0.609321478,0.555097065,0.0560625515,0.000600379874,0.195525649,0,0.705122648,0.784309822,0.00466634044,0.000261606951,0,nan,0,nan,nan,0,0,0,nan,0,nan,nan,0,0
L4-001-I005-s0.925000-t1001-N128-ref,I005,0.925,1001,0,DIED,1.77357326e-08,0.124589858,0.677223709,0.208333333,0.602880031,0.549558254,0.0542500177,0,nan,0,nan,nan,0,0,0,nan,0,nan,nan,0,0,0,nan,0,nan,nan,0,0
L4-001-I005-s0.925000-t1002-N128-ref,I005,0.925,1002,0,DIED,2.50507031e-08,0.126055185,0.665000417,0.188235294,0.616087508,0.551464074,0.0548566749,9.80598054e-05,0,0,-0.292476828,-0.214925082,0.000778156515,4.2687079e-05,0,nan,0,nan,nan,0,0,0,nan,0,nan,nan,0,0
L4-001-I005-s0.925000-t1003-N128-ref,I005,0.925,1003,0,DIED,3.40092092e-08,0.127025204,0.689831717,0.213017751,0.616049313,0.557460464,0.055411066,0,nan,0,nan,nan,0,0,0,nan,0,nan,nan,0,0,0,nan,0,nan,nan,0,0
L4-001-I005-s0.925000-t1004-N128-ref,I005,0.925,1004,0,DIED,9.00131085e-09,0.132057565,0.676855304,0.197674419,0.619805627,0.563537852,0.057725109,4.85666309e-05,0,0,-0.295107575,-0.215509666,0.000366500795,2.11562983e-05,0,nan,0,nan,nan,0,0,0,nan,0,nan,nan,0,0
L4-001-I005-s0.950000-t1000-N128-ref,I005,0.95,1000,0,DIED,3.64606764e-08,0.11203262,0.667421733,0.179640719,0.619279865,0.573930393,0.0489526365,0,nan,0,nan,nan,0,0,0,nan,0,nan,nan,0,0,0,nan,0,nan,nan,0,0
L4-001-I005-s0.950000-t1001-N128-ref,I005,0.95,1001,0,DIED,1.57921787e-08,0.100872932,0.671089511,0.178571429,0.613865905,0.571253085,0.0439229842,0,nan,0,nan,nan,0,0,0,nan,0,nan,nan,0,0,0,nan,0,nan,nan,0,0
L4-001-I005-s0.950000-t1002-N128-ref,I005,0.95,1002,0,DIED,3.50046812e-08,0.103421921,0.653973818,0.158823529,0.624046121,0.575748739,0.045007135,0,nan,0,nan,nan,0,0,0,nan,0,nan,nan,0,0,0,nan,0,nan,nan,0,0
L4-001-I005-s0.950000-t1003-N128-ref,I005,0.95,1003,0,DIED,1.06784431e-09,0.103031944,0.639132359,0.177514793,0.633365495,0.58222494,0.0449447011,0,nan,0,nan,nan,0,0,0,nan,0,nan,nan,0,0,0,nan,0,nan,nan,0,0
L4-001-I005-s0.950000-t1004-N128-ref,I005,0.95,1004,0,DIED,3.6852832e-08,0.107646131,0.664461056,0.162790698,0.621288979,0.570114963,0.0470543631,0,nan,0,nan,nan,0,0,0,nan,0,nan,nan,0,0,0,nan,0,nan,nan,0,0
L4-001-I005-s0.975000-t1000-N128-ref,I005,0.975,1000,0,DIED,3.69701359e-09,0.0791635384,0.631146892,0.131736527,0.62171878,0.584453376,0.0345904963,0,nan,0,nan,nan,0,0,0,nan,0,nan,nan,0,0,0,nan,0,nan,nan,0,0
L4-001-I005-s0.975000-t1001-N128-ref,I005,0.975,1001,0,DIED,2.13947977e-08,0.0815598735,0.628641669,0.148809524,0.625875633,0.586945051,0.0355135214,0,nan,0,nan,nan,0,0,0,nan,0,nan,nan,0,0,0,nan,0,nan,nan,0,0
L4-001-I005-s0.975000-t1002-N128-ref,I005,0.975,1002,0,DIED,4.42575282e-08,0.0748746905,0.603240533,0.117647059,0.635667027,0.599831656,0.0325839557,0,nan,0,nan,nan,0,0,0,nan,0,nan,nan,0,0,0,nan,0,nan,nan,0,0
L4-001-I005-s0.975000-t1003-N128-ref,I005,0.975,1003,0,DIED,6.81889575e-09,0.0893962092,0.652388709,0.159763314,0.640616403,0.600667704,0.0389965068,0,nan,0,nan,nan,0,0,0,nan,0,nan,nan,0,0,0,nan,0,nan,nan,0,0
L4-001-I005-s0.975000-t1004-N128-ref,I005,0.975,1004,0,DIED,2.98147016e-08,0.0817740303,0.598046301,0.127906977,0.645014836,0.606927324,0.0357451298,0,nan,0,nan,nan,0,0,0,nan,0,nan,nan,0,0,0,nan,0,nan,nan,0,0
L4-001-I005-s1.000000-t1000-N128-ref,I005,1,1000,0,DIED,1.46830188e-08,0.0591036125,0.601327764,0.107784431,0.641284249,0.617570087,0.0258253147,0,nan,0,nan,nan,0,0,0,nan,0,nan,nan,0,0,0,nan,0,nan,nan,0,0
L4-001-I005-s1.000000-t1001-N128-ref,I005,1,1001,0,DIED,3.2603489e-08,0.0600496108,0.586388596,0.113095238,0.632937036,0.608709616,0.0261473326,0,nan,0,nan,nan,0,0,0,nan,0,nan,nan,0,0,0,nan,0,nan,nan,0,0
L4-001-I005-s1.000000-t1002-N128-ref,I005,1,1002,0,DIED,7.03292898e-09,0.0625727679,0.57969056,0.1,0.648291588,0.619391511,0.027230407,0,nan,0,nan,nan,0,0,0,nan,0,nan,nan,0,0,0,nan,0,nan,nan,0,0
L4-001-I005-s1.000000-t1003-N128-ref,I005,1,1003,0,DIED,2.18906178e-08,0.0516972363,0.558758683,0.100591716,0.651946269,0.623214003,0.0225514219,0,nan,0,nan,nan,0,0,0,nan,0,nan,nan,0,0,0,nan,0,nan,nan,0,0
L4-001-I005-s1.000000-t1004-N128-ref,I005,1,1004,0,DIED,1.84090786e-08,0.0603913568,0.584017389,0.0988372093,0.651065386,0.624947968,0.0263983184,0,nan,0,nan,nan,0,0,0,nan,0,nan,nan,0,0,0,nan,0,nan,nan,0,0
