run_id,intervention,strength,t0,achieved_dmass_frac,final_mass,win_mass_mean,net_speed,n_units,l4_class
L4-002-none-s0.000000-t3000-N128-ref,none,0,3000,0,0.434829,0.435815,0.479393,1,RECOVERED
L4-002-none-s0.000000-t3001-N128-ref,none,0,3001,0,0.435778,0.435806,0.47938,1,RECOVERED
L4-002-none-s0.000000-t3002-N128-ref,none,0,3002,0,0.435865,0.43581,0.479387,1,RECOVERED
L4-002-none-s0.000000-t3003-N128-ref,none,0,3003,0,0.43703,0.435814,0.479398,1,RECOVERED
L4-002-none-s0.000000-t3004-N128-ref,none,0,3004,0,0.435636,0.435773,0.479416,1,RECOVERED
L4-002-I001-s0.020000-t3000-N128-ref,I001,0.02,3000,-0.02,0.434718,0.435768,0.479453,1,RECOVERED
L4-002-I001-s0.020000-t3001-N128-ref,I001,0.02,3001,-0.02,0.435137,0.435788,0.479419,1,RECOVERED
L4-002-I001-s0.020000-t3002-N128-ref,I001,0.02,3002,-0.02,0.436751,0.435818,0.479376,1,RECOVERED
L4-002-I001-s0.020000-t3003-N128-ref,I001,0.02,3003,-0.02,0.433753,0.435797,0.479406,1,RECOVERED
L4-002-I001-s0.020000-t3004-N128-ref,I001,0.02,3004,-0.02,0.435976,0.435839,0.479385,1,RECOVERED
L4-002-I001-s0.040000-t3000-N128-ref,I001,0.04,3000,-0.04,0.436476,0.435766,0.479424,1,RECOVERED
L4-002-I001-s0.040000-t3001-N128-ref,I001,0.04,3001,-0.04,0.435065,0.4358,0.479404,1,RECOVERED
L4-002-I001-s0.040000-t3002-N128-ref,I001,0.04,3002,-0.04,0.435795,0.435811,0.47941,1,RECOVERED
L4-002-I001-s0.040000-t3003-N128-ref,I001,0.04,3003,-0.04,0.433734,0.435642,0.479611,1,RECOVERED
L4-002-I001-s0.040000-t3004-N128-ref,I001,0.04,3004,-0.04,0.43601,0.435792,0.479422,1,RECOVERED
L4-002-I001-s0.060000-t3000-N128-ref,I001,0.06,3000,-0.06,0.435162,0.435815,0.479403,1,RECOVERED
L4-002-I001-s0.060000-t3001-N128-ref,I001,0.06,3001,-0.06,0.437583,0.43582,0.479398,1,RECOVERED
L4-002-I001-s0.060000-t3002-N128-ref,I001,0.06,3002,-0.06,0.433666,0.435791,0.479422,1,RECOVERED
L4-002-I001-s0.060000-t3003-N128-ref,I001,0.06,3003,-0.06,0.435424,0.4358,0.479409,1,RECOVERED
L4-002-I001-s0.060000-t3004-N128-ref,I001,0.06,3004,-0.06,0.436125,0.435802,0.479413,1,RECOVERED
L4-002-I001-s0.080000-t3000-N128-ref,I001,0.08,3000,-0.08,0.435846,0.435783,0.479426,1,RECOVERED
L4-002-I001-s0.080000-t3001-N128-ref,I001,0.08,3001,-0.08,0.43537,0.435799,0.479403,1,RECOVERED
L4-002-I001-s0.080000-t3002-N128-ref,I001,0.08,3002,-0.08,0.436358,0.435742,0.479548,1,RECOVERED
L4-002-I001-s0.080000-t3003-N128-ref,I001,0.08,3003,-0.08,0.434185,0.435796,0.479425,1,RECOVERED
L4-002-I001-s0.080000-t3004-N128-ref,I001,0.08,3004,-0.08,0.43682,0.435802,0.479376,1,RECOVERED
L4-002-I001-s0.100000-t3000-N128-ref,I001,0.1,3000,-0.1,0.434804,0.435797,0.479416,1,RECOVERED
L4-002-I001-s0.100000-t3001-N128-ref,I001,0.1,3001,-0.1,0,0,0,0,DIED
L4-002-I001-s0.100000-t3002-N128-ref,I001,0.1,3002,-0.1,0,0,0,0,DIED
L4-002-I001-s0.100000-t3003-N128-ref,I001,0.1,3003,-0.1,0,0,0,0,DIED
L4-002-I001-s0.100000-t3004-N128-ref,I001,0.1,3004,-0.1,0,0,0,0,DIED
L4-002-I001-s0.120000-t3000-N128-ref,I001,0.12,3000,-0.12,0,0,0,0,DIED
L4-002-I001-s0.120000-t3001-N128-ref,I001,0.12,3001,-0.12,0,0,0,0,DIED
L4-002-I001-s0.120000-t3002-N128-ref,I001,0.12,3002,-0.12,0,0,0,0,DIED
L4-002-I001-s0.120000-t3003-N128-ref,I001,0.12,3003,-0.12,0,0,0,0,DIED
L4-002-I001-s0.120000-t3004-N128-ref,I001,0.12,3004,-0.12,0,0,0,0,DIED
L4-002-I001-s0.140000-t3000-N128-ref,I001,0.14,3000,-0.14,0,0,0,0,DIED
L4-002-I001-s0.140000-t3001-N128-ref,I001,0.14,3001,-0.14,0,0,0,0,DIED
L4-002-I001-s0.140000-t3002-N128-ref,I001,0.14,3002,-0.14,0,0,0,0,DIED
L4-002-I001-s0.140000-t3003-N128-ref,I001,0.14,3003,-0.14,0,0,0,0,DIED
L4-002-I001-s0.140000-t3004-N128-ref,I001,0.14,3004,-0.14,0,0,0,0,DIED
L4-002-I001-s0.160000-t3000-N128-ref,I001,0.16,3000,-0.16,0,0,0,0,DIED
L4-002-I001-s0.160000-t3001-N128-ref,I001,0.16,3001,-0.16,0,0,0,0,DIED
L4-002-I001-s0.160000-t3002-N128-ref,I001,0.16,3002,-0.16,0,0,0,0,DIED
L4-002-I001-s0.160000-t3003-N128-ref,I001,0.16,3003,-0.16,0,0,0,0,DIED
L4-002-I001-s0.160000-t3004-N128-ref,I001,0.16,3004,-0.16,0,0,0,0,DIED
L4-002-I001-s0.180000-t3000-N128-ref,I001,0.18,3000,-0.18,0,0,0,0,DIED
L4-002-I001-s0.180000-t3001-N128-ref,I001,0.18,3001,-0.18,0,0,0,0,DIED
L4-002-I001-s0.180000-t3002-N128-ref,I001,0.18,3002,-0.18,0,0,0,0,DIED
L4-002-I001-s0.180000-t3003-N128-ref,I001,0.18,3003,-0.18,0,0,0,0,DIED
L4-002-I001-s0.180000-t3004-N128-ref,I001,0.18,3004,-0.18,0,0,0,0,DIED
L4-002-I001-s0.200000-t3000-N128-ref,I001,0.2,3000,-0.2,0,0,0,0,DIED
L4-002-I001-s0.200000-t3001-N128-ref,I001,0.2,3001,-0.2,0,0,0,0,DIED
L4-002-I001-s0.200000-t3002-N128-ref,I001,0.2,3002,-0.2,0,0,0,0,DIED
L4-002-I001-s0.200000-t3003-N128-ref,I001,0.2,3003,-0.2,0,0,0,0,DIED
L4-002-I001-s0.200000-t3004-N128-ref,I001,0.2,3004,-0.2,0,0,0,0,DIED
L4-002-I004-s0.050000-t3000-N128-ref,I004,0.05,3000,-0.0521365,0.436336,0.436104,0.477809,1,RECOVERED
L4-002-I004-s0.050000-t3001-N128-ref,I004,0.05,3001,-0.052628,0.435715,0.4361,0.477911,1,RECOVERED
L4-002-I004-s0.050000-t3002-N128-ref,I004,0.05,3002,-0.0536661,0.43703,0.436115,0.477839,1,RECOVERED
L4-002-I004-s0.050000-t3003-N128-ref,I004,0.05,3003,-0.0537959,0.434875,0.436106,0.477879,1,RECOVERED
L4-002-I004-s0.050000-t3004-N128-ref,I004,0.05,3004,-0.0545921,0.43674,0.436105,0.477878,1,RECOVERED
L4-002-I004-s0.100000-t3000-N128-ref,I004,0.1,3000,-0.103274,0,0,0,0,DIED
L4-002-I004-s0.100000-t3001-N128-ref,I004,0.1,3001,-0.100459,0,0,0,0,DIED
L4-002-I004-s0.100000-t3002-N128-ref,I004,0.1,3002,-0.101074,0,0,0,0,DIED
L4-002-I004-s0.100000-t3003-N128-ref,I004,0.1,3003,-0.101451,0,0,0,0,DIED
L4-002-I004-s0.100000-t3004-N128-ref,I004,0.1,3004,-0.101906,0,0,0,0,DIED
L4-002-I004-s0.150000-t3000-N128-ref,I004,0.15,3000,-0.154295,0,0,0,0,DIED
L4-002-I004-s0.150000-t3001-N128-ref,I004,0.15,3001,-0.154268,0,0,0,0,DIED
L4-002-I004-s0.150000-t3002-N128-ref,I004,0.15,3002,-0.153891,0,0,0,0,DIED
L4-002-I004-s0.150000-t3003-N128-ref,I004,0.15,3003,-0.15311,0,0,0,0,DIED
L4-002-I004-s0.150000-t3004-N128-ref,I004,0.15,3004,-0.152473,0,0,0,0,DIED
L4-002-I004-s0.200000-t3000-N128-ref,I004,0.2,3000,-0.201799,0,0,0,0,DIED
L4-002-I004-s0.200000-t3001-N128-ref,I004,0.2,3001,-0.201809,0,0,0,0,DIED
L4-002-I004-s0.200000-t3002-N128-ref,I004,0.2,3002,-0.202435,0,0,0,0,DIED
L4-002-I004-s0.200000-t3003-N128-ref,I004,0.2,3003,-0.212092,0,0,0,0,DIED
L4-002-I004-s0.200000-t3004-N128-ref,I004,0.2,3004,-0.200895,0,0,0,0,DIED
L4-002-I004-s0.250000-t3000-N128-ref,I004,0.25,3000,-0.250927,0,0,0,0,DIED
L4-002-I004-s0.250000-t3001-N128-ref,I004,0.25,3001,-0.251284,0,0,0,0,DIED
L4-002-I004-s0.250000-t3002-N128-ref,I004,0.25,3002,-0.252403,0,0,0,0,DIED
L4-002-I004-s0.250000-t3003-N128-ref,I004,0.25,3003,-0.258783,0,0,0,0,DIED
L4-002-I004-s0.250000-t3004-N128-ref,I004,0.25,3004,-0.250465,0,0,0,0,DIED
L4-002-I004-s0.300000-t3000-N128-ref,I004,0.3,3000,-0.303299,0,0,0,0,DIED
L4-002-I004-s0.300000-t3001-N128-ref,I004,0.3,3001,-0.303579,0,0,0,0,DIED
L4-002-I004-s0.300000-t3002-N128-ref,I004,0.3,3002,-0.303462,0,0,0,0,DIED
L4-002-I004-s0.300000-t3003-N128-ref,I004,0.3,3003,-0.308226,0,0,0,0,DIED
L4-002-I004-s0.300000-t3004-N128-ref,I004,0.3,3004,-0.307964,0,0,0,0,DIED
L4-002-I004-s0.350000-t3000-N128-ref,I004,0.35,3000,-0.356833,0,0,0,0,DIED
L4-002-I004-s0.350000-t3001-N128-ref,I004,0.35,3001,-0.356598,0,0,0,0,DIED
L4-002-I004-s0.350000-t3002-N128-ref,I004,0.35,3002,-0.356868,0,0,0,0,DIED
L4-002-I004-s0.350000-t3003-N128-ref,I004,0.35,3003,-0.350355,0,0,0,0,DIED
L4-002-I004-s0.350000-t3004-N128-ref,I004,0.35,3004,-0.351452,0,0,0,0,DIED
L4-002-I004-s0.400000-t3000-N128-ref,I004,0.4,3000,-0.400419,0,0,0,0,DIED
L4-002-I004-s0.400000-t3001-N128-ref,I004,0.4,3001,-0.401368,0,0,0,0,DIED
L4-002-I004-s0.400000-t3002-N128-ref,I004,0.4,3002,-0.40153,0,0,0,0,DIED
L4-002-I004-s0.400000-t3003-N128-ref,I004,0.4,3003,-0.402743,0,0,0,0,DIED
L4-002-I004-s0.400000-t3004-N128-ref,I004,0.4,3004,-0.40193,0,0,0,0,DIED
L4-002-I004-s0.450000-t3000-N128-ref,I004,0.45,3000,-0.453213,0,0,0,0,DIED
L4-002-I004-s0.450000-t3001-N128-ref,I004,0.45,3001,-0.453077,0,0,0,0,DIED
L4-002-I004-s0.450000-t3002-N128-ref,I004,0.45,3002,-0.451985,0,0,0,0,DIED
L4-002-I004-s0.450000-t3003-N128-ref,I004,0.45,3003,-0.452854,0,0,0,0,DIED
L4-002-I004-s0.450000-t3004-N128-ref,I004,0.45,3004,-0.455084,0,0,0,0,DIED
L4-002-I004-s0.500000-t3000-N128-ref,I004,0.5,3000,-0.502982,0,0,0,0,DIED
L4-002-I004-s0.500000-t3001-N128-ref,I004,0.5,3001,-0.500696,0,0,0,0,DIED
L4-002-I004-s0.500000-t3002-N128-ref,I004,0.5,3002,-0.505398,0,0,0,0,DIED
L4-002-I004-s0.500000-t3003-N128-ref,I004,0.5,3003,-0.504362,0,0,0,0,DIED
L4-002-I004-s0.500000-t3004-N128-ref,I004,0.5,3004,-0.505236,0,0,0,0,DIED
L4-002-I004-s0.550000-t3000-N128-ref,I004,0.55,3000,-0.554702,0,0,0,0,DIED
L4-002-I004-s0.550000-t3001-N128-ref,I004,0.55,3001,-0.553612,0,0,0,0,DIED
L4-002-I004-s0.550000-t3002-N128-ref,I004,0.55,3002,-0.553343,0,0,0,0,DIED
L4-002-I004-s0.550000-t3003-N128-ref,I004,0.55,3003,-0.555044,0,0,0,0,DIED
L4-002-I004-s0.550000-t3004-N128-ref,I004,0.55,3004,-0.556413,0,0,0,0,DIED
L4-002-I004-s0.600000-t3000-N128-ref,I004,0.6,3000,-0.60879,0,0,0,0,DIED
L4-002-I004-s0.600000-t3001-N128-ref,I004,0.6,3001,-0.600703,0,0,0,0,DIED
L4-002-I004-s0.600000-t3002-N128-ref,I004,0.6,3002,-0.602687,0,0,0,0,DIED
L4-002-I004-s0.600000-t3003-N128-ref,I004,0.6,3003,-0.607063,0,0,0,0,DIED
L4-002-I004-s0.600000-t3004-N128-ref,I004,0.6,3004,-0.608182,0,0,0,0,DIED
L4-002-I003-s0.100000-t3000-N128-ref,I003,0.1,3000,0.0897846,0.436367,0.435798,0.479388,1,RECOVERED
L4-002-I003-s0.100000-t3001-N128-ref,I003,0.1,3001,0.0900983,0.435885,0.435813,0.479394,1,RECOVERED
L4-002-I003-s0.100000-t3002-N128-ref,I003,0.1,3002,0.0904202,0.435505,0.43579,0.47945,1,RECOVERED
L4-002-I003-s0.100000-t3003-N128-ref,I003,0.1,3003,0.0903024,0.433614,0.435827,0.4794,1,RECOVERED
L4-002-I003-s0.100000-t3004-N128-ref,I003,0.1,3004,0.0902356,0.4368,0.435822,0.47938,1,RECOVERED
L4-002-I003-s0.200000-t3000-N128-ref,I003,0.2,3000,0.179569,0.436943,0.435817,0.479422,1,RECOVERED
L4-002-I003-s0.200000-t3001-N128-ref,I003,0.2,3001,0.180197,0.433773,0.435728,0.479576,1,RECOVERED
L4-002-I003-s0.200000-t3002-N128-ref,I003,0.2,3002,0.18084,0.43532,0.435794,0.479404,1,RECOVERED
L4-002-I003-s0.200000-t3003-N128-ref,I003,0.2,3003,0.180605,0.437644,0.435829,0.4794,1,RECOVERED
L4-002-I003-s0.200000-t3004-N128-ref,I003,0.2,3004,0.180471,0.436765,0.435783,0.479392,1,RECOVERED
L4-002-I003-s0.300000-t3000-N128-ref,I003,0.3,3000,0.269354,0.437091,0.435772,0.479406,1,RECOVERED
L4-002-I003-s0.300000-t3001-N128-ref,I003,0.3,3001,0.270295,0.436589,0.435864,0.478178,1,RECOVERED
L4-002-I003-s0.300000-t3002-N128-ref,I003,0.3,3002,0.271261,0.435385,0.435785,0.479448,1,RECOVERED
L4-002-I003-s0.300000-t3003-N128-ref,I003,0.3,3003,0.270907,0.437861,0.435773,0.479423,1,RECOVERED
L4-002-I003-s0.300000-t3004-N128-ref,I003,0.3,3004,0.270707,0.435244,0.435805,0.479405,1,RECOVERED
L4-002-I003-s0.400000-t3000-N128-ref,I003,0.4,3000,0.359138,0,0,0,0,DIED
L4-002-I003-s0.400000-t3001-N128-ref,I003,0.4,3001,0.360393,0,0,0,0,DIED
L4-002-I003-s0.400000-t3002-N128-ref,I003,0.4,3002,0.361681,0,0,0,0,DIED
L4-002-I003-s0.400000-t3003-N128-ref,I003,0.4,3003,0.36121,0,0,0,0,DIED
L4-002-I003-s0.400000-t3004-N128-ref,I003,0.4,3004,0.360942,0,0,0,0,DIED
L4-002-I003-s0.500000-t3000-N128-ref,I003,0.5,3000,0.448923,0,0,0,0,DIED
L4-002-I003-s0.500000-t3001-N128-ref,I003,0.5,3001,0.450492,0,0,0,0,DIED
L4-002-I003-s0.500000-t3002-N128-ref,I003,0.5,3002,0.452101,0,0,0,0,DIED
L4-002-I003-s0.500000-t3003-N128-ref,I003,0.5,3003,0.451512,0,0,0,0,DIED
L4-002-I003-s0.500000-t3004-N128-ref,I003,0.5,3004,0.451178,0,0,0,0,DIED
L4-002-I003-s0.600000-t3000-N128-ref,I003,0.6,3000,0.538708,0,0,0,0,DIED
L4-002-I003-s0.600000-t3001-N128-ref,I003,0.6,3001,0.54059,0,0,0,0,DIED
L4-002-I003-s0.600000-t3002-N128-ref,I003,0.6,3002,0.542521,0,0,0,0,DIED
L4-002-I003-s0.600000-t3003-N128-ref,I003,0.6,3003,0.541815,0,0,0,0,DIED
L4-002-I003-s0.600000-t3004-N128-ref,I003,0.6,3004,0.541413,0,0,0,0,DIED
L4-002-I003-s0.700000-t3000-N128-ref,I003,0.7,3000,0.628492,0,0,0,0,DIED
L4-002-I003-s0.700000-t3001-N128-ref,I003,0.7,3001,0.630688,0,0,0,0,DIED
L4-002-I003-s0.700000-t3002-N128-ref,I003,0.7,3002,0.632941,0,0,0,0,DIED
L4-002-I003-s0.700000-t3003-N128-ref,I003,0.7,3003,0.632117,0,0,0,0,DIED
L4-002-I003-s0.700000-t3004-N128-ref,I003,0.7,3004,0.631649,0,0,0,0,DIED
L4-002-I003-s0.800000-t3000-N128-ref,I003,0.8,3000,0.718277,0,0,0,0,DIED
L4-002-I003-s0.800000-t3001-N128-ref,I003,0.8,3001,0.720787,0,0,0,0,DIED
L4-002-I003-s0.800000-t3002-N128-ref,I003,0.8,3002,0.723362,0,0,0,0,DIED
L4-002-I003-s0.800000-t3003-N128-ref,I003,0.8,3003,0.722419,0,0,0,0,DIED
L4-002-I003-s0.800000-t3004-N128-ref,I003,0.8,3004,0.721885,0,0,0,0,DIED
L4-002-I003-s0.900000-t3000-N128-ref,I003,0.9,3000,0.808062,0,0,0,0,DIED
L4-002-I003-s0.900000-t3001-N128-ref,I003,0.9,3001,0.810885,0,0,0,0,DIED
L4-002-I003-s0.900000-t3002-N128-ref,I003,0.9,3002,0.813782,0,0,0,0,DIED
L4-002-I003-s0.900000-t3003-N128-ref,I003,0.9,3003,0.812722,0,0,0,0,DIED
L4-002-I003-s0.900000-t3004-N128-ref,I003,0.9,3004,0.81212,0,0,0,0,DIED
L4-002-I003-s1.000000-t3000-N128-ref,I003,1,3000,0.897846,0,0,0,0,DIED
L4-002-I003-s1.000000-t3001-N128-ref,I003,1,3001,0.900982,0,0,0,0,DIED
L4-002-I003-s1.000000-t3002-N128-ref,I003,1,3002,0.904202,0,0,0,0,DIED
L4-002-I003-s1.000000-t3003-N128-ref,I003,1,3003,0.903024,0,0,0,0,DIED
L4-002-I003-s1.000000-t3004-N128-ref,I003,1,3004,0.902356,0,0,0,0,DIED
