mu,sigma,T,mass_mean,mass_rsd,mass_final,speed,path_speed,straightness,heading,gyr,aniso,ncomp,area,ncomp_max,ncomp_min,axis_rate,fate
0.1,0.008,10,0,nan,0,0,0,nan,0,nan,nan,0,0,0,0,nan,died
0.1,0.009,10,0,nan,0,0,0,nan,0,nan,nan,0,0,0,0,nan,died
0.1,0.01,10,0,nan,0,0,0,nan,0,nan,nan,0,0,0,0,nan,died
0.1,0.011,10,0,nan,0,0,0,nan,0,nan,nan,0,0,0,0,nan,died
0.1,0.012,10,13.4776,0.00218059,13.552,0.0028331,0.272733,0.0103878,114.258,3.99328,0.028024,96,0.147217,96,96,1.73169,filled
0.1,0.013,10,13.5574,0.00147079,13.5424,0.0172338,0.547105,0.0314999,147.864,4.01756,0.00830807,99,0.145813,99,99,-0.0697335,filled
0.1,0.014,10,13.5438,0.00129177,13.5736,0.0311075,0.880273,0.0353385,-80.7488,4.01409,0.00399841,94,0.145508,94,94,0.616513,filled
0.1,0.015,10,13.9684,0.00130827,13.9815,0.00787081,0.369422,0.0213058,-13.4599,4.01084,0.0665538,97,0.148987,97,97,-0.140441,filled
0.1,0.016,10,14.2038,0.00134039,14.1946,0.0631309,0.990242,0.063753,-176.555,4.01445,0.0203322,97,0.150574,97,97,0.840367,filled
0.1,0.017,10,14.3219,0.0010872,14.3039,0.0080031,0.206942,0.0386732,-167.658,4.0141,0.00127858,95,0.151978,95,95,3.19699,filled
0.1,0.018,10,14.6442,0.00117637,14.6444,0.108843,0.679927,0.160081,-78.7982,4.01975,0.042694,95,0.155884,95,95,5.3236,filled
0.1,0.019,10,14.8744,0.00102685,14.8783,0.016731,0.29952,0.0558593,29.0336,4.01557,0.0864429,97,0.157227,97,97,0.808443,filled
0.1,0.02,10,15.1949,0.00116412,15.2137,0.00394222,0.0991634,0.0397548,93.9251,4.00619,0.0253782,99,0.160828,99,99,1.08845,filled
0.1,0.021,10,15.4599,0.000919873,15.4412,0.00950861,0.131048,0.0725582,156.664,4.00812,0.0831578,98,0.163635,98,98,0.846525,filled
0.1,0.022,10,15.631,0.000543755,15.6142,0.00748312,0.161801,0.0462491,-21.1047,4.01004,0.0209304,98,0.164978,98,98,-0.967227,filled
0.1,0.023,10,15.8642,0.000630953,15.866,0.00156645,0.0415747,0.0376779,47.3987,4.00111,0.0116628,99,0.166931,99,99,1.76643,filled
0.1,0.024,10,16.2126,0.000781594,16.195,0.0153174,0.106274,0.144131,-166.411,4.01421,0.00994292,99,0.170105,99,99,1.79642,filled
0.1,0.025,10,16.4866,0.00040252,16.4836,0.00255491,0.126376,0.0202167,3.64398,4.01201,0.0163241,97,0.172424,97,97,-0.01731,filled
0.1,0.026,10,16.7287,0.00109984,16.7271,0.0158842,0.215656,0.0736553,111.015,4.01861,0.0214493,100,0.174866,100,100,-0.00751471,filled
0.1,0.027,10,16.9569,0.00086409,16.9543,0.00128393,0.0320664,0.0400399,58.7981,4.0116,0.0266429,100,0.178162,100,100,-0.855485,filled
0.1,0.028,10,17.2717,0.000501375,17.2772,0.0029913,0.0454111,0.0658716,82.1823,4.01468,0.00908823,100,0.179565,100,100,1.03093,filled
0.105,0.008,10,0,nan,0,0,0,nan,0,nan,nan,0,0,0,0,nan,died
0.105,0.009,10,0.322057,0.0161595,0.31807,0.471956,0.472466,0.99892,74.4082,0.429348,0.485298,4,0.00787354,9,2,0.000718937,localized
0.105,0.01,10,0,nan,0,0,0,nan,0,nan,nan,0,0,0,0,nan,died
0.105,0.011,10,0,nan,0,0,0,nan,0,nan,nan,0,0,0,0,nan,died
0.105,0.012,10,0,nan,0,0,0,nan,0,nan,nan,0,0,0,0,nan,died
0.105,0.013,10,13.8545,0.00179954,13.856,0.0092519,0.226098,0.0409199,-148.653,4.0043,0.0189037,96,0.150085,96,96,1.80869,filled
0.105,0.014,10,14.1744,0.00159414,14.1507,0.0168787,0.762373,0.0221397,169.49,4.01725,0.00551152,98,0.1521,98,98,-1.46605,filled
0.105,0.015,10,14.359,0.00146204,14.3479,0.0237519,0.385383,0.0616318,91.1807,4.01364,0.0208024,95,0.153259,95,95,1.84576,filled
0.105,0.016,10,14.5092,0.00142819,14.5289,0.0056929,0.445976,0.012765,-27.3818,4.0074,0.022433,100,0.154297,100,100,0.13148,filled
0.105,0.017,10,14.697,0.00132169,14.6564,0.00167221,0.101053,0.0165479,45.6405,4.00277,0.0221994,99,0.156311,99,99,-0.0130393,filled
0.105,0.018,10,14.9709,0.00155189,14.9501,0.0526265,0.690543,0.0762102,-81.5935,4.00836,0.0283286,98,0.158997,98,98,-1.80197,filled
0.105,0.019,10,15.2457,0.00075644,15.2494,0.00747842,0.169482,0.0441251,49.2742,4.01685,0.0150015,100,0.161194,100,100,0.56983,filled
0.105,0.02,10,15.457,0.00210415,15.4853,0.0200332,0.222958,0.089852,117.146,4.01232,0.026828,98,0.163391,98,98,-0.00569287,filled
0.105,0.021,10,15.7273,0.000973487,15.7089,0.00534516,0.244714,0.0218425,113.08,4.01567,0.011879,97,0.166077,97,97,0.867881,filled
0.105,0.022,10,15.9309,0.000661518,15.9283,0.000700508,0.0656526,0.0106699,11.6288,4.00623,0.0223647,99,0.168701,99,99,-1.8178,filled
0.105,0.023,10,16.1601,0.000772245,16.1896,0.00454419,0.0834129,0.0544782,48.3026,4.00727,0.0614266,97,0.170166,97,97,0.842457,filled
0.105,0.024,10,16.4445,0.00130438,16.4645,0.00710186,0.190554,0.0372695,117.915,4.01406,0.012054,99,0.173279,99,99,-0.989744,filled
0.105,0.025,10,16.7264,0.000688017,16.7108,0.00106183,0.0837417,0.0126799,152.402,4.01051,0.0228484,98,0.175049,98,98,-1.80161,filled
0.105,0.026,10,16.9603,0.000551073,16.945,0.000333954,0.0509261,0.00655762,-30.7195,4.01057,0.0087663,100,0.177917,100,100,0.01925,filled
0.105,0.027,10,17.2027,0.000451891,17.1926,0.0209562,0.359702,0.05826,118.062,4.01946,0.0332091,101,0.179993,101,101,-0.0121109,filled
0.105,0.028,10,17.4093,0.000458313,17.4134,0.00250392,0.0295867,0.0846301,104.689,4.01298,0.0382153,100,0.181885,100,100,2.69333,filled
0.11,0.008,10,0,nan,0,0,0,nan,0,nan,nan,0,0,0,0,nan,died
0.11,0.009,10,0,nan,0,0,0,nan,0,nan,nan,0,0,0,0,nan,died
0.11,0.01,10,0.339628,0.0121627,0.343984,0.484106,0.484704,0.998766,75.0681,0.435302,0.492157,3,0.00836182,5,1,-0.0189573,localized
0.11,0.011,10,0,nan,0,0,0,nan,0,nan,nan,0,0,0,0,nan,died
0.11,0.012,10,0,nan,0,0,0,nan,0,nan,nan,0,0,0,0,nan,died
0.11,0.013,10,0,nan,0,0,0,nan,0,nan,nan,0,0,0,0,nan,died
0.11,0.014,10,14.6217,0.0014613,14.6272,0.000493066,0.118647,0.00415576,141.08,3.99756,0.0073149,94,0.157166,94,94,0.0494474,filled
0.11,0.015,10,14.528,0.00124911,14.5125,0.175155,0.823361,0.212731,129.11,4.01463,0.00910995,96,0.155945,96,96,0.903305,filled
0.11,0.016,10,14.8062,0.000853696,14.7979,0.00674574,0.169295,0.0398462,-129.087,4.0079,0.0477438,95,0.157776,95,95,-2.20703,filled
0.11,0.017,10,15.067,0.0011478,15.0999,0.00389124,0.137492,0.0283015,-98.137,4.00988,0.0127225,99,0.159912,99,99,-1.84042,filled
0.11,0.018,10,15.365,0.00113761,15.349,0.0137407,0.330164,0.041618,-101.163,4.01386,0.0273722,100,0.164001,100,100,-0.827334,filled
0.11,0.019,10,15.5192,0.000855285,15.5038,0.0869149,0.468963,0.185334,-0.143065,4.01041,0.0228594,98,0.163452,98,98,-0.807459,filled
0.11,0.02,10,15.8085,0.000865496,15.8347,0.002957,0.108978,0.027134,167.253,4.01052,0.0555773,100,0.166992,100,100,0.8615,filled
0.11,0.021,10,15.8334,0.000828283,15.8116,0.143629,0.278455,0.515807,86.9463,4.01007,0.0105692,96,0.166931,96,96,-1.77155,filled
0.11,0.022,10,16.2149,0.000833848,16.2306,0.00337708,0.11704,0.028854,-146.614,4.01299,0.00759972,99,0.171143,99,99,-2.60124,filled
0.11,0.023,10,16.4224,0.000741223,16.4243,0.0130521,0.114702,0.113792,-129.37,4.01376,0.0537796,97,0.172729,97,97,-1.3989,filled
0.11,0.024,10,16.8399,0.000777866,16.8546,0.0124933,0.102511,0.121873,10.9308,4.01571,0.0287401,99,0.177307,99,99,0.761479,filled
0.11,0.025,10,16.9944,0.000457914,16.998,0.0129212,0.0940922,0.137325,175.714,4.01008,0.0355701,99,0.177917,99,99,0.0145694,filled
0.11,0.026,10,17.2681,0.000541927,17.2421,0.00836682,0.0941035,0.0889108,9.1229,4.01339,0.00250974,100,0.181213,100,100,-0.893416,filled
0.11,0.027,10,17.5054,0.000766674,17.4906,0.00219623,0.0665453,0.0330035,-84.3026,4.01085,0.00402486,100,0.182739,100,100,-2.68615,filled
0.11,0.028,10,17.6124,0.000741141,17.6047,0.0066742,0.167931,0.0397438,-106.161,4.01234,0.0445047,96,0.184265,96,96,0.891526,filled
0.115,0.008,10,0,nan,0,0,0,nan,0,nan,nan,0,0,0,0,nan,died
0.115,0.009,10,0,nan,0,0,0,nan,0,nan,nan,0,0,0,0,nan,died
0.115,0.01,10,0.333471,0.00406916,0.335943,0.492452,0.492634,0.99963,54.9962,0.425854,0.399449,1,0.00842285,2,1,0.0189702,localized
0.115,0.011,10,0.35587,0.00493955,0.354207,0.4955,0.495616,0.999767,65.6696,0.440304,0.482789,2,0.00848389,4,1,0.00455556,localized
0.115,0.012,10,0.365544,0.0161378,0.360259,0.526627,0.526804,0.999664,124.756,0.440604,0.429082,1,0.00860596,3,1,0.0102026,localized
0.115,0.013,10,0,nan,0,0,0,nan,0,nan,nan,0,0,0,0,nan,died
0.115,0.014,10,14.9057,0.00145524,14.9222,0.00130266,0.123708,0.0105301,93.2645,3.9922,0.025465,97,0.159851,97,97,-0.0453903,filled
0.115,0.015,10,15.0491,0.00111917,15.0584,0.00393202,0.138297,0.0284316,41.5237,4.00583,0.0391364,99,0.161377,99,99,-2.78001,filled
0.115,0.016,10,15.3964,0.00124119,15.3794,0.00633909,0.351739,0.0180221,-134.752,4.00397,0.00947076,97,0.164795,97,97,-0.393976,filled
0.115,0.017,10,15.5745,0.000971693,15.5769,0.00557543,0.191837,0.0290633,-169.724,4.01538,0.0246447,96,0.166077,96,96,0.910126,filled
0.115,0.018,10,15.6733,0.00114991,15.6687,0.00967811,0.135749,0.071294,124.964,4.00804,0.00985603,94,0.167053,94,94,0.0834626,filled
0.115,0.019,10,15.8238,0.000961029,15.8061,0.00437331,0.317406,0.0137783,-69.1313,4.01143,0.00512707,96,0.166992,96,96,-0.44346,filled
0.115,0.02,10,16.035,0.00118776,16.0364,0.00860052,0.149933,0.0573625,109.575,4.0075,0.0397804,101,0.170349,101,101,-2.60223,filled
0.115,0.021,10,16.2986,0.0010346,16.3097,0.00341112,0.121091,0.02817,87.1612,4.00603,0.039797,98,0.172913,98,98,0.0679366,filled
0.115,0.022,10,16.4009,0.000789056,16.4119,0.00395204,0.159668,0.0247516,107.281,4.00983,0.0448683,98,0.173767,98,98,0.85809,filled
0.115,0.023,10,16.7042,0.000797579,16.7109,0.00385569,0.15394,0.0250468,-115.692,4.01628,0.0115281,100,0.177124,100,100,-1.75566,filled
0.115,0.024,10,16.9381,0.000960803,16.958,0.00707041,0.163635,0.0432084,-170.136,4.00564,0.00125799,98,0.178406,98,98,0.847994,filled
0.115,0.025,10,17.1683,0.000752339,17.1917,0.00420593,0.101091,0.0416054,73.8736,4.01048,0.0303346,99,0.181885,99,99,-2.68844,filled
0.115,0.026,10,17.4207,0.000937773,17.4331,0.00888013,0.0985659,0.0900933,-28.8235,4.01086,0.0246821,100,0.183044,100,100,0.0394092,filled
0.115,0.027,10,17.7247,0.000512145,17.7383,0.122433,0.272255,0.4497,177.975,4.0156,0.0181668,100,0.185181,100,100,0.901508,filled
0.115,0.028,10,17.8652,0.000463819,17.8659,0.0203131,0.175238,0.115917,-11.1508,4.0182,0.0153524,101,0.187378,101,101,-0.900998,filled
0.12,0.008,10,0,nan,0,0,0,nan,0,nan,nan,0,0,0,0,nan,died
0.12,0.009,10,0,nan,0,0,0,nan,0,nan,nan,0,0,0,0,nan,died
0.12,0.01,10,0,nan,0,0,0,nan,0,nan,nan,0,0,0,0,nan,died
0.12,0.011,10,0.358218,0.0034217,0.359733,0.484886,0.485225,0.999301,66.0001,0.431289,0.448184,4,0.00872803,4,1,-0.00181811,localized
0.12,0.012,10,0.371917,0.00505613,0.3715,0.506997,0.507068,0.99986,65.3439,0.439641,0.469606,2,0.0088501,3,1,0.00112419,localized
0.12,0.013,10,0,nan,0,0,0,nan,0,nan,nan,0,0,0,0,nan,died
0.12,0.014,10,0,nan,0,0,0,nan,0,nan,nan,0,0,0,0,nan,died
0.12,0.015,10,15.7372,0.00126907,15.7193,0.010181,0.251085,0.040548,-75.7942,4.00217,0.0137173,95,0.169189,95,95,0.227849,filled
0.12,0.016,10,15.7774,0.00123684,15.7614,0.00516478,0.159765,0.0323274,-117.861,4.00567,0.0228383,99,0.169312,99,99,-1.01136,filled
0.12,0.017,10,15.9086,0.00104834,15.9123,0.00275187,0.135558,0.0203003,81.088,4.01141,0.0163172,95,0.170166,95,95,0.94585,filled
0.12,0.018,10,16.1607,0.000917624,16.1376,0.00378676,0.109981,0.0344312,178.521,4.00788,0.0515596,96,0.170837,96,96,0.87717,filled
0.12,0.019,10,16.1377,0.000961369,16.1442,0.0142071,0.174309,0.0815055,-107.943,4.01151,0.0111969,98,0.171753,98,98,-2.66906,filled
0.12,0.02,10,16.4959,0.000843391,16.513,0.0147418,0.161587,0.0912316,-3.33038,4.01203,0.025734,96,0.175354,96,96,-0.00205434,filled
0.12,0.021,10,16.5798,0.00123463,16.6094,0.0094003,0.196266,0.0478956,-14.7528,4.01527,0.0261276,96,0.175842,96,96,2.68938,filled
0.12,0.022,10,16.8332,0.000848638,16.8232,0.023591,0.398353,0.0592215,-163.11,4.01504,0.0228928,101,0.177917,101,101,0.865976,filled
0.12,0.023,10,17.0798,0.00134487,17.0764,0.0454355,0.259444,0.175126,-99.2416,4.0183,0.0121997,100,0.180481,100,100,0.0356659,filled
0.12,0.024,10,17.2888,0.000566523,17.2895,0.0688912,0.321726,0.21413,88.247,4.01729,0.00676485,100,0.182007,100,100,0.0866001,filled
0.12,0.025,10,17.5101,0.000870307,17.5046,0.0778324,0.348043,0.223629,165.584,4.0154,0.0521203,99,0.185059,99,99,-0.835637,filled
0.12,0.026,10,17.7134,0.000458576,17.7117,0.000491948,0.0529838,0.00928489,-83.015,4.00903,0.0218476,97,0.185425,97,97,-0.0391165,filled
0.12,0.027,10,17.8775,0.00051823,17.8784,0.00410621,0.0702102,0.0584845,36.7646,4.00755,0.0415412,100,0.1875,100,100,0.886981,filled
0.12,0.028,10,18.1902,0.000630371,18.1978,0.010076,0.0527449,0.191033,-33.5821,4.01328,0.0234207,98,0.190247,98,98,0.820034,filled
0.125,0.008,10,0,nan,0,0,0,nan,0,nan,nan,0,0,0,0,nan,died
0.125,0.009,10,0,nan,0,0,0,nan,0,nan,nan,0,0,0,0,nan,died
0.125,0.01,10,0,nan,0,0,0,nan,0,nan,nan,0,0,0,0,nan,died
0.125,0.011,10,0.356149,0.00314961,0.355386,0.488938,0.489131,0.999605,63.3639,0.423344,0.358884,2,0.00897217,2,1,-0.0116412,localized
0.125,0.012,10,0.377189,0.0031157,0.377584,0.488845,0.489082,0.999516,65.9536,0.43543,0.435186,1,0.00915527,3,1,-0.0249935,localized
0.125,0.013,10,0.387742,0.00362984,0.389603,0.516674,0.516738,0.999876,65.5394,0.449508,0.459038,2,0.00933838,3,1,0.0152665,localized
0.125,0.014,10,0.397476,0.00284141,0.395979,0.545617,0.545673,0.999897,65.1367,0.459538,0.44936,3,0.00982666,3,1,0.0179373,localized
0.125,0.015,10,0,nan,0,0,0,nan,0,nan,nan,0,0,0,0,nan,died
0.125,0.016,10,16.1611,0.00142996,16.157,0.0036632,0.172838,0.0211944,-67.0566,4.0017,0.0175993,97,0.171936,97,97,0.32401,filled
0.125,0.017,10,16.3246,0.000972738,16.3487,0.0175624,0.543745,0.0322991,171.143,4.00404,0.022652,95,0.174744,95,95,-0.430176,filled
0.125,0.018,10,16.2385,0.00110649,16.2359,0.00779707,0.203738,0.0382701,61.5034,4.00669,0.0199123,98,0.172852,98,98,0.00163467,filled
0.125,0.019,10,16.5121,0.000811877,16.527,0.201759,0.701708,0.287526,-1.26903,4.01718,0.0298981,98,0.175476,98,98,2.67904,filled
0.125,0.02,10,16.9447,0.00113976,16.9749,0.00223581,0.136301,0.0164035,-38.3713,4.00471,0.0297499,97,0.180237,97,97,-0.0271447,filled
0.125,0.021,10,17.0696,0.000524846,17.0847,0.0145497,0.184017,0.079067,-161.578,4.01424,0.0622261,95,0.18042,95,95,-0.974682,filled
0.125,0.022,10,17.1067,0.00104012,17.1163,0.0113491,0.112446,0.100929,-147.48,4.00729,0.0155566,100,0.18042,100,100,-0.536256,filled
0.125,0.023,10,17.31,0.000738064,17.3264,0.00792514,0.197782,0.0400701,-168.85,4.00749,0.0266298,100,0.183105,100,100,0.00378981,filled
0.125,0.024,10,17.6132,0.000864715,17.5904,0.00154843,0.0575165,0.0269214,120.768,4.00585,0.00160292,99,0.185852,99,99,-0.271176,filled
0.125,0.025,10,17.7243,0.000896737,17.7478,0.00580294,0.0966071,0.0600675,152.956,4.0099,0.00945178,101,0.186707,101,101,-1.7865,filled
0.125,0.026,10,17.922,0.000535882,17.9387,0.00680306,0.0759085,0.0896218,50.2457,4.0098,0.00566703,97,0.187683,97,97,0.622107,filled
0.125,0.027,10,18.0769,0.000618907,18.095,0.00162217,0.101447,0.0159904,169.712,4.01479,0.0469103,96,0.189392,96,96,0.0385424,filled
0.125,0.028,10,18.4789,0.000492223,18.4702,0.0273856,0.308642,0.0887296,-0.135568,4.01638,0.0167197,98,0.193787,98,98,0.851408,filled
0.13,0.008,10,0,nan,0,0,0,nan,0,nan,nan,0,0,0,0,nan,died
0.13,0.009,10,0,nan,0,0,0,nan,0,nan,nan,0,0,0,0,nan,died
0.13,0.01,10,0,nan,0,0,0,nan,0,nan,nan,0,0,0,0,nan,died
0.13,0.011,10,0,nan,0,0,0,nan,0,nan,nan,0,0,0,0,nan,died
0.13,0.012,10,0.377008,0.00322727,0.376921,0.485446,0.485564,0.999756,65.1792,0.430841,0.379055,2,0.00927734,3,1,-0.00279722,localized
0.13,0.013,10,0.393446,0.00499803,0.393037,0.497627,0.49782,0.999612,66.3376,0.439452,0.414493,2,0.00976562,3,1,-0.0174533,localized
0.13,0.014,10,0.403362,0.0024772,0.404002,0.523838,0.523898,0.999885,64.8469,0.452749,0.429792,1,0.0102539,3,1,0.0154204,localized
0.13,0.015,10,0.413022,0.00200066,0.412815,0.55036,0.550517,0.999714,67.6701,0.463426,0.417592,2,0.0101318,3,1,0.0151989,localized
0.13,0.016,10,0.422309,0.00160984,0.422865,0.576304,0.576347,0.999925,64.2948,0.47604,0.401151,3,0.0109863,3,1,0.00611926,localized
0.13,0.017,10,16.8372,0.00120305,16.8756,0.00267388,0.118082,0.0226442,-66.3473,3.99644,0.0203799,99,0.18042,100,99,-0.0310655,filled
0.13,0.018,10,17.0359,0.000743336,17.0252,0.00194052,0.166286,0.0116698,116.746,4.00632,0.0779008,95,0.180847,95,95,0.00325962,filled
0.13,0.019,10,16.915,0.0011814,16.9069,0.00428969,0.185577,0.0231154,-133.543,4.00815,0.0299473,98,0.179504,98,98,1.8105,filled
0.13,0.02,10,17.233,0.000964127,17.2534,0.0998825,0.462159,0.216122,-94.1681,4.01262,0.078316,96,0.183228,96,96,0.915268,filled
0.13,0.021,10,17.322,0.00061271,17.3166,0.00695155,0.128734,0.0539993,83.4757,4.01413,0.0120704,100,0.184204,100,100,4.37157,filled
0.13,0.022,10,17.425,0.000848468,17.4149,0.0962488,0.607486,0.158438,90.0744,4.0154,0.0164649,98,0.184692,98,98,0.0313348,filled
0.13,0.023,10,17.7303,0.000901828,17.7301,0.0092481,0.128218,0.0721281,0.858756,4.00888,0.0180294,99,0.187012,99,99,-0.0787598,filled
0.13,0.024,10,17.8509,0.000881109,17.8502,0.0144957,0.284655,0.0509236,28.9842,4.01209,0.00638575,98,0.188293,98,98,1.00616,filled
0.13,0.025,10,18.074,0.000512795,18.0722,0.00504608,0.0716581,0.0704188,-52.7967,4.00863,0.0078072,97,0.189941,97,97,1.62937,filled
0.13,0.026,10,18.3229,0.000504323,18.3187,0.00959292,0.157839,0.0607765,-35.9722,4.01582,0.0490019,101,0.192383,101,101,-1.86637,filled
0.13,0.027,10,18.462,0.000462704,18.4671,0.00627031,0.112162,0.055904,-77.0585,4.01406,0.0117487,99,0.193542,99,99,-3.67083,filled
0.13,0.028,10,18.7497,0.00050525,18.7488,0.00434118,0.0525645,0.0825876,-160.075,4.01326,0.0309361,99,0.195862,99,99,0.870088,filled
0.135,0.008,10,0,nan,0,0,0,nan,0,nan,nan,0,0,0,0,nan,died
0.135,0.009,10,0,nan,0,0,0,nan,0,nan,nan,0,0,0,0,nan,died
0.135,0.01,10,0,nan,0,0,0,nan,0,nan,nan,0,0,0,0,nan,died
0.135,0.011,10,0,nan,0,0,0,nan,0,nan,nan,0,0,0,0,nan,died
0.135,0.012,10,0.379448,0.00335085,0.381922,0.475599,0.475922,0.999321,66.2935,0.427045,0.285457,2,0.00952148,2,1,0.0136401,localized
0.135,0.013,10,0.396699,0.00556412,0.397466,0.486021,0.486171,0.999691,66.6856,0.435178,0.369938,2,0.00964355,3,1,0.00760535,localized
0.135,0.014,10,0.409206,0.00440717,0.407435,0.505152,0.505285,0.999737,66.0362,0.443025,0.390997,2,0.0100708,3,1,0.0287833,localized
0.135,0.015,10,0.418944,0.0056906,0.419091,0.529405,0.52951,0.999801,66.3844,0.458061,0.395156,1,0.0101318,3,1,0.0026382,localized
0.135,0.016,10,0.428368,0.00289448,0.430262,0.552909,0.553009,0.999819,68.0416,0.467805,0.382902,1,0.0110474,3,1,0.00522032,localized
0.135,0.017,10,0.437448,0.00119513,0.436602,0.576534,0.576577,0.999924,64.3599,0.477422,0.365738,2,0.0111084,3,1,-0.00271435,localized
0.135,0.018,10,0.480369,0.059986,0.483837,0.0347532,0.564862,0.0615251,29.1452,0.530289,0.403958,1,0.0125732,2,1,-1.20304,localized
0.135,0.019,10,17.4178,0.000997231,17.4172,0.00273089,0.123076,0.0221887,62.1535,4.00241,0.00763538,99,0.186218,99,99,-0.584774,filled
0.135,0.02,10,17.6575,0.00137349,17.6421,0.00725209,0.133695,0.0542434,-60.5871,4.00421,0.0265262,98,0.186646,98,98,0.831345,filled
0.135,0.021,10,17.6703,0.00101943,17.6701,0.0162526,0.303892,0.0534814,-150.885,4.01568,0.0091368,97,0.187927,97,97,1.03567,filled
0.135,0.022,10,17.8518,0.000897957,17.8638,0.00160906,0.0669885,0.02402,133.222,4.00013,0.0336701,99,0.188965,99,99,0.0151455,filled
0.135,0.023,10,17.9999,0.000820465,17.9781,0.0650989,0.387973,0.167792,164.796,4.01228,0.0346255,97,0.191345,97,97,-1.7108,filled
0.135,0.024,10,18.296,0.00111443,18.2821,0.00268402,0.105641,0.0254071,-165.648,4.01193,0.00369773,101,0.192749,101,101,0.838915,filled
0.135,0.025,10,18.4945,0.000870281,18.5236,0.00714459,0.0772179,0.092525,97.2409,4.00613,0.00887265,99,0.194763,99,99,0.356078,filled
0.135,0.026,10,18.5793,0.000562707,18.5853,0.00269913,0.118291,0.0228177,86.0716,4.01814,0.00231797,100,0.195557,100,100,2.47413,filled
0.135,0.027,10,18.807,0.000578162,18.7979,0.0205718,0.195642,0.105151,11.9154,4.01464,0.0127045,100,0.197876,100,100,-1.80427,filled
0.135,0.028,10,19.0115,0.000634969,19.0014,0.00444846,0.323307,0.0137592,-4.58976,4.01863,0.0180699,99,0.200073,99,99,3.54615,filled
0.14,0.008,10,0,nan,0,0,0,nan,0,nan,nan,0,0,0,0,nan,died
0.14,0.009,10,0,nan,0,0,0,nan,0,nan,nan,0,0,0,0,nan,died
0.14,0.01,10,0,nan,0,0,0,nan,0,nan,nan,0,0,0,0,nan,died
0.14,0.011,10,0,nan,0,0,0,nan,0,nan,nan,0,0,0,0,nan,died
0.14,0.012,10,0,nan,0,0,0,nan,0,nan,nan,0,0,0,0,nan,died
0.14,0.013,10,0.399607,0.00191387,0.399791,0.475903,0.476094,0.999599,65.0643,0.429408,0.294378,2,0.00994873,2,1,-0.0299039,localized
0.14,0.014,10,0.414411,0.00439398,0.412581,0.488657,0.488794,0.999719,66.8161,0.437829,0.372771,1,0.00982666,3,1,-0.0216265,localized
0.14,0.015,10,0.42467,0.00662883,0.424906,0.510746,0.510841,0.999815,66.5792,0.451347,0.374301,1,0.0103149,3,1,0.00203882,localized
0.14,0.016,10,0.434105,0.00234163,0.434049,0.53367,0.5338,0.999756,67.6162,0.458523,0.359483,3,0.0105591,3,1,0.00750792,localized
0.14,0.017,10,0.443396,0.00148154,0.442468,0.554605,0.554661,0.9999,69.3567,0.469228,0.345327,3,0.0109253,3,1,0.00912822,localized
0.14,0.018,10,0.452338,0.0012296,0.452303,0.574112,0.574164,0.999911,69.6334,0.480348,0.322338,2,0.0114136,3,1,-0.00474908,localized
0.14,0.019,10,0.460449,0.000914167,0.460636,0.59304,0.593144,0.999824,68.478,0.491197,0.262763,1,0.012207,2,1,-0.00524185,localized
0.14,0.02,10,18.168,0.000997535,18.1585,0.00633505,0.259912,0.0243738,169.784,4.01259,0.0433191,98,0.192627,98,98,0.831497,filled
0.14,0.021,10,18.218,0.000906166,18.2242,0.00301948,0.171389,0.0176177,167.637,4.00509,0.0153474,96,0.194702,96,96,1.66653,filled
0.14,0.022,10,18.3176,0.000922163,18.3022,0.00389225,0.137434,0.0283208,-150.512,4.01222,0.0316807,99,0.193542,99,99,-0.78677,filled
0.14,0.023,10,18.4096,0.00114204,18.4026,0.00318106,0.138375,0.0229888,-146.773,4.00901,0.016535,99,0.194702,99,99,0.801772,filled
0.14,0.024,10,18.6217,0.000656337,18.6137,0.00338287,0.106589,0.0317374,-110.19,4.00689,0.0154651,98,0.197021,98,98,0.609174,filled
0.14,0.025,10,18.7247,0.000827148,18.7066,0.00483709,0.106751,0.0453119,43.2795,4.01053,0.0149775,97,0.197388,97,97,1.80924,filled
0.14,0.026,10,18.9963,0.000761638,19.0195,0.0283752,0.17697,0.160339,72.8548,4.01956,0.0139888,98,0.2005,98,98,-4.18002,filled
0.14,0.027,10,19.0971,0.000928871,19.0767,0.0173224,0.213511,0.0811312,-117.797,4.01449,0.0120103,99,0.200378,99,99,-1.82855,filled
0.14,0.028,10,19.3334,0.000546098,19.3207,0.00563498,0.099928,0.0563904,-175.835,4.01438,0.0293396,99,0.203064,99,99,-0.953273,filled
0.145,0.008,10,0,nan,0,0,0,nan,0,nan,nan,0,0,0,0,nan,died
0.145,0.009,10,0,nan,0,0,0,nan,0,nan,nan,0,0,0,0,nan,died
0.145,0.01,10,0,nan,0,0,0,nan,0,nan,nan,0,0,0,0,nan,died
0.145,0.011,10,0,nan,0,0,0,nan,0,nan,nan,0,0,0,0,nan,died
0.145,0.012,10,0,nan,0,0,0,nan,0,nan,nan,0,0,0,0,nan,died
0.145,0.013,10,0.403958,0.00239658,0.405707,0.46254,0.462695,0.999666,67.4993,0.425147,0.210982,1,0.0098877,3,1,0.0187763,localized
0.145,0.014,10,0.418482,0.00311449,0.418369,0.476815,0.477014,0.999584,68.0065,0.43412,0.301809,1,0.0100098,3,1,0.0110453,localized
0.145,0.015,10,0.430179,0.00194067,0.430954,0.494734,0.49492,0.999624,67.7317,0.443562,0.332912,2,0.0102539,2,1,0.0177597,localized
0.145,0.016,10,0.439811,0.00158646,0.43992,0.51596,0.516154,0.999625,67.5521,0.450659,0.344128,1,0.010437,2,1,-0.0264477,localized
0.145,0.017,10,0.44916,0.00128082,0.44911,0.535905,0.536067,0.999697,68.5761,0.461271,0.333782,1,0.0111694,3,1,0.00771702,localized
0.145,0.018,10,0.458235,0.00136431,0.459079,0.554275,0.554299,0.999957,70.5486,0.472185,0.303567,2,0.0117798,3,1,0.0149987,localized
0.145,0.019,10,0.466894,0.00170841,0.46592,0.570946,0.571,0.999904,71.5644,0.482476,0.26751,1,0.0120239,2,1,0.00530097,localized
0.145,0.02,10,0,nan,0,0,0,nan,0,nan,nan,0,0,0,0,nan,died
0.145,0.021,10,18.877,0.000779608,18.8706,0.00186739,0.054716,0.0341287,151.324,4.00169,0.00758393,97,0.201233,97,96,0.504713,filled
0.145,0.022,10,18.918,0.000825082,18.9013,0.00503865,0.0740219,0.0680697,-80.382,3.9967,0.068611,97,0.200989,97,97,-0.828673,filled
0.145,0.023,10,18.8986,0.000985522,18.8919,0.0037543,0.154794,0.0242535,103.187,4.00933,0.0420255,96,0.200989,96,96,-0.014026,filled
0.145,0.024,10,19.0053,0.000623477,19.0178,0.00214014,0.0762832,0.0280552,-35.4601,4.00032,0.0106569,96,0.2005,96,96,-0.135094,filled
0.145,0.025,10,19.2919,0.000662019,19.2954,0.00358339,0.0837634,0.0427799,76.5313,4.00721,0.0164778,97,0.204041,97,97,0.0601225,filled
0.145,0.026,10,19.2924,0.000725184,19.2764,0.012019,0.088054,0.136496,-84.326,4.01411,0.00420209,100,0.203003,100,100,0.883274,filled
0.145,0.027,10,19.4235,0.000464624,19.4135,0.0185979,0.152275,0.122133,-170.81,4.01541,0.0244157,99,0.204041,99,99,-1.7841,filled
0.145,0.028,10,19.6562,0.000646224,19.6449,0.0930786,0.25816,0.360546,-0.57331,4.01139,0.0150108,103,0.206482,103,103,-0.0186433,filled
0.15,0.008,10,0,nan,0,0,0,nan,0,nan,nan,0,0,0,0,nan,died
0.15,0.009,10,0,nan,0,0,0,nan,0,nan,nan,0,0,0,0,nan,died
0.15,0.01,10,0,nan,0,0,0,nan,0,nan,nan,0,0,0,0,nan,died
0.15,0.011,10,0,nan,0,0,0,nan,0,nan,nan,0,0,0,0,nan,died
0.15,0.012,10,0,nan,0,0,0,nan,0,nan,nan,0,0,0,0,nan,died
0.15,0.013,10,0.409761,0.00192169,0.409696,0.447529,0.447623,0.999789,66.3225,0.419599,0.127682,2,0.0101929,3,1,0.0347068,localized
0.15,0.014,10,0.423384,0.00172443,0.422678,0.46347,0.463687,0.999531,68.6444,0.427374,0.249334,1,0.0100708,2,1,-0.00942701,localized
0.15,0.015,10,0.435803,0.00254647,0.435238,0.479402,0.47958,0.999628,68.201,0.436529,0.29629,2,0.0101929,3,1,0.0150761,localized
0.15,0.016,10,0.445592,0.00203881,0.445073,0.499438,0.499657,0.99956,67.3439,0.44485,0.314351,2,0.0105591,2,1,-0.00130907,localized
0.15,0.017,10,0.454924,0.00166389,0.455551,0.519303,0.519553,0.999519,68.0613,0.454759,0.297748,1,0.0113525,2,1,-0.0359493,localized
0.15,0.018,10,0.46403,0.0015841,0.46262,0.536453,0.536499,0.999913,69.7844,0.464146,0.282987,1,0.0114746,3,1,0.00429838,localized
0.15,0.019,10,0.472804,0.00135675,0.471991,0.552159,0.552197,0.999931,72.1979,0.474463,0.247411,2,0.0118408,3,1,-0.014192,localized
0.15,0.02,10,0.480976,0.00186337,0.480403,0.566549,0.566583,0.99994,70.6318,0.484377,0.169583,2,0.0126343,2,1,-0.00565626,localized
0.15,0.021,10,19.656,0.00102357,19.6519,0.008157,0.211103,0.0386399,120.562,4.01138,0.0066524,87,0.209778,89,86,1.84381,filled
0.15,0.022,10,19.4388,0.000774974,19.4311,0.00280026,0.0853054,0.0328263,-82.1576,4.00033,0.0323496,97,0.206421,97,96,0.848198,filled
0.15,0.023,10,19.4262,0.000766831,19.4246,0.00309771,0.0755489,0.0410027,-162.724,4.0022,0.0211237,96,0.205688,97,96,0.840359,filled
0.15,0.024,10,19.4895,0.000700492,19.4879,0.00649992,0.0843489,0.0770599,-96.245,4.00783,0.00578044,98,0.206848,98,98,0.0819771,filled
0.15,0.025,10,19.573,0.000679591,19.5618,0.000964095,0.0894217,0.0107814,-143.448,4.01028,0.0210346,99,0.206421,99,99,1.78664,filled
0.15,0.026,10,19.6793,0.000550225,19.6875,0.00281775,0.063559,0.0443329,53.7231,4.00711,0.064102,98,0.207031,98,98,0.877308,filled
0.15,0.027,10,19.9073,0.000731926,19.9218,0.00822027,0.297328,0.0276472,-126.433,4.00877,0.013121,98,0.208984,98,98,-0.838151,filled
0.15,0.028,10,20.0698,0.000555133,20.0723,0.0220366,0.286207,0.0769952,-88.1861,4.01616,0.0578404,100,0.210388,100,100,0.814597,filled
0.155,0.008,10,0,nan,0,0,0,nan,0,nan,nan,0,0,0,0,nan,died
0.155,0.009,10,0,nan,0,0,0,nan,0,nan,nan,0,0,0,0,nan,died
0.155,0.01,10,0,nan,0,0,0,nan,0,nan,nan,0,0,0,0,nan,died
0.155,0.011,10,0,nan,0,0,0,nan,0,nan,nan,0,0,0,0,nan,died
0.155,0.012,10,0,nan,0,0,0,nan,0,nan,nan,0,0,0,0,nan,died
0.155,0.013,10,0,nan,0,0,0,nan,0,nan,nan,0,0,0,0,nan,died
0.155,0.014,10,0.428594,0.00185386,0.428126,0.449683,0.449803,0.999734,67.3864,0.422885,0.172518,1,0.0100098,2,1,0.0253394,localized
0.155,0.015,10,0.441358,0.00179175,0.441787,0.465462,0.465609,0.999684,68.9122,0.432754,0.240293,2,0.010437,2,1,0.000448547,localized
0.155,0.016,10,0.451408,0.00226246,0.4508,0.484124,0.484266,0.999705,68.5343,0.442177,0.268197,1,0.0110474,3,1,0.00123191,localized
0.155,0.017,10,0.460763,0.00168189,0.460689,0.502948,0.503112,0.999673,66.5876,0.450137,0.25595,2,0.0112305,2,1,-0.00585735,localized
0.155,0.018,10,0.469839,0.00159818,0.468475,0.520027,0.520066,0.999925,69.9312,0.457356,0.251637,1,0.0115967,3,1,0.00102049,localized
0.155,0.019,10,0.478733,0.00119741,0.47865,0.535123,0.535145,0.999959,70.8149,0.468288,0.220948,1,0.0117798,2,1,0.00954405,localized
0.155,0.02,10,0.487285,0.00119668,0.488267,0.548411,0.548433,0.99996,72.2636,0.476729,0.160254,1,0.0122681,2,1,0.0113752,localized
0.155,0.021,10,0,nan,0,0,0,nan,0,nan,nan,0,0,0,0,nan,died
0.155,0.022,10,0.570778,0.023246,0.556066,0.00681565,0.529288,0.012877,97.4998,0.548022,0.298575,1,0.0128174,2,1,-11.9794,localized
0.155,0.023,10,20.2216,0.00103883,20.2481,0.00171771,0.0586244,0.0293003,-95.7177,3.99939,0.0229047,91,0.214966,91,90,-0.835282,filled
0.155,0.024,10,19.7817,0.000661596,19.7691,0.0104264,0.133471,0.0781173,118.645,4.01114,0.015529,98,0.209351,98,98,0.786571,filled
0.155,0.025,10,20.1115,0.000848072,20.1257,0.00512714,0.049669,0.103226,-39.4485,4.00518,0.0173063,98,0.212646,99,98,-0.181345,filled
0.155,0.026,10,20.0126,0.000545524,20.0246,0.0254196,0.276195,0.092035,19.1971,4.0136,0.00848999,100,0.210449,100,100,-1.68313,filled
0.155,0.027,10,20.4212,0.000812503,20.4139,0.00881031,0.0820575,0.107368,-171.333,4.0019,0.0104202,97,0.215088,97,97,-0.0449638,filled
0.155,0.028,10,20.5377,0.000324229,20.5371,0.0017198,0.0391687,0.0439075,-174.158,4.00964,0.0220196,99,0.215088,99,99,0.881309,filled
0.16,0.008,10,0,nan,0,0,0,nan,0,nan,nan,0,0,0,0,nan,died
0.16,0.009,10,0,nan,0,0,0,nan,0,nan,nan,0,0,0,0,nan,died
0.16,0.01,10,0,nan,0,0,0,nan,0,nan,nan,0,0,0,0,nan,died
0.16,0.011,10,0,nan,0,0,0,nan,0,nan,nan,0,0,0,0,nan,died
0.16,0.012,10,0,nan,0,0,0,nan,0,nan,nan,0,0,0,0,nan,died
0.16,0.013,10,0,nan,0,0,0,nan,0,nan,nan,0,0,0,0,nan,died
0.16,0.014,10,0.434821,0.00497474,0.434605,0.431701,0.431813,0.99974,66.9057,0.417928,0.0860195,1,0.0100098,3,1,-0.00296849,localized
0.16,0.015,10,0.446805,0.0016719,0.446632,0.45189,0.451937,0.999897,69.5467,0.426558,0.174956,2,0.010498,2,1,-0.0311243,localized
0.16,0.016,10,0.457451,0.00143256,0.458862,0.46947,0.469577,0.999774,69.4498,0.435911,0.216171,1,0.0107422,2,1,0.00521319,localized
0.16,0.017,10,0.466651,0.00108856,0.465676,0.487659,0.487766,0.999781,69.0078,0.443792,0.230772,1,0.0113525,2,1,-0.018485,localized
0.16,0.018,10,0.475705,0.00114079,0.47614,0.504714,0.504783,0.999863,69.5238,0.452838,0.208902,2,0.0114746,2,1,0.0178528,localized
0.16,0.019,10,0.484623,0.00133898,0.485575,0.519297,0.519342,0.999913,69.8659,0.461519,0.186586,2,0.0120239,2,1,0.00709396,localized
0.16,0.02,10,0.493411,0.000987878,0.493483,0.531942,0.531989,0.999911,70.8703,0.470047,0.133496,1,0.012207,1,1,-0.0160135,localized
0.16,0.021,10,0,nan,0,0,0,nan,0,nan,nan,0,0,0,0,nan,died
0.16,0.022,10,0,nan,0,0,0,nan,0,nan,nan,0,0,0,0,nan,died
0.16,0.023,10,20.6621,0.000767277,20.6728,0.00240199,0.0649952,0.0369565,14.3295,3.99753,0.00749147,88,0.219238,89,87,-0.816936,filled
0.16,0.024,10,20.7847,0.000846629,20.801,0.00244943,0.111034,0.0220602,-55.074,4.00187,0.0639435,93,0.220093,93,92,0.799799,filled
0.16,0.025,10,20.4477,0.000857714,20.4397,0.0193777,0.131851,0.146967,11.9029,4.00891,0.0299029,98,0.216492,99,97,-0.229407,filled
0.16,0.026,10,20.6252,0.000731953,20.6069,0.0130389,0.098998,0.131709,20.326,4.0159,0.0377526,99,0.21637,99,98,1.74645,filled
0.16,0.027,10,20.7791,0.00074751,20.7521,0.126096,0.266934,0.472385,3.04755,4.01261,0.0505584,99,0.219788,99,99,0.79779,filled
0.16,0.028,10,20.8183,0.000453102,20.8106,0.00802537,0.0569476,0.140926,-67.6329,4.00896,0.00821738,101,0.219177,101,101,1.76928,filled
0.165,0.008,10,0,nan,0,0,0,nan,0,nan,nan,0,0,0,0,nan,died
0.165,0.009,10,0,nan,0,0,0,nan,0,nan,nan,0,0,0,0,nan,died
0.165,0.01,10,0,nan,0,0,0,nan,0,nan,nan,0,0,0,0,nan,died
0.165,0.011,10,0,nan,0,0,0,nan,0,nan,nan,0,0,0,0,nan,died
0.165,0.012,10,0,nan,0,0,0,nan,0,nan,nan,0,0,0,0,nan,died
0.165,0.013,10,0,nan,0,0,0,nan,0,nan,nan,0,0,0,0,nan,died
0.165,0.014,10,0,nan,0,0,0,nan,0,nan,nan,0,0,0,0,nan,died
0.165,0.015,10,0,nan,0,0,0,nan,0,nan,nan,0,0,0,0,nan,died
0.165,0.016,10,0.463513,0.00186092,0.462552,0.454724,0.454771,0.999899,69.181,0.431553,0.169393,1,0.0107422,2,1,0.00690338,localized
0.165,0.017,10,0.472753,0.00231625,0.472382,0.47306,0.473096,0.999925,69.9089,0.439029,0.171954,1,0.0109863,2,1,-0.0027604,localized
0.165,0.018,10,0.481742,0.00135583,0.481498,0.489651,0.489704,0.999891,69.8552,0.447099,0.169296,2,0.0112915,2,1,0.00538706,localized
0.165,0.019,10,0.490641,0.000854541,0.490487,0.50443,0.504502,0.999858,69.5605,0.456101,0.139388,1,0.0117188,2,1,0.0253582,localized
0.165,0.02,10,0,nan,0,0,0,nan,0,nan,nan,0,0,0,0,nan,died
0.165,0.021,10,0,nan,0,0,0,nan,0,nan,nan,0,0,0,0,nan,died
0.165,0.022,10,0,nan,0,0,0,nan,0,nan,nan,0,0,0,0,nan,died
0.165,0.023,10,21.5785,0.00103302,21.5951,0.0102491,0.139775,0.0733258,-12.53,4.00318,0.0149638,76,0.22937,76,74,0.0748662,filled
0.165,0.024,10,21.2809,0.00082148,21.2928,0.00346736,0.101623,0.03412,121.907,4.00982,0.0415609,85,0.225769,86,83,-0.00508768,filled
0.165,0.025,10,21.3135,0.000995456,21.3301,0.00196382,0.0750886,0.0261534,-106.889,4.00559,0.0514705,88,0.225525,89,88,-1.82034,filled
0.165,0.026,10,21.4265,0.00118332,21.4249,0.00259875,0.123321,0.0210729,31.01,4.00844,0.0821134,97,0.22699,98,96,-1.79314,filled
0.165,0.027,10,21.0379,0.000768608,21.0445,0.00434084,0.104272,0.0416301,-73.8826,4.01209,0.00199668,98,0.221191,98,98,-0.470421,filled
0.165,0.028,10,21.2321,0.000467019,21.2444,0.00182834,0.0479138,0.0381589,-25.166,4.00755,0.0203164,97,0.223389,97,97,0.00664556,filled
0.17,0.008,10,0,nan,0,0,0,nan,0,nan,nan,0,0,0,0,nan,died
0.17,0.009,10,0,nan,0,0,0,nan,0,nan,nan,0,0,0,0,nan,died
0.17,0.01,10,0,nan,0,0,0,nan,0,nan,nan,0,0,0,0,nan,died
0.17,0.011,10,0,nan,0,0,0,nan,0,nan,nan,0,0,0,0,nan,died
0.17,0.012,10,0,nan,0,0,0,nan,0,nan,nan,0,0,0,0,nan,died
0.17,0.013,10,0,nan,0,0,0,nan,0,nan,nan,0,0,0,0,nan,died
0.17,0.014,10,0,nan,0,0,0,nan,0,nan,nan,0,0,0,0,nan,died
0.17,0.015,10,0,nan,0,0,0,nan,0,nan,nan,0,0,0,0,nan,died
0.17,0.016,10,0,nan,0,0,0,nan,0,nan,nan,0,0,0,0,nan,died
0.17,0.017,10,0,nan,0,0,0,nan,0,nan,nan,0,0,0,0,nan,died
0.17,0.018,10,0,nan,0,0,0,nan,0,nan,nan,0,0,0,0,nan,died
0.17,0.019,10,0,nan,0,0,0,nan,0,nan,nan,0,0,0,0,nan,died
0.17,0.02,10,0,nan,0,0,0,nan,0,nan,nan,0,0,0,0,nan,died
0.17,0.021,10,0,nan,0,0,0,nan,0,nan,nan,0,0,0,0,nan,died
0.17,0.022,10,0,nan,0,0,0,nan,0,nan,nan,0,0,0,0,nan,died
0.17,0.023,10,0,nan,0,0,0,nan,0,nan,nan,0,0,0,0,nan,died
0.17,0.024,10,0,nan,0,0,0,nan,0,nan,nan,0,0,0,0,nan,died
0.17,0.025,10,0,nan,0,0,0,nan,0,nan,nan,0,0,0,0,nan,died
0.17,0.026,10,21.9449,0.000742174,21.9572,0.00216071,0.0680476,0.031753,-81.4567,4.00196,0.067712,88,0.232056,88,87,-0.00400306,filled
0.17,0.027,10,22.3475,0.000408588,22.3584,0.00695267,0.0668128,0.104062,-2.21743,4.00873,0.0310821,88,0.235901,88,87,0.0152651,filled
0.17,0.028,10,21.9698,0.000601467,21.9767,0.00206895,0.0523388,0.0395299,-118.24,4.00446,0.0160236,99,0.231567,99,98,0.376732,filled
0.175,0.008,10,0,nan,0,0,0,nan,0,nan,nan,0,0,0,0,nan,died
0.175,0.009,10,0,nan,0,0,0,nan,0,nan,nan,0,0,0,0,nan,died
0.175,0.01,10,0,nan,0,0,0,nan,0,nan,nan,0,0,0,0,nan,died
0.175,0.011,10,0,nan,0,0,0,nan,0,nan,nan,0,0,0,0,nan,died
0.175,0.012,10,0,nan,0,0,0,nan,0,nan,nan,0,0,0,0,nan,died
0.175,0.013,10,0,nan,0,0,0,nan,0,nan,nan,0,0,0,0,nan,died
0.175,0.014,10,0,nan,0,0,0,nan,0,nan,nan,0,0,0,0,nan,died
0.175,0.015,10,0,nan,0,0,0,nan,0,nan,nan,0,0,0,0,nan,died
0.175,0.016,10,0,nan,0,0,0,nan,0,nan,nan,0,0,0,0,nan,died
0.175,0.017,10,0,nan,0,0,0,nan,0,nan,nan,0,0,0,0,nan,died
0.175,0.018,10,0,nan,0,0,0,nan,0,nan,nan,0,0,0,0,nan,died
0.175,0.019,10,0,nan,0,0,0,nan,0,nan,nan,0,0,0,0,nan,died
0.175,0.02,10,0,nan,0,0,0,nan,0,nan,nan,0,0,0,0,nan,died
0.175,0.021,10,0,nan,0,0,0,nan,0,nan,nan,0,0,0,0,nan,died
0.175,0.022,10,0,nan,0,0,0,nan,0,nan,nan,0,0,0,0,nan,died
0.175,0.023,10,0,nan,0,0,0,nan,0,nan,nan,0,0,0,0,nan,died
0.175,0.024,10,0,nan,0,0,0,nan,0,nan,nan,0,0,0,0,nan,died
0.175,0.025,10,0,nan,0,0,0,nan,0,nan,nan,0,0,0,0,nan,died
0.175,0.026,10,0,nan,0,0,0,nan,0,nan,nan,0,0,0,0,nan,died
0.175,0.027,10,22.9125,0.000750291,22.9175,0.00070397,0.0512688,0.013731,-87.9738,3.9951,0.00909286,82,0.242371,83,81,0.0194015,filled
0.175,0.028,10,22.8607,0.00108575,22.8434,0.00389125,0.0745454,0.0521997,163.86,4.00412,0.0634537,89,0.241394,89,87,0.644153,filled
0.18,0.008,10,0,nan,0,0,0,nan,0,nan,nan,0,0,0,0,nan,died
0.18,0.009,10,0,nan,0,0,0,nan,0,nan,nan,0,0,0,0,nan,died
0.18,0.01,10,0,nan,0,0,0,nan,0,nan,nan,0,0,0,0,nan,died
0.18,0.011,10,0,nan,0,0,0,nan,0,nan,nan,0,0,0,0,nan,died
0.18,0.012,10,0,nan,0,0,0,nan,0,nan,nan,0,0,0,0,nan,died
0.18,0.013,10,0,nan,0,0,0,nan,0,nan,nan,0,0,0,0,nan,died
0.18,0.014,10,0,nan,0,0,0,nan,0,nan,nan,0,0,0,0,nan,died
0.18,0.015,10,0,nan,0,0,0,nan,0,nan,nan,0,0,0,0,nan,died
0.18,0.016,10,0,nan,0,0,0,nan,0,nan,nan,0,0,0,0,nan,died
0.18,0.017,10,0,nan,0,0,0,nan,0,nan,nan,0,0,0,0,nan,died
0.18,0.018,10,0,nan,0,0,0,nan,0,nan,nan,0,0,0,0,nan,died
0.18,0.019,10,0,nan,0,0,0,nan,0,nan,nan,0,0,0,0,nan,died
0.18,0.02,10,0,nan,0,0,0,nan,0,nan,nan,0,0,0,0,nan,died
0.18,0.021,10,0,nan,0,0,0,nan,0,nan,nan,0,0,0,0,nan,died
0.18,0.022,10,0,nan,0,0,0,nan,0,nan,nan,0,0,0,0,nan,died
0.18,0.023,10,0,nan,0,0,0,nan,0,nan,nan,0,0,0,0,nan,died
0.18,0.024,10,0,nan,0,0,0,nan,0,nan,nan,0,0,0,0,nan,died
0.18,0.025,10,0,nan,0,0,0,nan,0,nan,nan,0,0,0,0,nan,died
0.18,0.026,10,0,nan,0,0,0,nan,0,nan,nan,0,0,0,0,nan,died
0.18,0.027,10,23.9423,0.000574456,23.9314,0.00446475,0.0902947,0.0494464,-124.143,4.00981,0.051062,66,0.25238,66,65,0.0816213,filled
0.18,0.028,10,23.9062,0.000548388,23.9216,0.00197463,0.0399048,0.0494836,-157.487,3.99684,0.0229389,69,0.252197,71,68,0.0501941,filled
0.185,0.008,10,0,nan,0,0,0,nan,0,nan,nan,0,0,0,0,nan,died
0.185,0.009,10,0,nan,0,0,0,nan,0,nan,nan,0,0,0,0,nan,died
0.185,0.01,10,0,nan,0,0,0,nan,0,nan,nan,0,0,0,0,nan,died
0.185,0.011,10,0,nan,0,0,0,nan,0,nan,nan,0,0,0,0,nan,died
0.185,0.012,10,0,nan,0,0,0,nan,0,nan,nan,0,0,0,0,nan,died
0.185,0.013,10,0,nan,0,0,0,nan,0,nan,nan,0,0,0,0,nan,died
0.185,0.014,10,0,nan,0,0,0,nan,0,nan,nan,0,0,0,0,nan,died
0.185,0.015,10,0,nan,0,0,0,nan,0,nan,nan,0,0,0,0,nan,died
0.185,0.016,10,0,nan,0,0,0,nan,0,nan,nan,0,0,0,0,nan,died
0.185,0.017,10,0,nan,0,0,0,nan,0,nan,nan,0,0,0,0,nan,died
0.185,0.018,10,0,nan,0,0,0,nan,0,nan,nan,0,0,0,0,nan,died
0.185,0.019,10,0,nan,0,0,0,nan,0,nan,nan,0,0,0,0,nan,died
0.185,0.02,10,0,nan,0,0,0,nan,0,nan,nan,0,0,0,0,nan,died
0.185,0.021,10,0,nan,0,0,0,nan,0,nan,nan,0,0,0,0,nan,died
0.185,0.022,10,0,nan,0,0,0,nan,0,nan,nan,0,0,0,0,nan,died
0.185,0.023,10,0,nan,0,0,0,nan,0,nan,nan,0,0,0,0,nan,died
0.185,0.024,10,0,nan,0,0,0,nan,0,nan,nan,0,0,0,0,nan,died
0.185,0.025,10,0,nan,0,0,0,nan,0,nan,nan,0,0,0,0,nan,died
0.185,0.026,10,0,nan,0,0,0,nan,0,nan,nan,0,0,0,0,nan,died
0.185,0.027,10,0,nan,0,0,0,nan,0,nan,nan,0,0,0,0,nan,died
0.185,0.028,10,24.4406,0.000683293,24.4798,0.011253,0.0852029,0.132073,-9.76294,4.00627,0.0278181,62,0.257324,62,60,0.0592788,filled
0.19,0.008,10,0,nan,0,0,0,nan,0,nan,nan,0,0,0,0,nan,died
0.19,0.009,10,0,nan,0,0,0,nan,0,nan,nan,0,0,0,0,nan,died
0.19,0.01,10,0,nan,0,0,0,nan,0,nan,nan,0,0,0,0,nan,died
0.19,0.011,10,0,nan,0,0,0,nan,0,nan,nan,0,0,0,0,nan,died
0.19,0.012,10,0,nan,0,0,0,nan,0,nan,nan,0,0,0,0,nan,died
0.19,0.013,10,0,nan,0,0,0,nan,0,nan,nan,0,0,0,0,nan,died
0.19,0.014,10,0,nan,0,0,0,nan,0,nan,nan,0,0,0,0,nan,died
0.19,0.015,10,0,nan,0,0,0,nan,0,nan,nan,0,0,0,0,nan,died
0.19,0.016,10,0,nan,0,0,0,nan,0,nan,nan,0,0,0,0,nan,died
0.19,0.017,10,0,nan,0,0,0,nan,0,nan,nan,0,0,0,0,nan,died
0.19,0.018,10,0,nan,0,0,0,nan,0,nan,nan,0,0,0,0,nan,died
0.19,0.019,10,0,nan,0,0,0,nan,0,nan,nan,0,0,0,0,nan,died
0.19,0.02,10,0,nan,0,0,0,nan,0,nan,nan,0,0,0,0,nan,died
0.19,0.021,10,0,nan,0,0,0,nan,0,nan,nan,0,0,0,0,nan,died
0.19,0.022,10,0,nan,0,0,0,nan,0,nan,nan,0,0,0,0,nan,died
0.19,0.023,10,0,nan,0,0,0,nan,0,nan,nan,0,0,0,0,nan,died
0.19,0.024,10,0,nan,0,0,0,nan,0,nan,nan,0,0,0,0,nan,died
0.19,0.025,10,0,nan,0,0,0,nan,0,nan,nan,0,0,0,0,nan,died
0.19,0.026,10,0,nan,0,0,0,nan,0,nan,nan,0,0,0,0,nan,died
0.19,0.027,10,0,nan,0,0,0,nan,0,nan,nan,0,0,0,0,nan,died
0.19,0.028,10,25.3927,0.000543785,25.382,0.00316927,0.0639177,0.0495836,141.359,4.00341,0.0260473,50,0.265686,51,50,-0.74416,filled
0.195,0.008,10,0,nan,0,0,0,nan,0,nan,nan,0,0,0,0,nan,died
0.195,0.009,10,0,nan,0,0,0,nan,0,nan,nan,0,0,0,0,nan,died
0.195,0.01,10,0,nan,0,0,0,nan,0,nan,nan,0,0,0,0,nan,died
0.195,0.011,10,0,nan,0,0,0,nan,0,nan,nan,0,0,0,0,nan,died
0.195,0.012,10,0,nan,0,0,0,nan,0,nan,nan,0,0,0,0,nan,died
0.195,0.013,10,0,nan,0,0,0,nan,0,nan,nan,0,0,0,0,nan,died
0.195,0.014,10,0,nan,0,0,0,nan,0,nan,nan,0,0,0,0,nan,died
0.195,0.015,10,0,nan,0,0,0,nan,0,nan,nan,0,0,0,0,nan,died
0.195,0.016,10,0,nan,0,0,0,nan,0,nan,nan,0,0,0,0,nan,died
0.195,0.017,10,0,nan,0,0,0,nan,0,nan,nan,0,0,0,0,nan,died
0.195,0.018,10,0,nan,0,0,0,nan,0,nan,nan,0,0,0,0,nan,died
0.195,0.019,10,0,nan,0,0,0,nan,0,nan,nan,0,0,0,0,nan,died
0.195,0.02,10,0,nan,0,0,0,nan,0,nan,nan,0,0,0,0,nan,died
0.195,0.021,10,0,nan,0,0,0,nan,0,nan,nan,0,0,0,0,nan,died
0.195,0.022,10,0,nan,0,0,0,nan,0,nan,nan,0,0,0,0,nan,died
0.195,0.023,10,0,nan,0,0,0,nan,0,nan,nan,0,0,0,0,nan,died
0.195,0.024,10,0,nan,0,0,0,nan,0,nan,nan,0,0,0,0,nan,died
0.195,0.025,10,0,nan,0,0,0,nan,0,nan,nan,0,0,0,0,nan,died
0.195,0.026,10,0,nan,0,0,0,nan,0,nan,nan,0,0,0,0,nan,died
0.195,0.027,10,0,nan,0,0,0,nan,0,nan,nan,0,0,0,0,nan,died
0.195,0.028,10,26.6516,0.000456638,26.6617,0.000968482,0.0227613,0.0425495,14.2264,3.99412,0.00470107,32,0.280334,34,32,-0.3453,filled
0.2,0.008,10,0,nan,0,0,0,nan,0,nan,nan,0,0,0,0,nan,died
0.2,0.009,10,0,nan,0,0,0,nan,0,nan,nan,0,0,0,0,nan,died
0.2,0.01,10,0,nan,0,0,0,nan,0,nan,nan,0,0,0,0,nan,died
0.2,0.011,10,0,nan,0,0,0,nan,0,nan,nan,0,0,0,0,nan,died
0.2,0.012,10,0,nan,0,0,0,nan,0,nan,nan,0,0,0,0,nan,died
0.2,0.013,10,0,nan,0,0,0,nan,0,nan,nan,0,0,0,0,nan,died
0.2,0.014,10,0,nan,0,0,0,nan,0,nan,nan,0,0,0,0,nan,died
0.2,0.015,10,0,nan,0,0,0,nan,0,nan,nan,0,0,0,0,nan,died
0.2,0.016,10,0,nan,0,0,0,nan,0,nan,nan,0,0,0,0,nan,died
0.2,0.017,10,0,nan,0,0,0,nan,0,nan,nan,0,0,0,0,nan,died
0.2,0.018,10,0,nan,0,0,0,nan,0,nan,nan,0,0,0,0,nan,died
0.2,0.019,10,0,nan,0,0,0,nan,0,nan,nan,0,0,0,0,nan,died
0.2,0.02,10,0,nan,0,0,0,nan,0,nan,nan,0,0,0,0,nan,died
0.2,0.021,10,0,nan,0,0,0,nan,0,nan,nan,0,0,0,0,nan,died
0.2,0.022,10,0,nan,0,0,0,nan,0,nan,nan,0,0,0,0,nan,died
0.2,0.023,10,0,nan,0,0,0,nan,0,nan,nan,0,0,0,0,nan,died
0.2,0.024,10,0,nan,0,0,0,nan,0,nan,nan,0,0,0,0,nan,died
0.2,0.025,10,0,nan,0,0,0,nan,0,nan,nan,0,0,0,0,nan,died
0.2,0.026,10,0,nan,0,0,0,nan,0,nan,nan,0,0,0,0,nan,died
0.2,0.027,10,0,nan,0,0,0,nan,0,nan,nan,0,0,0,0,nan,died
0.2,0.028,10,0,nan,0,0,0,nan,0,nan,nan,0,0,0,0,nan,died
