world,phi,dx_R,dy_R,mu,sigma,T,R,init_mass,mass_mean,mass_rsd,mass_final,speed,path_speed,straightness,heading,gyr,aniso,ncomp,area,ncomp_max,ncomp_min,axis_rate,fate
0,0,-1.5,0.75,0.15,0.015,10,13,0.909618,0.871745,0.00166703,0.873045,0.477176,0.479691,0.994757,61.1312,2.84277,0.985892,2,0.00927734,4,2,-0.043654,localized
1,0,-1.5,1,0.15,0.015,10,13,0.909618,0.881692,0.00125439,0.881068,0.479716,0.479961,0.999488,57.4731,0.993706,0.868227,4,0.00919596,4,2,-0.00139969,localized
2,0,-1.5,1.25,0.15,0.015,10,13,0.909618,0.871893,0.00208176,0.871904,0.478208,0.480335,0.995572,64.4543,2.86814,0.986106,2,0.00927734,5,2,-0.000933978,localized
3,0,-1.5,1.5,0.15,0.015,10,13,0.909618,0.871608,0.00190666,0.870075,0.479401,0.483978,0.990543,68.1836,2.648,0.983815,3,0.00914171,5,2,-0.000377375,localized
4,0,-1.5,2,0.15,0.015,10,13,0.909618,0.871605,0.0019041,0.86923,0.479425,0.479912,0.998985,68.2041,1.33149,0.938244,4,0.0090332,4,2,0.000287474,localized
5,0,-1,0.75,0.15,0.015,10,13,0.906996,0.873409,0.002064,0.872071,0.47185,0.472095,0.999481,45.0763,0.813154,0.746104,1,0.00881619,1,1,-0.00661752,localized
6,0,-1,1,0.15,0.015,10,13,0.909618,0.873636,0.00131033,0.872047,0.47266,0.473003,0.999275,35.5389,0.814245,0.745724,1,0.0086263,1,1,0.000994944,localized
7,0,-1,1.25,0.15,0.015,10,13,0.909618,0.435844,0.00217977,0.434421,0.479492,0.479601,0.999772,60.8352,0.43614,0.289487,1,0.00463867,2,1,0.020763,localized
8,0,-1,1.5,0.15,0.015,10,13,0.909618,0.871713,0.00168928,0.870642,0.434996,0.600411,0.724498,24.62,2.5751,0.986096,3,0.0093316,3,2,0.0353555,localized
9,0,-1,2,0.15,0.015,10,13,0.909618,0.871842,0.00198428,0.874333,0.476931,0.481283,0.990956,73.0749,3.98181,0.993558,3,0.00911458,4,2,0.77307,localized
10,0,-0.5,0.75,0.15,0.015,10,13,0.894002,0.436105,0.00204558,0.434115,0.47783,0.47798,0.999686,77.3254,0.438576,0.290864,1,0.00461155,2,1,-0.0124187,localized
11,0,-0.5,1,0.15,0.015,10,13,0.906927,0.435877,0.0013411,0.43575,0.479611,0.479671,0.999874,62.1521,0.437735,0.297258,2,0.0046658,2,1,0.0115882,localized
12,0,-0.5,1.25,0.15,0.015,10,13,0.909618,0.43571,0.00247409,0.434956,0.479761,0.479873,0.999767,51.5659,0.435912,0.302011,2,0.00461155,2,1,0.000355783,localized
13,0,-0.5,1.5,0.15,0.015,10,13,0.909618,0.435837,0.00219356,0.436272,0.479428,0.479537,0.999772,60.819,0.437601,0.300246,2,0.00469293,2,1,0.0422674,localized
14,0,-0.5,2,0.15,0.015,10,13,0.909618,0,nan,0,0,0,nan,0,nan,nan,0,0,0,0,nan,died
15,0,0,0.75,0.15,0.015,10,13,0.898944,0,nan,0,0,0,nan,0,nan,nan,0,0,0,0,nan,died
16,0,0,1,0.15,0.015,10,13,0.909618,0.435712,0.00244819,0.435101,0.479813,0.479924,0.999767,-51.5886,0.434575,0.302732,1,0.00458442,2,1,0.0177855,localized
17,0,0,1.25,0.15,0.015,10,13,0.909618,0.435807,0.00253438,0.436134,0.479403,0.479581,0.999627,68.1978,0.438635,0.293262,2,0.00458442,2,1,-0.000415129,localized
18,0,0,1.5,0.15,0.015,10,13,0.909618,0,nan,0,0,0,nan,0,nan,nan,0,0,0,0,nan,died
19,0,0,2,0.15,0.015,10,13,0.909618,0,nan,0,0,0,nan,0,nan,nan,0,0,0,0,nan,died
20,0,0.5,0.75,0.15,0.015,10,13,0.898573,0,nan,0,0,0,nan,0,nan,nan,0,0,0,0,nan,died
21,0,0.5,1,0.15,0.015,10,13,0.909618,0,nan,0,0,0,nan,0,nan,nan,0,0,0,0,nan,died
22,0,0.5,1.25,0.15,0.015,10,13,0.909618,0,nan,0,0,0,nan,0,nan,nan,0,0,0,0,nan,died
23,0,0.5,1.5,0.15,0.015,10,13,0.909618,0,nan,0,0,0,nan,0,nan,nan,0,0,0,0,nan,died
24,0,0.5,2,0.15,0.015,10,13,0.909618,0,nan,0,0,0,nan,0,nan,nan,0,0,0,0,nan,died
25,0,1,0.75,0.15,0.015,10,13,0.909618,0,nan,0,0,0,nan,0,nan,nan,0,0,0,0,nan,died
26,0,1,1,0.15,0.015,10,13,0.909618,0.435908,0.00276155,0.437321,0.479281,0.479422,0.999706,162.429,0.437622,0.290927,1,0.00453016,3,1,0.00127533,localized
27,0,1,1.25,0.15,0.015,10,13,0.909618,0.435804,0.00254835,0.436417,0.479428,0.479606,0.999629,68.1993,0.43768,0.288221,2,0.00455729,3,1,-0.00483149,localized
28,0,1,1.5,0.15,0.015,10,13,0.909618,0.435804,0.00253868,0.433808,0.479405,0.479583,0.999629,68.2025,0.436755,0.302762,1,0.00455729,3,1,-0.0188911,localized
29,0,1,2,0.15,0.015,10,13,0.909618,0,nan,0,0,0,nan,0,nan,nan,0,0,0,0,nan,died
30,0,1.5,0.75,0.15,0.015,10,13,0.909618,0.436107,0.00204731,0.43707,0.477765,0.477916,0.999685,77.3145,0.437684,0.301382,1,0.00472005,2,1,0.0218611,localized
31,0,1.5,1,0.15,0.015,10,13,0.909618,0.435837,0.00231552,0.435618,0.479468,0.479585,0.999756,150.714,0.435566,0.296736,2,0.00458442,2,1,0.0320962,localized
32,0,1.5,1.25,0.15,0.015,10,13,0.909618,0.871715,0.00166668,0.871704,0.339688,0.776259,0.437596,110.814,4.32596,0.98364,3,0.00914171,3,2,0.286384,localized
33,0,1.5,1.5,0.15,0.015,10,13,0.909618,0,nan,0,0,0,nan,0,nan,nan,0,0,0,0,nan,died
34,0,1.5,2,0.15,0.015,10,13,0.909618,0.871603,0.00187541,0.869439,0.479438,0.479555,0.999756,68.2002,1.336,0.952645,4,0.00908746,4,2,-0.00016191,localized
35,45,-1.5,0.75,0.15,0.015,10,13,0.905263,0.436125,0.0021547,0.437365,0.477809,0.477951,0.999703,77.6129,0.436837,0.279592,2,0.00463867,2,1,0.0174926,localized
36,45,-1.5,1,0.15,0.015,10,13,0.905263,0.43592,0.00216371,0.436079,0.479522,0.479712,0.999604,46.2321,0.438654,0.30322,1,0.0046658,1,1,-0.0246518,localized
37,45,-1.5,1.25,0.15,0.015,10,13,0.905263,0,nan,0,0,0,nan,0,nan,nan,0,0,0,0,nan,died
38,45,-1.5,1.5,0.15,0.015,10,13,0.905263,0.435909,0.00217085,0.434325,0.479473,0.479675,0.999578,136.161,0.437042,0.283928,1,0.00463867,1,1,0.118,localized
39,45,-1.5,2,0.15,0.015,10,13,0.905263,0.871719,0.0016829,0.873966,0.379334,0.750456,0.505472,32.6255,3.92343,0.99267,2,0.00911458,4,2,0.350661,localized
40,45,-1,0.75,0.15,0.015,10,13,0.905263,0.435876,0.00133746,0.435254,0.479595,0.479656,0.999873,-117.852,0.437346,0.296339,1,0.00463867,2,1,-0.024253,localized
41,45,-1,1,0.15,0.015,10,13,0.905263,0,nan,0,0,0,nan,0,nan,nan,0,0,0,0,nan,died
42,45,-1,1.25,0.15,0.015,10,13,0.905263,0.873735,0.00142037,0.872613,0.472292,0.472491,0.999578,34.2629,0.813301,0.744809,1,0.00865343,2,1,-0.00278547,localized
43,45,-1,1.5,0.15,0.015,10,13,0.905263,0.435802,0.00255903,0.436246,0.479432,0.47961,0.999629,21.799,0.43699,0.291892,1,0.00455729,3,1,0.0208983,localized
44,45,-1,2,0.15,0.015,10,13,0.905263,0.872339,0.00303821,0.870656,0.517332,0.638561,0.810153,-39.2807,4.56621,0.996047,2,0.0093316,4,2,-0.976483,localized
45,45,-0.5,0.75,0.15,0.015,10,13,0.901827,0,nan,0,0,0,nan,0,nan,nan,0,0,0,0,nan,died
46,45,-0.5,1,0.15,0.015,10,13,0.905263,0,nan,0,0,0,nan,0,nan,nan,0,0,0,0,nan,died
47,45,-0.5,1.25,0.15,0.015,10,13,0.905263,0,nan,0,0,0,nan,0,nan,nan,0,0,0,0,nan,died
48,45,-0.5,1.5,0.15,0.015,10,13,0.905263,0,nan,0,0,0,nan,0,nan,nan,0,0,0,0,nan,died
49,45,-0.5,2,0.15,0.015,10,13,0.905263,0,nan,0,0,0,nan,0,nan,nan,0,0,0,0,nan,died
50,45,0,0.75,0.15,0.015,10,13,0.882169,0,nan,0,0,0,nan,0,nan,nan,0,0,0,0,nan,died
51,45,0,1,0.15,0.015,10,13,0.895229,0.435708,0.00245981,0.434293,0.479778,0.47989,0.999767,-128.434,0.436291,0.295148,1,0.00447591,1,1,-0.0109384,localized
52,45,0,1.25,0.15,0.015,10,13,0.905263,0.4358,0.00256876,0.435723,0.479444,0.479622,0.999629,21.7974,0.436568,0.291033,2,0.00458442,2,1,0.01567,localized
53,45,0,1.5,0.15,0.015,10,13,0.905263,0,nan,0,0,0,nan,0,nan,nan,0,0,0,0,nan,died
54,45,0,2,0.15,0.015,10,13,0.905263,0.871562,0.00165608,0.874806,0.441282,0.67676,0.652051,25.7137,4.27519,0.995592,2,0.0093316,3,2,-0.867723,localized
55,45,0.5,0.75,0.15,0.015,10,13,0.900622,0,nan,0,0,0,nan,0,nan,nan,0,0,0,0,nan,died
56,45,0.5,1,0.15,0.015,10,13,0.904221,0,nan,0,0,0,nan,0,nan,nan,0,0,0,0,nan,died
57,45,0.5,1.25,0.15,0.015,10,13,0.905263,0,nan,0,0,0,nan,0,nan,nan,0,0,0,0,nan,died
58,45,0.5,1.5,0.15,0.015,10,13,0.905263,0.436103,0.00200461,0.436647,0.477874,0.478026,0.999682,12.6768,0.43871,0.283417,1,0.00453016,2,1,0.0289388,localized
59,45,0.5,2,0.15,0.015,10,13,0.905263,0.435714,0.00242242,0.435969,0.479755,0.479867,0.999768,141.6,0.438788,0.291776,1,0.00450304,2,1,0.0196025,localized
60,45,1,0.75,0.15,0.015,10,13,0.905263,0.435918,0.00218526,0.43656,0.479441,0.47968,0.999502,134.08,0.438729,0.297813,1,0.0046658,1,1,0.00278624,localized
61,45,1,1,0.15,0.015,10,13,0.905263,0.435803,0.00256057,0.435192,0.479415,0.479592,0.999629,21.7984,0.436161,0.293707,2,0.00463867,2,1,0.0028787,localized
62,45,1,1.25,0.15,0.015,10,13,0.905263,0,nan,0,0,0,nan,0,nan,nan,0,0,0,0,nan,died
63,45,1,1.5,0.15,0.015,10,13,0.905263,0.435801,0.00255732,0.435854,0.479405,0.479584,0.999627,21.8034,0.437583,0.28916,1,0.00461155,3,1,-0.0247236,localized
64,45,1,2,0.15,0.015,10,13,0.905263,0,nan,0,0,0,nan,0,nan,nan,0,0,0,0,nan,died
65,45,1.5,0.75,0.15,0.015,10,13,0.905263,0.435803,0.00254501,0.435825,0.479384,0.479562,0.999628,21.7986,0.438629,0.293993,1,0.00461155,3,1,-0.0193554,localized
66,45,1.5,1,0.15,0.015,10,13,0.905263,0.873681,0.00127374,0.871989,0.472723,0.473064,0.999279,54.4551,0.815568,0.748142,1,0.00865343,2,1,0.000447195,localized
67,45,1.5,1.25,0.15,0.015,10,13,0.905263,0,nan,0,0,0,nan,0,nan,nan,0,0,0,0,nan,died
68,45,1.5,1.5,0.15,0.015,10,13,0.905263,0.435808,0.00255902,0.436239,0.479373,0.479552,0.999626,21.8019,0.439304,0.295845,1,0.00461155,3,1,-0.010531,localized
69,45,1.5,2,0.15,0.015,10,13,0.905263,0.87161,0.00157632,0.870859,0.649431,0.893361,0.726953,45.0073,1.28883,0.94608,2,0.00922309,5,2,0.508957,localized
70,90,-1.5,0.75,0.15,0.015,10,13,0.909618,0.435805,0.00254366,0.434931,0.479419,0.479598,0.999626,68.1965,0.437123,0.29959,1,0.00458442,3,1,0.0238728,localized
71,90,-1.5,1,0.15,0.015,10,13,0.909618,0,nan,0,0,0,nan,0,nan,nan,0,0,0,0,nan,died
72,90,-1.5,1.25,0.15,0.015,10,13,0.909618,0,nan,0,0,0,nan,0,nan,nan,0,0,0,0,nan,died
73,90,-1.5,1.5,0.15,0.015,10,13,0.909618,0,nan,0,0,0,nan,0,nan,nan,0,0,0,0,nan,died
74,90,-1.5,2,0.15,0.015,10,13,0.909618,0.435915,0.00210867,0.435944,0.479442,0.479724,0.999413,44.4711,0.439838,0.288898,1,0.00463867,1,1,0.0414041,localized
75,90,-1,0.75,0.15,0.015,10,13,0.909618,0,nan,0,0,0,nan,0,nan,nan,0,0,0,0,nan,died
76,90,-1,1,0.15,0.015,10,13,0.909618,0,nan,0,0,0,nan,0,nan,nan,0,0,0,0,nan,died
77,90,-1,1.25,0.15,0.015,10,13,0.909618,0,nan,0,0,0,nan,0,nan,nan,0,0,0,0,nan,died
78,90,-1,1.5,0.15,0.015,10,13,0.909618,0.435707,0.00245312,0.434552,0.479768,0.47988,0.999766,38.4152,0.435739,0.298906,1,0.00450304,1,1,0.00774902,localized
79,90,-1,2,0.15,0.015,10,13,0.909618,0.873772,0.00259407,0.87349,0.472262,0.472585,0.999317,47.2507,0.812795,0.750168,1,0.00868056,1,1,0.0239251,localized
80,90,-0.5,0.75,0.15,0.015,10,13,0.895092,0,nan,0,0,0,nan,0,nan,nan,0,0,0,0,nan,died
81,90,-0.5,1,0.15,0.015,10,13,0.909618,0,nan,0,0,0,nan,0,nan,nan,0,0,0,0,nan,died
82,90,-0.5,1.25,0.15,0.015,10,13,0.909618,0,nan,0,0,0,nan,0,nan,nan,0,0,0,0,nan,died
83,90,-0.5,1.5,0.15,0.015,10,13,0.909618,0,nan,0,0,0,nan,0,nan,nan,0,0,0,0,nan,died
84,90,-0.5,2,0.15,0.015,10,13,0.909618,0.435497,0.0102209,0.431813,0.473734,0.475143,0.997035,0.674297,0.441998,0.180392,1,0.00474718,1,1,-0.12778,localized
85,90,0,0.75,0.15,0.015,10,13,0.866504,0,nan,0,0,0,nan,0,nan,nan,0,0,0,0,nan,died
86,90,0,1,0.15,0.015,10,13,0.906811,0,nan,0,0,0,nan,0,nan,nan,0,0,0,0,nan,died
87,90,0,1.25,0.15,0.015,10,13,0.909618,0.436032,0.00238136,0.435942,0.478356,0.478454,0.999794,-104.032,0.438742,0.299745,1,0.00461155,2,1,0.00365315,localized
88,90,0,1.5,0.15,0.015,10,13,0.909618,0,nan,0,0,0,nan,0,nan,nan,0,0,0,0,nan,died
89,90,0,2,0.15,0.015,10,13,0.909618,0.435497,0.00978795,0.431742,0.474388,0.47579,0.997054,-0.996719,0.43891,0.135688,1,0.00453016,1,1,0.0576366,localized
90,90,0.5,0.75,0.15,0.015,10,13,0.889686,0,nan,0,0,0,nan,0,nan,nan,0,0,0,0,nan,died
91,90,0.5,1,0.15,0.015,10,13,0.90333,0.435633,0.0098791,0.43457,0.472943,0.474192,0.997367,-88.786,0.429769,0.335647,1,0.00444878,1,1,-0.0858107,localized
92,90,0.5,1.25,0.15,0.015,10,13,0.908783,0,nan,0,0,0,nan,0,nan,nan,0,0,0,0,nan,died
93,90,0.5,1.5,0.15,0.015,10,13,0.909618,0.436101,0.00200238,0.435783,0.477843,0.477997,0.999678,-12.6759,0.439755,0.293748,2,0.00458442,2,1,-0.0245673,localized
94,90,0.5,2,0.15,0.015,10,13,0.909618,0,nan,0,0,0,nan,0,nan,nan,0,0,0,0,nan,died
95,90,1,0.75,0.15,0.015,10,13,0.908992,0,nan,0,0,0,nan,0,nan,nan,0,0,0,0,nan,died
96,90,1,1,0.15,0.015,10,13,0.909618,0,nan,0,0,0,nan,0,nan,nan,0,0,0,0,nan,died
97,90,1,1.25,0.15,0.015,10,13,0.909618,0.435803,0.00252807,0.43681,0.47942,0.479599,0.999626,-21.8015,0.437871,0.293977,2,0.00474718,3,1,-0.00840426,localized
98,90,1,1.5,0.15,0.015,10,13,0.909618,0.435876,0.00134661,0.436118,0.479607,0.479668,0.999873,-27.831,0.437491,0.296288,1,0.00463867,3,1,0.0143653,localized
99,90,1,2,0.15,0.015,10,13,0.909618,0.435873,0.00134033,0.436071,0.47958,0.479641,0.999874,-27.8579,0.4384,0.29874,1,0.00463867,2,1,-0.0288752,localized
100,90,1.5,0.75,0.15,0.015,10,13,0.909618,0.435804,0.00254019,0.435602,0.479436,0.479615,0.999626,-21.8002,0.437684,0.294435,1,0.00463867,3,1,-0.0273057,localized
101,90,1.5,1,0.15,0.015,10,13,0.909618,0.435803,0.00256065,0.435129,0.4794,0.479579,0.999628,-21.7986,0.436358,0.296221,2,0.00458442,3,1,0.0144716,localized
102,90,1.5,1.25,0.15,0.015,10,13,0.909618,0.435469,0.0103418,0.440537,0.473687,0.475018,0.9972,90.3611,0.437393,0.356274,1,0.00450304,1,1,-0.102522,localized
103,90,1.5,1.5,0.15,0.015,10,13,0.909618,0.435837,0.00219322,0.436146,0.479436,0.479546,0.999772,150.818,0.437516,0.298862,2,0.00463867,2,1,0.040166,localized
104,90,1.5,2,0.15,0.015,10,13,0.909618,0.873742,0.00107563,0.874248,0.472208,0.472336,0.999729,30.5657,0.813831,0.74516,2,0.00865343,3,1,-0.00123864,localized
105,180,-1.5,0.75,0.15,0.015,10,13,0.909618,0.43591,0.00229496,0.435021,0.479363,0.479635,0.999432,-45.7061,0.436345,0.314085,1,0.00458442,1,1,0.0149519,localized
106,180,-1.5,1,0.15,0.015,10,13,0.909618,0.823138,0.166162,0.43521,0.164835,0.617401,0.266982,-93.7423,0.436864,0.300467,1,0.00458442,5,1,-1.57087,localized
107,180,-1.5,1.25,0.15,0.015,10,13,0.909618,0,nan,0,0,0,nan,0,nan,nan,0,0,0,0,nan,died
108,180,-1.5,1.5,0.15,0.015,10,13,0.909618,0.435938,0.00660696,0.43996,0.478743,0.479109,0.999237,139.57,0.443346,0.302655,1,0.00455729,1,1,0.0447084,localized
109,180,-1.5,2,0.15,0.015,10,13,0.909618,0,nan,0,0,0,nan,0,nan,nan,0,0,0,0,nan,died
110,180,-1,0.75,0.15,0.015,10,13,0.909618,0.435845,0.00247939,0.436533,0.479422,0.479552,0.999729,-120.513,0.437657,0.292065,1,0.00469293,2,1,0.00368982,localized
111,180,-1,1,0.15,0.015,10,13,0.909618,0,nan,0,0,0,nan,0,nan,nan,0,0,0,0,nan,died
112,180,-1,1.25,0.15,0.015,10,13,0.909618,0,nan,0,0,0,nan,0,nan,nan,0,0,0,0,nan,died
113,180,-1,1.5,0.15,0.015,10,13,0.909618,0,nan,0,0,0,nan,0,nan,nan,0,0,0,0,nan,died
114,180,-1,2,0.15,0.015,10,13,0.909618,0.435675,0.0121149,0.430294,0.475881,0.477992,0.995583,-179.197,0.426305,0.381418,1,0.00463867,4,1,-0.3597,localized
115,180,-0.5,0.75,0.15,0.015,10,13,0.90688,0,nan,0,0,0,nan,0,nan,nan,0,0,0,0,nan,died
116,180,-0.5,1,0.15,0.015,10,13,0.909618,0,nan,0,0,0,nan,0,nan,nan,0,0,0,0,nan,died
117,180,-0.5,1.25,0.15,0.015,10,13,0.909618,0,nan,0,0,0,nan,0,nan,nan,0,0,0,0,nan,died
118,180,-0.5,1.5,0.15,0.015,10,13,0.909618,0,nan,0,0,0,nan,0,nan,nan,0,0,0,0,nan,died
119,180,-0.5,2,0.15,0.015,10,13,0.909618,0.871827,0.00169393,0.872368,0.235902,0.818762,0.28812,-18.7084,1.82048,0.968036,2,0.00897895,2,2,-0.959033,localized
120,180,0,0.75,0.15,0.015,10,13,0.865158,0,nan,0,0,0,nan,0,nan,nan,0,0,0,0,nan,died
121,180,0,1,0.15,0.015,10,13,0.906277,0,nan,0,0,0,nan,0,nan,nan,0,0,0,0,nan,died
122,180,0,1.25,0.15,0.015,10,13,0.909618,0,nan,0,0,0,nan,0,nan,nan,0,0,0,0,nan,died
123,180,0,1.5,0.15,0.015,10,13,0.909618,0,nan,0,0,0,nan,0,nan,nan,0,0,0,0,nan,died
124,180,0,2,0.15,0.015,10,13,0.909618,0,nan,0,0,0,nan,0,nan,nan,0,0,0,0,nan,died
125,180,0.5,0.75,0.15,0.015,10,13,0.841675,0,nan,0,0,0,nan,0,nan,nan,0,0,0,0,nan,died
126,180,0.5,1,0.15,0.015,10,13,0.907716,0,nan,0,0,0,nan,0,nan,nan,0,0,0,0,nan,died
127,180,0.5,1.25,0.15,0.015,10,13,0.909618,0,nan,0,0,0,nan,0,nan,nan,0,0,0,0,nan,died
128,180,0.5,1.5,0.15,0.015,10,13,0.909618,0,nan,0,0,0,nan,0,nan,nan,0,0,0,0,nan,died
129,180,0.5,2,0.15,0.015,10,13,0.909618,45.6933,0.00157506,45.7339,0.153292,1.58809,0.0965262,177.591,6.01745,0.013575,84,0.222032,97,84,1.5571,filled
130,180,1,0.75,0.15,0.015,10,13,0.909618,0,nan,0,0,0,nan,0,nan,nan,0,0,0,0,nan,died
131,180,1,1,0.15,0.015,10,13,0.909618,0,nan,0,0,0,nan,0,nan,nan,0,0,0,0,nan,died
132,180,1,1.25,0.15,0.015,10,13,0.909618,0,nan,0,0,0,nan,0,nan,nan,0,0,0,0,nan,died
133,180,1,1.5,0.15,0.015,10,13,0.909618,0,nan,0,0,0,nan,0,nan,nan,0,0,0,0,nan,died
134,180,1,2,0.15,0.015,10,13,0.909618,0,nan,0,0,0,nan,0,nan,nan,0,0,0,0,nan,died
135,180,1.5,0.75,0.15,0.015,10,13,0.909618,0,nan,0,0,0,nan,0,nan,nan,0,0,0,0,nan,died
136,180,1.5,1,0.15,0.015,10,13,0.909618,0,nan,0,0,0,nan,0,nan,nan,0,0,0,0,nan,died
137,180,1.5,1.25,0.15,0.015,10,13,0.909618,0.329812,1.26418,0,0.173194,0.322376,0.537242,147.365,nan,nan,0,0,5,0,nan,died
138,180,1.5,1.5,0.15,0.015,10,13,0.909618,0,nan,0,0,0,nan,0,nan,nan,0,0,0,0,nan,died
139,180,1.5,2,0.15,0.015,10,13,0.909618,45.3646,0.00145214,45.4343,0.00698639,1.40969,0.00495597,52.9987,6.01277,0.0125676,95,0.221436,100,93,0.575635,filled
140,270,-1.5,0.75,0.15,0.015,10,13,0.909618,0.435569,0.0096863,0.438228,0.474019,0.475288,0.99733,90.6323,0.449192,0.115923,1,0.00463867,1,1,-0.00086349,localized
141,270,-1.5,1,0.15,0.015,10,13,0.909618,0.436106,0.00224211,0.434413,0.477864,0.478003,0.999709,102.28,0.438656,0.291236,1,0.00461155,2,1,0.0125224,localized
142,270,-1.5,1.25,0.15,0.015,10,13,0.909618,0.435906,0.00206388,0.438186,0.479662,0.479907,0.99949,134.214,0.440182,0.307849,1,0.00463867,1,1,-0.0185912,localized
143,270,-1.5,1.5,0.15,0.015,10,13,0.909618,0.435797,0.00270298,0.436439,0.479385,0.479558,0.999639,111.797,0.439009,0.294732,2,0.00453016,3,1,0.00147512,localized
144,270,-1.5,2,0.15,0.015,10,13,0.909618,0,nan,0,0,0,nan,0,nan,nan,0,0,0,0,nan,died
145,270,-1,0.75,0.15,0.015,10,13,0.909618,0.435914,0.00224471,0.4354,0.479462,0.479748,0.999403,45.3204,0.437241,0.287287,1,0.00453016,1,1,0.0570214,localized
146,270,-1,1,0.15,0.015,10,13,0.909618,0.435845,0.00219805,0.437036,0.479456,0.479566,0.999772,29.1685,0.438558,0.298891,1,0.00455729,2,1,0.0352142,localized
147,270,-1,1.25,0.15,0.015,10,13,0.909618,0.435909,0.00214959,0.435798,0.47942,0.479676,0.999465,44.2283,0.436494,0.314755,1,0.00458442,1,1,0.016775,localized
148,270,-1,1.5,0.15,0.015,10,13,0.909618,0.87351,0.00751811,0.873897,0.455013,0.467931,0.972394,-179.698,0.813381,0.743514,2,0.00868056,3,1,-0.286553,localized
149,270,-1,2,0.15,0.015,10,13,0.909618,0.435859,0.00273402,0.436498,0.479524,0.479657,0.999724,60.2339,0.438707,0.298656,1,0.00455729,2,1,-0.00963089,localized
150,270,-0.5,0.75,0.15,0.015,10,13,0.907298,0,nan,0,0,0,nan,0,nan,nan,0,0,0,0,nan,died
151,270,-0.5,1,0.15,0.015,10,13,0.909618,0.435803,0.00254852,0.433498,0.479409,0.479588,0.999626,158.2,0.436386,0.304675,1,0.00455729,3,1,-0.0165137,localized
152,270,-0.5,1.25,0.15,0.015,10,13,0.909618,0,nan,0,0,0,nan,0,nan,nan,0,0,0,0,nan,died
153,270,-0.5,1.5,0.15,0.015,10,13,0.909618,0.435803,0.00254459,0.43434,0.479403,0.479583,0.999626,158.199,0.437296,0.30042,1,0.00463867,3,1,0.00285304,localized
154,270,-0.5,2,0.15,0.015,10,13,0.909618,0.435878,0.00134149,0.434916,0.479605,0.479666,0.999873,62.1591,0.437758,0.300161,2,0.00463867,3,1,-0.000944072,localized
155,270,0,0.75,0.15,0.015,10,13,0.89312,0,nan,0,0,0,nan,0,nan,nan,0,0,0,0,nan,died
156,270,0,1,0.15,0.015,10,13,0.90391,0.435802,0.00254942,0.434469,0.479392,0.47957,0.999628,-158.2,0.437516,0.298137,1,0.0046658,3,1,-0.00860893,localized
157,270,0,1.25,0.15,0.015,10,13,0.909154,0,nan,0,0,0,nan,0,nan,nan,0,0,0,0,nan,died
158,270,0,1.5,0.15,0.015,10,13,0.909618,0.435804,0.00255718,0.435608,0.479396,0.479575,0.999627,-21.7993,0.437417,0.304544,1,0.00463867,3,1,0.025412,localized
159,270,0,2,0.15,0.015,10,13,0.909618,0.435932,0.00660865,0.435085,0.478845,0.479214,0.999229,130.424,0.440694,0.276904,1,0.00469293,1,1,-0.0151345,localized
160,270,0.5,0.75,0.15,0.015,10,13,0.898016,0,nan,0,0,0,nan,0,nan,nan,0,0,0,0,nan,died
161,270,0.5,1,0.15,0.015,10,13,0.906393,0,nan,0,0,0,nan,0,nan,nan,0,0,0,0,nan,died
162,270,0.5,1.25,0.15,0.015,10,13,0.909595,0,nan,0,0,0,nan,0,nan,nan,0,0,0,0,nan,died
163,270,0.5,1.5,0.15,0.015,10,13,0.909618,0.435906,0.002762,0.435083,0.479301,0.479442,0.999707,162.431,0.43878,0.293945,2,0.00461155,3,1,0.000754727,localized
164,270,0.5,2,0.15,0.015,10,13,0.909618,0.435843,0.00244505,0.435369,0.479488,0.479609,0.999749,150.688,0.436868,0.295593,2,0.00461155,2,1,-0.000789069,localized
165,270,1,0.75,0.15,0.015,10,13,0.909618,0,nan,0,0,0,nan,0,nan,nan,0,0,0,0,nan,died
166,270,1,1,0.15,0.015,10,13,0.909618,0,nan,0,0,0,nan,0,nan,nan,0,0,0,0,nan,died
167,270,1,1.25,0.15,0.015,10,13,0.909618,0.435904,0.00224003,0.434405,0.479412,0.479612,0.999582,-46.2342,0.435901,0.284759,1,0.00450304,1,1,-0.131879,localized
168,270,1,1.5,0.15,0.015,10,13,0.909618,0,nan,0,0,0,nan,0,nan,nan,0,0,0,0,nan,died
169,270,1,2,0.15,0.015,10,13,0.909618,0.435803,0.00255957,0.434341,0.47941,0.479589,0.999627,158.198,0.437289,0.300582,1,0.00463867,3,1,0.0020089,localized
170,270,1.5,0.75,0.15,0.015,10,13,0.909618,0.435874,0.00133224,0.435366,0.479572,0.479632,0.999874,117.859,0.438151,0.296436,2,0.00474718,2,1,0.0229929,localized
171,270,1.5,1,0.15,0.015,10,13,0.909618,0.435712,0.0024396,0.43442,0.479793,0.479905,0.999766,128.406,0.436259,0.292769,1,0.00447591,2,1,0.00939008,localized
172,270,1.5,1.25,0.15,0.015,10,13,0.909618,0.435715,0.00244178,0.436179,0.479779,0.479891,0.999767,128.41,0.438622,0.289719,1,0.00463867,1,1,-0.0238886,localized
173,270,1.5,1.5,0.15,0.015,10,13,0.909618,0,nan,0,0,0,nan,0,nan,nan,0,0,0,0,nan,died
174,270,1.5,2,0.15,0.015,10,13,0.909618,0.435806,0.0025462,0.435627,0.479394,0.479573,0.999626,111.804,0.438992,0.296847,1,0.00458442,3,1,-0.00380587,localized
