world,zoom,amp,mu,sigma,T,R,init_mass,mass_mean,mass_rsd,mass_final,speed,path_speed,straightness,heading,gyr,aniso,ncomp,area,ncomp_max,ncomp_min,axis_rate,fate
0,0.6,0.6,0.15,0.015,10,13,0.0900641,0,nan,0,0,0,nan,0,nan,nan,0,0,0,0,nan,died
1,0.6,0.7,0.15,0.015,10,13,0.105075,0,nan,0,0,0,nan,0,nan,nan,0,0,0,0,nan,died
2,0.6,0.8,0.15,0.015,10,13,0.120085,0,nan,0,0,0,nan,0,nan,nan,0,0,0,0,nan,died
3,0.6,0.9,0.15,0.015,10,13,0.135096,0,nan,0,0,0,nan,0,nan,nan,0,0,0,0,nan,died
4,0.6,1,0.15,0.015,10,13,0.150107,0,nan,0,0,0,nan,0,nan,nan,0,0,0,0,nan,died
5,0.6,1.1,0.15,0.015,10,13,0.163314,0,nan,0,0,0,nan,0,nan,nan,0,0,0,0,nan,died
6,0.6,1.2,0.15,0.015,10,13,0.175697,0,nan,0,0,0,nan,0,nan,nan,0,0,0,0,nan,died
7,0.6,1.3,0.15,0.015,10,13,0.187334,0,nan,0,0,0,nan,0,nan,nan,0,0,0,0,nan,died
8,0.6,1.4,0.15,0.015,10,13,0.197859,0,nan,0,0,0,nan,0,nan,nan,0,0,0,0,nan,died
9,0.7,0.6,0.15,0.015,10,13,0.126706,0,nan,0,0,0,nan,0,nan,nan,0,0,0,0,nan,died
10,0.7,0.7,0.15,0.015,10,13,0.147824,0,nan,0,0,0,nan,0,nan,nan,0,0,0,0,nan,died
11,0.7,0.8,0.15,0.015,10,13,0.168942,0,nan,0,0,0,nan,0,nan,nan,0,0,0,0,nan,died
12,0.7,0.9,0.15,0.015,10,13,0.190059,0,nan,0,0,0,nan,0,nan,nan,0,0,0,0,nan,died
13,0.7,1,0.15,0.015,10,13,0.211177,0,nan,0,0,0,nan,0,nan,nan,0,0,0,0,nan,died
14,0.7,1.1,0.15,0.015,10,13,0.22992,0,nan,0,0,0,nan,0,nan,nan,0,0,0,0,nan,died
15,0.7,1.2,0.15,0.015,10,13,0.247474,0,nan,0,0,0,nan,0,nan,nan,0,0,0,0,nan,died
16,0.7,1.3,0.15,0.015,10,13,0.263016,0,nan,0,0,0,nan,0,nan,nan,0,0,0,0,nan,died
17,0.7,1.4,0.15,0.015,10,13,0.277488,0,nan,0,0,0,nan,0,nan,nan,0,0,0,0,nan,died
18,0.8,0.6,0.15,0.015,10,13,0.168308,0,nan,0,0,0,nan,0,nan,nan,0,0,0,0,nan,died
19,0.8,0.7,0.15,0.015,10,13,0.19636,0,nan,0,0,0,nan,0,nan,nan,0,0,0,0,nan,died
20,0.8,0.8,0.15,0.015,10,13,0.224411,0,nan,0,0,0,nan,0,nan,nan,0,0,0,0,nan,died
21,0.8,0.9,0.15,0.015,10,13,0.252462,0,nan,0,0,0,nan,0,nan,nan,0,0,0,0,nan,died
22,0.8,1,0.15,0.015,10,13,0.280514,0,nan,0,0,0,nan,0,nan,nan,0,0,0,0,nan,died
23,0.8,1.1,0.15,0.015,10,13,0.305625,0,nan,0,0,0,nan,0,nan,nan,0,0,0,0,nan,died
24,0.8,1.2,0.15,0.015,10,13,0.328131,0,nan,0,0,0,nan,0,nan,nan,0,0,0,0,nan,died
25,0.8,1.3,0.15,0.015,10,13,0.348766,0,nan,0,0,0,nan,0,nan,nan,0,0,0,0,nan,died
26,0.8,1.4,0.15,0.015,10,13,0.368168,0,nan,0,0,0,nan,0,nan,nan,0,0,0,0,nan,died
27,0.9,0.6,0.15,0.015,10,13,0.218754,0,nan,0,0,0,nan,0,nan,nan,0,0,0,0,nan,died
28,0.9,0.7,0.15,0.015,10,13,0.255213,0,nan,0,0,0,nan,0,nan,nan,0,0,0,0,nan,died
29,0.9,0.8,0.15,0.015,10,13,0.291672,0,nan,0,0,0,nan,0,nan,nan,0,0,0,0,nan,died
30,0.9,0.9,0.15,0.015,10,13,0.328131,0,nan,0,0,0,nan,0,nan,nan,0,0,0,0,nan,died
31,0.9,1,0.15,0.015,10,13,0.36459,0,nan,0,0,0,nan,0,nan,nan,0,0,0,0,nan,died
32,0.9,1.1,0.15,0.015,10,13,0.396865,0.435803,0.0025534,0.435676,0.479434,0.479612,0.999629,68.1959,0.438605,0.286808,2,0.0106201,3,1,-0.000256441,localized
33,0.9,1.2,0.15,0.015,10,13,0.426422,0.435805,0.00257011,0.437403,0.479398,0.479575,0.99963,68.1945,0.43932,0.289444,1,0.010376,3,1,0.00926103,localized
34,0.9,1.3,0.15,0.015,10,13,0.453456,0.435808,0.00253803,0.435912,0.479382,0.47956,0.999629,68.2018,0.438404,0.298257,2,0.010376,3,1,0.00851014,localized
35,0.9,1.4,0.15,0.015,10,13,0.478799,0.436102,0.00200846,0.436682,0.477892,0.478042,0.999685,77.3244,0.437314,0.276942,1,0.0100708,2,1,-0.0259466,localized
36,1,0.6,0.15,0.015,10,13,0.272885,0,nan,0,0,0,nan,0,nan,nan,0,0,0,0,nan,died
37,1,0.7,0.15,0.015,10,13,0.318366,0,nan,0,0,0,nan,0,nan,nan,0,0,0,0,nan,died
38,1,0.8,0.15,0.015,10,13,0.363847,0,nan,0,0,0,nan,0,nan,nan,0,0,0,0,nan,died
39,1,0.9,0.15,0.015,10,13,0.409328,0.435804,0.00254945,0.43509,0.479427,0.479606,0.999627,68.1983,0.437005,0.300237,2,0.0102539,3,1,-0.0226516,localized
40,1,1,0.15,0.015,10,13,0.454809,0.435803,0.00254647,0.435238,0.479402,0.47958,0.999628,68.201,0.436529,0.29629,2,0.0101929,3,1,0.0150761,localized
41,1,1.1,0.15,0.015,10,13,0.493563,0.435803,0.00255094,0.436879,0.479388,0.479567,0.999627,68.1986,0.438464,0.295572,1,0.010376,3,1,0.00406953,localized
42,1,1.2,0.15,0.015,10,13,0.528841,0.435804,0.00255896,0.437251,0.479428,0.479605,0.99963,68.1998,0.437379,0.288626,3,0.0103149,3,1,-0.0168056,localized
43,1,1.3,0.15,0.015,10,13,0.560276,0.435803,0.00254774,0.435615,0.47942,0.479598,0.999629,68.2013,0.436126,0.29571,2,0.0100098,2,1,-0.00494844,localized
44,1,1.4,0.15,0.015,10,13,0.590449,0.435805,0.00256674,0.43434,0.479402,0.47958,0.99963,68.2011,0.436931,0.297383,1,0.0106201,3,1,-0.00790601,localized
45,1.1,0.6,0.15,0.015,10,13,0.333013,0,nan,0,0,0,nan,0,nan,nan,0,0,0,0,nan,died
46,1.1,0.7,0.15,0.015,10,13,0.388515,0,nan,0,0,0,nan,0,nan,nan,0,0,0,0,nan,died
47,1.1,0.8,0.15,0.015,10,13,0.444017,0,nan,0,0,0,nan,0,nan,nan,0,0,0,0,nan,died
48,1.1,0.9,0.15,0.015,10,13,0.499519,0,nan,0,0,0,nan,0,nan,nan,0,0,0,0,nan,died
49,1.1,1,0.15,0.015,10,13,0.555021,0,nan,0,0,0,nan,0,nan,nan,0,0,0,0,nan,died
50,1.1,1.1,0.15,0.015,10,13,0.603943,0,nan,0,0,0,nan,0,nan,nan,0,0,0,0,nan,died
51,1.1,1.2,0.15,0.015,10,13,0.647956,0,nan,0,0,0,nan,0,nan,nan,0,0,0,0,nan,died
52,1.1,1.3,0.15,0.015,10,13,0.689441,0.435802,0.00253412,0.437379,0.479403,0.479582,0.999628,68.2026,0.436706,0.289372,2,0.010376,3,1,-0.00353727,localized
53,1.1,1.4,0.15,0.015,10,13,0.728729,0.435802,0.00255804,0.43471,0.47944,0.479619,0.999627,68.1988,0.436029,0.296023,2,0.010376,3,1,-0.0226805,localized
54,1.2,0.6,0.15,0.015,10,13,0.396844,0,nan,0,0,0,nan,0,nan,nan,0,0,0,0,nan,died
55,1.2,0.7,0.15,0.015,10,13,0.462984,0,nan,0,0,0,nan,0,nan,nan,0,0,0,0,nan,died
56,1.2,0.8,0.15,0.015,10,13,0.529125,0,nan,0,0,0,nan,0,nan,nan,0,0,0,0,nan,died
57,1.2,0.9,0.15,0.015,10,13,0.595266,0,nan,0,0,0,nan,0,nan,nan,0,0,0,0,nan,died
58,1.2,1,0.15,0.015,10,13,0.661406,0,nan,0,0,0,nan,0,nan,nan,0,0,0,0,nan,died
59,1.2,1.1,0.15,0.015,10,13,0.71999,0,nan,0,0,0,nan,0,nan,nan,0,0,0,0,nan,died
60,1.2,1.2,0.15,0.015,10,13,0.77358,0,nan,0,0,0,nan,0,nan,nan,0,0,0,0,nan,died
61,1.2,1.3,0.15,0.015,10,13,0.822319,0,nan,0,0,0,nan,0,nan,nan,0,0,0,0,nan,died
62,1.2,1.4,0.15,0.015,10,13,0.869023,0.435805,0.0025598,0.434269,0.479399,0.479576,0.99963,68.2008,0.437086,0.297681,1,0.0106201,3,1,-0.00648332,localized
63,1.3,0.6,0.15,0.015,10,13,0.469346,0,nan,0,0,0,nan,0,nan,nan,0,0,0,0,nan,died
64,1.3,0.7,0.15,0.015,10,13,0.54757,0,nan,0,0,0,nan,0,nan,nan,0,0,0,0,nan,died
65,1.3,0.8,0.15,0.015,10,13,0.625795,0,nan,0,0,0,nan,0,nan,nan,0,0,0,0,nan,died
66,1.3,0.9,0.15,0.015,10,13,0.704019,0,nan,0,0,0,nan,0,nan,nan,0,0,0,0,nan,died
67,1.3,1,0.15,0.015,10,13,0.782243,0,nan,0,0,0,nan,0,nan,nan,0,0,0,0,nan,died
68,1.3,1.1,0.15,0.015,10,13,0.851259,0,nan,0,0,0,nan,0,nan,nan,0,0,0,0,nan,died
69,1.3,1.2,0.15,0.015,10,13,0.913767,0,nan,0,0,0,nan,0,nan,nan,0,0,0,0,nan,died
70,1.3,1.3,0.15,0.015,10,13,0.972356,0,nan,0,0,0,nan,0,nan,nan,0,0,0,0,nan,died
71,1.3,1.4,0.15,0.015,10,13,1.02787,0,nan,0,0,0,nan,0,nan,nan,0,0,0,0,nan,died
72,1.4,0.6,0.15,0.015,10,13,0.547182,0,nan,0,0,0,nan,0,nan,nan,0,0,0,0,nan,died
73,1.4,0.7,0.15,0.015,10,13,0.638379,0,nan,0,0,0,nan,0,nan,nan,0,0,0,0,nan,died
74,1.4,0.8,0.15,0.015,10,13,0.729576,0,nan,0,0,0,nan,0,nan,nan,0,0,0,0,nan,died
75,1.4,0.9,0.15,0.015,10,13,0.820773,0,nan,0,0,0,nan,0,nan,nan,0,0,0,0,nan,died
76,1.4,1,0.15,0.015,10,13,0.91197,0,nan,0,0,0,nan,0,nan,nan,0,0,0,0,nan,died
77,1.4,1.1,0.15,0.015,10,13,0.992558,0,nan,0,0,0,nan,0,nan,nan,0,0,0,0,nan,died
78,1.4,1.2,0.15,0.015,10,13,1.06623,0,nan,0,0,0,nan,0,nan,nan,0,0,0,0,nan,died
79,1.4,1.3,0.15,0.015,10,13,1.1343,0,nan,0,0,0,nan,0,nan,nan,0,0,0,0,nan,died
80,1.4,1.4,0.15,0.015,10,13,1.19851,0,nan,0,0,0,nan,0,nan,nan,0,0,0,0,nan,died
81,1.5,0.6,0.15,0.015,10,13,0.63246,0,nan,0,0,0,nan,0,nan,nan,0,0,0,0,nan,died
82,1.5,0.7,0.15,0.015,10,13,0.73787,0,nan,0,0,0,nan,0,nan,nan,0,0,0,0,nan,died
83,1.5,0.8,0.15,0.015,10,13,0.84328,0,nan,0,0,0,nan,0,nan,nan,0,0,0,0,nan,died
84,1.5,0.9,0.15,0.015,10,13,0.94869,0,nan,0,0,0,nan,0,nan,nan,0,0,0,0,nan,died
85,1.5,1,0.15,0.015,10,13,1.0541,0,nan,0,0,0,nan,0,nan,nan,0,0,0,0,nan,died
86,1.5,1.1,0.15,0.015,10,13,1.14776,0,nan,0,0,0,nan,0,nan,nan,0,0,0,0,nan,died
87,1.5,1.2,0.15,0.015,10,13,1.23275,0,nan,0,0,0,nan,0,nan,nan,0,0,0,0,nan,died
88,1.5,1.3,0.15,0.015,10,13,1.31197,0,nan,0,0,0,nan,0,nan,nan,0,0,0,0,nan,died
89,1.5,1.4,0.15,0.015,10,13,1.38588,0,nan,0,0,0,nan,0,nan,nan,0,0,0,0,nan,died
90,1.6,0.6,0.15,0.015,10,13,0.721914,0,nan,0,0,0,nan,0,nan,nan,0,0,0,0,nan,died
91,1.6,0.7,0.15,0.015,10,13,0.842233,0,nan,0,0,0,nan,0,nan,nan,0,0,0,0,nan,died
92,1.6,0.8,0.15,0.015,10,13,0.962552,0,nan,0,0,0,nan,0,nan,nan,0,0,0,0,nan,died
93,1.6,0.9,0.15,0.015,10,13,1.08287,0,nan,0,0,0,nan,0,nan,nan,0,0,0,0,nan,died
94,1.6,1,0.15,0.015,10,13,1.20319,0,nan,0,0,0,nan,0,nan,nan,0,0,0,0,nan,died
95,1.6,1.1,0.15,0.015,10,13,1.31017,0,nan,0,0,0,nan,0,nan,nan,0,0,0,0,nan,died
96,1.6,1.2,0.15,0.015,10,13,1.40717,0,nan,0,0,0,nan,0,nan,nan,0,0,0,0,nan,died
97,1.6,1.3,0.15,0.015,10,13,1.4984,0,nan,0,0,0,nan,0,nan,nan,0,0,0,0,nan,died
98,1.6,1.4,0.15,0.015,10,13,1.58293,0,nan,0,0,0,nan,0,nan,nan,0,0,0,0,nan,died
99,1.7,0.6,0.15,0.015,10,13,0.816629,0,nan,0,0,0,nan,0,nan,nan,0,0,0,0,nan,died
100,1.7,0.7,0.15,0.015,10,13,0.952734,0,nan,0,0,0,nan,0,nan,nan,0,0,0,0,nan,died
101,1.7,0.8,0.15,0.015,10,13,1.08884,0,nan,0,0,0,nan,0,nan,nan,0,0,0,0,nan,died
102,1.7,0.9,0.15,0.015,10,13,1.22494,0,nan,0,0,0,nan,0,nan,nan,0,0,0,0,nan,died
103,1.7,1,0.15,0.015,10,13,1.36105,0,nan,0,0,0,nan,0,nan,nan,0,0,0,0,nan,died
104,1.7,1.1,0.15,0.015,10,13,1.48216,0,nan,0,0,0,nan,0,nan,nan,0,0,0,0,nan,died
105,1.7,1.2,0.15,0.015,10,13,1.59247,0,nan,0,0,0,nan,0,nan,nan,0,0,0,0,nan,died
106,1.7,1.3,0.15,0.015,10,13,1.69477,0,nan,0,0,0,nan,0,nan,nan,0,0,0,0,nan,died
107,1.7,1.4,0.15,0.015,10,13,1.79016,0,nan,0,0,0,nan,0,nan,nan,0,0,0,0,nan,died
108,1.8,0.6,0.15,0.015,10,13,0.91876,0,nan,0,0,0,nan,0,nan,nan,0,0,0,0,nan,died
109,1.8,0.7,0.15,0.015,10,13,1.07189,0,nan,0,0,0,nan,0,nan,nan,0,0,0,0,nan,died
110,1.8,0.8,0.15,0.015,10,13,1.22501,0,nan,0,0,0,nan,0,nan,nan,0,0,0,0,nan,died
111,1.8,0.9,0.15,0.015,10,13,1.37814,0,nan,0,0,0,nan,0,nan,nan,0,0,0,0,nan,died
112,1.8,1,0.15,0.015,10,13,1.53127,0,nan,0,0,0,nan,0,nan,nan,0,0,0,0,nan,died
113,1.8,1.1,0.15,0.015,10,13,1.66719,0,nan,0,0,0,nan,0,nan,nan,0,0,0,0,nan,died
114,1.8,1.2,0.15,0.015,10,13,1.79072,0,nan,0,0,0,nan,0,nan,nan,0,0,0,0,nan,died
115,1.8,1.3,0.15,0.015,10,13,1.90521,0,nan,0,0,0,nan,0,nan,nan,0,0,0,0,nan,died
116,1.8,1.4,0.15,0.015,10,13,2.01294,0,nan,0,0,0,nan,0,nan,nan,0,0,0,0,nan,died
117,1.9,0.6,0.15,0.015,10,13,1.02793,0,nan,0,0,0,nan,0,nan,nan,0,0,0,0,nan,died
118,1.9,0.7,0.15,0.015,10,13,1.19926,0,nan,0,0,0,nan,0,nan,nan,0,0,0,0,nan,died
119,1.9,0.8,0.15,0.015,10,13,1.37058,0,nan,0,0,0,nan,0,nan,nan,0,0,0,0,nan,died
120,1.9,0.9,0.15,0.015,10,13,1.5419,0,nan,0,0,0,nan,0,nan,nan,0,0,0,0,nan,died
121,1.9,1,0.15,0.015,10,13,1.71322,0,nan,0,0,0,nan,0,nan,nan,0,0,0,0,nan,died
122,1.9,1.1,0.15,0.015,10,13,1.86591,0,nan,0,0,0,nan,0,nan,nan,0,0,0,0,nan,died
123,1.9,1.2,0.15,0.015,10,13,2.00508,0,nan,0,0,0,nan,0,nan,nan,0,0,0,0,nan,died
124,1.9,1.3,0.15,0.015,10,13,2.13344,0,nan,0,0,0,nan,0,nan,nan,0,0,0,0,nan,died
125,1.9,1.4,0.15,0.015,10,13,2.25366,0,nan,0,0,0,nan,0,nan,nan,0,0,0,0,nan,died
126,2,0.6,0.15,0.015,10,13,1.14188,0,nan,0,0,0,nan,0,nan,nan,0,0,0,0,nan,died
127,2,0.7,0.15,0.015,10,13,1.33219,0,nan,0,0,0,nan,0,nan,nan,0,0,0,0,nan,died
128,2,0.8,0.15,0.015,10,13,1.52251,0,nan,0,0,0,nan,0,nan,nan,0,0,0,0,nan,died
129,2,0.9,0.15,0.015,10,13,1.71282,0,nan,0,0,0,nan,0,nan,nan,0,0,0,0,nan,died
130,2,1,0.15,0.015,10,13,1.90313,0,nan,0,0,0,nan,0,nan,nan,0,0,0,0,nan,died
131,2,1.1,0.15,0.015,10,13,2.07321,0,nan,0,0,0,nan,0,nan,nan,0,0,0,0,nan,died
132,2,1.2,0.15,0.015,10,13,2.22736,0,nan,0,0,0,nan,0,nan,nan,0,0,0,0,nan,died
133,2,1.3,0.15,0.015,10,13,2.36957,0,nan,0,0,0,nan,0,nan,nan,0,0,0,0,nan,died
134,2,1.4,0.15,0.015,10,13,2.5034,0,nan,0,0,0,nan,0,nan,nan,0,0,0,0,nan,died
