world,seed,L_R,peak,mu,sigma,T,R,mass_mean,mass_rsd,mass_final,speed,path_speed,straightness,heading,gyr,aniso,ncomp,area,ncomp_max,ncomp_min,axis_rate,fate
0,0,2.2739,0.5744,0.15,0.015,10,13,0,nan,0,0,0,nan,0,nan,nan,0,0,0,0,nan,died
1,0,1.5396,0.9863,0.15,0.015,10,13,0,nan,0,0,0,nan,0,nan,nan,0,0,0,0,nan,died
2,0,1.0819,0.945,0.15,0.015,10,13,0,nan,0,0,0,nan,0,nan,nan,0,0,0,0,nan,died
3,0,1.0331,0.9112,0.15,0.015,10,13,0,nan,0,0,0,nan,0,nan,nan,0,0,0,0,nan,died
4,0,2.6265,0.74,0.15,0.015,10,13,0,nan,0,0,0,nan,0,nan,nan,0,0,0,0,nan,died
5,0,2.8255,0.6162,0.15,0.015,10,13,0,nan,0,0,0,nan,0,nan,nan,0,0,0,0,nan,died
6,0,2.2133,0.9009,0.15,0.015,10,13,0,nan,0,0,0,nan,0,nan,nan,0,0,0,0,nan,died
7,0,2.459,0.9618,0.15,0.015,10,13,0,nan,0,0,0,nan,0,nan,nan,0,0,0,0,nan,died
8,0,2.0872,0.6331,0.15,0.015,10,13,0,nan,0,0,0,nan,0,nan,nan,0,0,0,0,nan,died
9,0,2.8701,0.7695,0.15,0.015,10,13,0,nan,0,0,0,nan,0,nan,nan,0,0,0,0,nan,died
10,0,2.6317,0.7214,0.15,0.015,10,13,0,nan,0,0,0,nan,0,nan,nan,0,0,0,0,nan,died
11,0,1.0055,0.9655,0.15,0.015,10,13,0,nan,0,0,0,nan,0,nan,nan,0,0,0,0,nan,died
12,0,2.7148,0.5203,0.15,0.015,10,13,0,nan,0,0,0,nan,0,nan,nan,0,0,0,0,nan,died
13,0,1.0672,0.866,0.15,0.015,10,13,0,nan,0,0,0,nan,0,nan,nan,0,0,0,0,nan,died
14,0,2.4593,0.8072,0.15,0.015,10,13,0,nan,0,0,0,nan,0,nan,nan,0,0,0,0,nan,died
15,0,1.3513,0.5142,0.15,0.015,10,13,0,nan,0,0,0,nan,0,nan,nan,0,0,0,0,nan,died
16,0,2.7264,0.8596,0.15,0.015,10,13,0,nan,0,0,0,nan,0,nan,nan,0,0,0,0,nan,died
17,0,2.0829,0.508,0.15,0.015,10,13,0,nan,0,0,0,nan,0,nan,nan,0,0,0,0,nan,died
18,0,1.5994,0.879,0.15,0.015,10,13,0,nan,0,0,0,nan,0,nan,nan,0,0,0,0,nan,died
19,0,1.8454,0.7564,0.15,0.015,10,13,0,nan,0,0,0,nan,0,nan,nan,0,0,0,0,nan,died
20,0,1.0566,0.9646,0.15,0.015,10,13,0,nan,0,0,0,nan,0,nan,nan,0,0,0,0,nan,died
21,0,1.2486,0.533,0.15,0.015,10,13,0,nan,0,0,0,nan,0,nan,nan,0,0,0,0,nan,died
22,0,2.3412,0.9207,0.15,0.015,10,13,0,nan,0,0,0,nan,0,nan,nan,0,0,0,0,nan,died
23,0,2.2944,0.5333,0.15,0.015,10,13,0,nan,0,0,0,nan,0,nan,nan,0,0,0,0,nan,died
24,0,2.2308,0.6722,0.15,0.015,10,13,0,nan,0,0,0,nan,0,nan,nan,0,0,0,0,nan,died
25,0,1.7674,0.7151,0.15,0.015,10,13,0,nan,0,0,0,nan,0,nan,nan,0,0,0,0,nan,died
26,0,2.9944,0.983,0.15,0.015,10,13,0,nan,0,0,0,nan,0,nan,nan,0,0,0,0,nan,died
27,0,2.9617,0.7811,0.15,0.015,10,13,0,nan,0,0,0,nan,0,nan,nan,0,0,0,0,nan,died
28,0,2.3711,0.6294,0.15,0.015,10,13,0,nan,0,0,0,nan,0,nan,nan,0,0,0,0,nan,died
29,0,2.3009,0.6208,0.15,0.015,10,13,0,nan,0,0,0,nan,0,nan,nan,0,0,0,0,nan,died
30,0,2.3769,0.9441,0.15,0.015,10,13,0,nan,0,0,0,nan,0,nan,nan,0,0,0,0,nan,died
31,0,1.7778,0.6129,0.15,0.015,10,13,0,nan,0,0,0,nan,0,nan,nan,0,0,0,0,nan,died
32,0,1.2702,0.5623,0.15,0.015,10,13,0,nan,0,0,0,nan,0,nan,nan,0,0,0,0,nan,died
33,0,2.443,0.6442,0.15,0.015,10,13,0,nan,0,0,0,nan,0,nan,nan,0,0,0,0,nan,died
34,0,2.0507,0.7931,0.15,0.015,10,13,0,nan,0,0,0,nan,0,nan,nan,0,0,0,0,nan,died
35,0,1.6205,0.777,0.15,0.015,10,13,0,nan,0,0,0,nan,0,nan,nan,0,0,0,0,nan,died
36,0,1.9717,0.9049,0.15,0.015,10,13,0,nan,0,0,0,nan,0,nan,nan,0,0,0,0,nan,died
37,0,2.779,0.7802,0.15,0.015,10,13,0,nan,0,0,0,nan,0,nan,nan,0,0,0,0,nan,died
38,0,2.8681,0.6442,0.15,0.015,10,13,0,nan,0,0,0,nan,0,nan,nan,0,0,0,0,nan,died
39,0,1.7156,0.7064,0.15,0.015,10,13,0,nan,0,0,0,nan,0,nan,nan,0,0,0,0,nan,died
40,0,2.1431,0.9091,0.15,0.015,10,13,0,nan,0,0,0,nan,0,nan,nan,0,0,0,0,nan,died
41,0,1.6437,0.8133,0.15,0.015,10,13,0,nan,0,0,0,nan,0,nan,nan,0,0,0,0,nan,died
42,0,2.1886,0.9795,0.15,0.015,10,13,0,nan,0,0,0,nan,0,nan,nan,0,0,0,0,nan,died
43,0,1.6758,0.6847,0.15,0.015,10,13,0,nan,0,0,0,nan,0,nan,nan,0,0,0,0,nan,died
44,0,1.7832,0.7763,0.15,0.015,10,13,0,nan,0,0,0,nan,0,nan,nan,0,0,0,0,nan,died
45,0,2.7805,0.797,0.15,0.015,10,13,0,nan,0,0,0,nan,0,nan,nan,0,0,0,0,nan,died
46,0,1.4543,0.9241,0.15,0.015,10,13,0,nan,0,0,0,nan,0,nan,nan,0,0,0,0,nan,died
47,0,2.2464,0.5727,0.15,0.015,10,13,0,nan,0,0,0,nan,0,nan,nan,0,0,0,0,nan,died
48,0,1.168,0.7033,0.15,0.015,10,13,0,nan,0,0,0,nan,0,nan,nan,0,0,0,0,nan,died
49,0,2.6653,0.955,0.15,0.015,10,13,0,nan,0,0,0,nan,0,nan,nan,0,0,0,0,nan,died
50,0,2.5742,0.5215,0.15,0.015,10,13,0,nan,0,0,0,nan,0,nan,nan,0,0,0,0,nan,died
51,0,1.4787,0.9114,0.15,0.015,10,13,0,nan,0,0,0,nan,0,nan,nan,0,0,0,0,nan,died
52,0,2.753,0.7077,0.15,0.015,10,13,0,nan,0,0,0,nan,0,nan,nan,0,0,0,0,nan,died
53,0,1.1171,0.9149,0.15,0.015,10,13,0,nan,0,0,0,nan,0,nan,nan,0,0,0,0,nan,died
54,0,1.6722,0.505,0.15,0.015,10,13,0,nan,0,0,0,nan,0,nan,nan,0,0,0,0,nan,died
55,0,1.3006,0.6825,0.15,0.015,10,13,0,nan,0,0,0,nan,0,nan,nan,0,0,0,0,nan,died
56,0,1.9007,0.5393,0.15,0.015,10,13,0,nan,0,0,0,nan,0,nan,nan,0,0,0,0,nan,died
57,0,2.5926,0.8263,0.15,0.015,10,13,0,nan,0,0,0,nan,0,nan,nan,0,0,0,0,nan,died
58,0,1.4613,0.6369,0.15,0.015,10,13,0,nan,0,0,0,nan,0,nan,nan,0,0,0,0,nan,died
59,0,1.104,0.8513,0.15,0.015,10,13,0,nan,0,0,0,nan,0,nan,nan,0,0,0,0,nan,died
60,0,1.8091,0.9719,0.15,0.015,10,13,0,nan,0,0,0,nan,0,nan,nan,0,0,0,0,nan,died
61,0,1.397,0.5634,0.15,0.015,10,13,0,nan,0,0,0,nan,0,nan,nan,0,0,0,0,nan,died
62,0,1.1815,0.9324,0.15,0.015,10,13,0,nan,0,0,0,nan,0,nan,nan,0,0,0,0,nan,died
63,0,2.1607,0.5297,0.15,0.015,10,13,0,nan,0,0,0,nan,0,nan,nan,0,0,0,0,nan,died
64,0,1.5974,0.6904,0.15,0.015,10,13,0,nan,0,0,0,nan,0,nan,nan,0,0,0,0,nan,died
65,0,2.344,0.7149,0.15,0.015,10,13,0,nan,0,0,0,nan,0,nan,nan,0,0,0,0,nan,died
66,0,1.399,0.7444,0.15,0.015,10,13,0,nan,0,0,0,nan,0,nan,nan,0,0,0,0,nan,died
67,0,2.8842,0.9882,0.15,0.015,10,13,0,nan,0,0,0,nan,0,nan,nan,0,0,0,0,nan,died
68,0,1.7302,0.8878,0.15,0.015,10,13,0,nan,0,0,0,nan,0,nan,nan,0,0,0,0,nan,died
69,0,1.211,0.6544,0.15,0.015,10,13,0,nan,0,0,0,nan,0,nan,nan,0,0,0,0,nan,died
70,0,2.2582,0.6349,0.15,0.015,10,13,0,nan,0,0,0,nan,0,nan,nan,0,0,0,0,nan,died
71,0,2.8543,0.9316,0.15,0.015,10,13,0,nan,0,0,0,nan,0,nan,nan,0,0,0,0,nan,died
72,0,1.8808,0.9407,0.15,0.015,10,13,0,nan,0,0,0,nan,0,nan,nan,0,0,0,0,nan,died
73,0,2.9092,0.7554,0.15,0.015,10,13,0,nan,0,0,0,nan,0,nan,nan,0,0,0,0,nan,died
74,0,1.9998,0.6721,0.15,0.015,10,13,0,nan,0,0,0,nan,0,nan,nan,0,0,0,0,nan,died
75,0,1.8505,0.9975,0.15,0.015,10,13,0,nan,0,0,0,nan,0,nan,nan,0,0,0,0,nan,died
76,0,2.2404,0.658,0.15,0.015,10,13,0,nan,0,0,0,nan,0,nan,nan,0,0,0,0,nan,died
77,0,2.9902,0.5914,0.15,0.015,10,13,0,nan,0,0,0,nan,0,nan,nan,0,0,0,0,nan,died
78,0,2.8979,0.94,0.15,0.015,10,13,0,nan,0,0,0,nan,0,nan,nan,0,0,0,0,nan,died
79,0,1.9201,0.9062,0.15,0.015,10,13,0,nan,0,0,0,nan,0,nan,nan,0,0,0,0,nan,died
80,0,2.5155,0.8339,0.15,0.015,10,13,0,nan,0,0,0,nan,0,nan,nan,0,0,0,0,nan,died
81,0,1.9948,0.9792,0.15,0.015,10,13,0,nan,0,0,0,nan,0,nan,nan,0,0,0,0,nan,died
82,0,2.0586,0.9629,0.15,0.015,10,13,0,nan,0,0,0,nan,0,nan,nan,0,0,0,0,nan,died
83,0,2.5716,0.8741,0.15,0.015,10,13,0,nan,0,0,0,nan,0,nan,nan,0,0,0,0,nan,died
84,0,1.8293,0.9304,0.15,0.015,10,13,0,nan,0,0,0,nan,0,nan,nan,0,0,0,0,nan,died
85,0,2.469,0.6236,0.15,0.015,10,13,0,nan,0,0,0,nan,0,nan,nan,0,0,0,0,nan,died
86,0,2.4223,0.5706,0.15,0.015,10,13,0,nan,0,0,0,nan,0,nan,nan,0,0,0,0,nan,died
87,0,2.8641,0.835,0.15,0.015,10,13,0,nan,0,0,0,nan,0,nan,nan,0,0,0,0,nan,died
88,0,1.2299,0.8573,0.15,0.015,10,13,0,nan,0,0,0,nan,0,nan,nan,0,0,0,0,nan,died
89,0,2.458,0.5835,0.15,0.015,10,13,0,nan,0,0,0,nan,0,nan,nan,0,0,0,0,nan,died
90,0,2.8548,0.6978,0.15,0.015,10,13,0,nan,0,0,0,nan,0,nan,nan,0,0,0,0,nan,died
91,0,2.9359,0.9551,0.15,0.015,10,13,0,nan,0,0,0,nan,0,nan,nan,0,0,0,0,nan,died
92,0,1.0294,0.7807,0.15,0.015,10,13,0,nan,0,0,0,nan,0,nan,nan,0,0,0,0,nan,died
93,0,2.7273,0.7892,0.15,0.015,10,13,0,nan,0,0,0,nan,0,nan,nan,0,0,0,0,nan,died
94,0,2.9624,0.5971,0.15,0.015,10,13,0,nan,0,0,0,nan,0,nan,nan,0,0,0,0,nan,died
95,0,2.9144,0.763,0.15,0.015,10,13,0,nan,0,0,0,nan,0,nan,nan,0,0,0,0,nan,died
