disturbance,s,phase,pair,partners_alone_split,partners_alone_full_pulse,mismatch,direction
I003,0.1,0,2,2,2,False,
I003,0.1,1,2,2,2,False,
I003,0.1,2,2,2,2,False,
I003,0.1,3,2,2,2,False,
I003,0.1,4,2,2,2,False,
I003,0.2,0,0,2,2,True,drag-down
I003,0.2,1,0,2,2,True,drag-down
I003,0.2,2,o,2,2,True,
I003,0.2,3,2,2,2,False,
I003,0.2,4,2,2,2,False,
I003,0.3,0,0,2,2,True,drag-down
I003,0.3,1,1,2,2,True,drag-down
I003,0.3,2,2,2,2,False,
I003,0.3,3,2,2,2,False,
I003,0.3,4,0,2,2,True,drag-down
I003,0.4,0,2,2,0,False,
I003,0.4,1,1,2,0,True,drag-down
I003,0.4,2,1,2,0,True,drag-down
I003,0.4,3,0,1,1,True,drag-down
I003,0.4,4,0,2,1,True,drag-down
I003,0.5,0,0,0,0,False,
I003,0.5,1,1,0,0,True,rescue
I003,0.5,2,0,0,0,False,
I003,0.5,3,1,0,0,True,rescue
I003,0.5,4,1,0,0,True,rescue
I003,0.6,0,0,0,0,False,
I003,0.6,1,1,0,0,True,rescue
I003,0.6,2,1,0,0,True,rescue
I003,0.6,3,0,0,0,False,
I003,0.6,4,0,0,0,False,
I003,0.7,0,o,0,0,True,
I003,0.7,1,1,0,0,True,rescue
I003,0.7,2,0,0,0,False,
I003,0.7,3,0,0,0,False,
I003,0.7,4,0,0,0,False,
I003,0.8,0,0,0,2,False,
I003,0.8,1,0,0,1,False,
I003,0.8,2,0,0,2,False,
I003,0.8,3,0,0,1,False,
I003,0.8,4,0,0,1,False,
I003,0.9,0,0,0,1,False,
I003,0.9,1,o,0,0,True,
I003,0.9,2,o,0,2,True,
I003,0.9,3,0,0,0,False,
I003,0.9,4,o,0,0,True,
I003,1.0,0,o,0,0,True,
I003,1.0,1,0,0,0,False,
I003,1.0,2,o,0,0,True,
I003,1.0,3,o,0,0,True,
I003,1.0,4,o,0,0,True,
I004,0.05,0,2,1,,True,rescue
I004,0.05,1,1,1,,False,
I004,0.05,2,2,1,,True,rescue
I004,0.05,3,1,1,,False,
I004,0.05,4,1,1,,False,
I004,0.1,0,1,1,,False,
I004,0.1,1,1,1,,False,
I004,0.1,2,1,1,,False,
I004,0.1,3,1,1,,False,
I004,0.1,4,1,1,,False,
I004,0.15,0,1,1,,False,
I004,0.15,1,1,1,,False,
I004,0.15,2,1,1,,False,
I004,0.15,3,1,1,,False,
I004,0.15,4,1,1,,False,
I004,0.2,0,1,1,,False,
I004,0.2,1,1,1,,False,
I004,0.2,2,1,1,,False,
I004,0.2,3,1,1,,False,
I004,0.2,4,1,1,,False,
I004,0.25,0,1,1,,False,
I004,0.25,1,1,1,,False,
I004,0.25,2,1,1,,False,
I004,0.25,3,1,1,,False,
I004,0.25,4,1,1,,False,
I004,0.3,0,1,1,,False,
I004,0.3,1,1,1,,False,
I004,0.3,2,1,1,,False,
I004,0.3,3,1,1,,False,
I004,0.3,4,1,1,,False,
I004,0.35,0,1,1,,False,
I004,0.35,1,1,1,,False,
I004,0.35,2,1,1,,False,
I004,0.35,3,1,1,,False,
I004,0.35,4,1,1,,False,
I004,0.4,0,1,1,,False,
I004,0.4,1,1,1,,False,
I004,0.4,2,1,1,,False,
I004,0.4,3,1,1,,False,
I004,0.4,4,1,1,,False,
I004,0.45,0,1,1,,False,
I004,0.45,1,1,1,,False,
I004,0.45,2,1,1,,False,
I004,0.45,3,1,1,,False,
I004,0.45,4,1,1,,False,
I004,0.5,0,1,1,,False,
I004,0.5,1,1,1,,False,
I004,0.5,2,1,1,,False,
I004,0.5,3,1,1,,False,
I004,0.5,4,1,1,,False,
I004,0.55,0,0,0,,False,
I004,0.55,1,0,0,,False,
I004,0.55,2,0,0,,False,
I004,0.55,3,1,1,,False,
I004,0.55,4,0,0,,False,
I004,0.6,0,0,0,,False,
I004,0.6,1,0,0,,False,
I004,0.6,2,0,0,,False,
I004,0.6,3,0,0,,False,
I004,0.6,4,0,0,,False,
