source,perturbation,time_tu,died
seed,none,3979.9,True
L6,ε 0.01,933.7,True
L6,ε 0.01,5000.0,False
L6,ε 0.01,5000.0,False
L6,ε 0.01,977.6,True
L6,ε 0.01,5000.0,False
L6,ε 0.01,5000.0,False
L6,ε 0.03,5000.0,False
L6,ε 0.03,1291.0,True
L6,ε 0.03,5000.0,False
L6,ε 0.03,5000.0,False
L6,ε 0.03,5000.0,False
L6,ε 0.03,988.8,True
HR009,δ 1e−14,858.0,True
HR009,δ 1e−14,5000.0,False
HR009,δ 1e−12,3556.0,True
HR009,δ 1e−12,2927.0,True
HR009,δ 1e−10,989.0,True
HR009,δ 1e−10,626.0,True
HR009,δ 1e−14,1744.0,True
HR009,δ 1e−14,1392.0,True
HR009,δ 1e−12,5000.0,False
HR009,δ 1e−12,5000.0,False
HR009,δ 1e−10,1749.0,True
HR009,δ 1e−10,5000.0,False
HR009,δ 1e−14,802.0,True
HR009,δ 1e−14,2193.0,True
HR009,δ 1e−12,5000.0,False
HR009,δ 1e−12,292.0,True
HR009,δ 1e−10,5000.0,False
HR009,δ 1e−10,5000.0,False
HR009,δ 1e−14,3101.0,True
HR009,δ 1e−14,990.0,True
HR009,δ 1e−12,383.0,True
HR009,δ 1e−12,3333.0,True
HR009,δ 1e−10,5000.0,False
HR009,δ 1e−10,5000.0,False

km_time_tu,km_survival,ci95_lo,ci95_hi
0,1,1,1
292,0.972973,0.823225,0.996148
383,0.945946,0.800725,0.986201
626,0.918919,0.769303,0.973106
802,0.891892,0.73712,0.957991
858,0.864865,0.705338,0.941406
933.7,0.837838,0.67419,0.923667
977.6,0.810811,0.643705,0.904979
988.8,0.783784,0.613858,0.885481
989,0.756757,0.584613,0.865273
990,0.72973,0.555935,0.844429
1291,0.702703,0.52779,0.823006
1392,0.675676,0.500152,0.801047
1744,0.648649,0.473,0.778586
1749,0.621622,0.446316,0.755649
2193,0.594595,0.420087,0.732256
2927,0.567568,0.394303,0.708423
3101,0.540541,0.368957,0.68416
3333,0.513514,0.344048,0.659475
3556,0.486486,0.319574,0.634371
3979.9,0.459459,0.29554,0.608849
