run_id,intervention,strength,t0,size,engine,horizon,code_rev,mass_before,mass_after_edit,achieved_dmass_frac,final_mass,win_mass_min,win_mass_max,win_gyr_min,win_gyr_max,win_mass_mean,win_gyr_mean,win_speed,cond,R,T,recovery_time,template_corr,class,class_band10,class_band30
L4-001-I001-s0.1000-t1000-N128-ref,I001,0.1,1000,128,ref,2000,0e2cbe2,0.43695,0.393255,-0.1,0.435381,0.433565,0.437868,0.435007,0.439454,0.435769,0.437554,0.479426,base,13,10,1,,RECOVERED,RECOVERED,RECOVERED
L4-001-I001-s0.1000-t1000-N128-ref,I001,0.1,1000,128,ref,2000,0e2cbe2,0.43695,0.393255,-0.1,0.435381,0.433565,0.437868,0.435007,0.439454,0.435769,0.437554,0.479426,base,13,10,1,,RECOVERED,RECOVERED,RECOVERED
L4-001-I001-s0.1031-t1000-N128-ref,I001,0.103125,1000,128,ref,2000,0e2cbe2,0.43695,0.391889,-0.103125,0,0,0,0,0,0,0,0,base,13,10,nan,,DIED,DIED,DIED
L4-001-I001-s0.1500-t1000-N128-ref,I001,0.15,1000,128,ref,2000,0e2cbe2,0.43695,0.371407,-0.15,0,0,0,0,0,0,0,0,base,13,10,nan,,DIED,DIED,DIED
L4-001-I002-s0.0500-t1000-N128-ref,I002,0.05,1000,128,ref,2000,0e2cbe2,0.43695,0.431033,-0.013542,0.436935,0.433445,0.43794,0.434893,0.439837,0.435748,0.437547,0.479467,base,13,10,1,,RECOVERED,RECOVERED,RECOVERED
L4-001-I002-s0.0594-t1000-N128-ref,I002,0.059375,1000,128,ref,2000,0e2cbe2,0.43695,0.4196,-0.0397078,0.436308,0.43351,0.437754,0.435289,0.439789,0.435895,0.437728,0.479367,base,13,10,1,,RECOVERED,RECOVERED,RECOVERED
L4-001-I002-s0.0625-t1000-N128-ref,I002,0.0625,1000,128,ref,2000,0e2cbe2,0.43695,0.413682,-0.0532497,0,0,0,0,0,0,0,0,base,13,10,nan,,DIED,DIED,DIED
L4-001-I002-s0.1000-t1000-N128-ref,I002,0.1,1000,128,ref,2000,0e2cbe2,0.43695,0.413682,-0.0532497,0,0,0,0,0,0,0,0,base,13,10,nan,,DIED,DIED,DIED
L4-001-I003-s0.3000-t1000-N128-ref,I003,0.3,1000,128,ref,2000,0e2cbe2,0.43695,0.55475,0.269596,0.436159,0.432816,0.437836,0.434806,0.440063,0.43584,0.43766,0.479403,base,13,10,1,,RECOVERED,RECOVERED,RECOVERED
L4-001-I003-s0.3063-t1000-N128-ref,I003,0.30625,1000,128,ref,2000,0e2cbe2,0.43695,0.557204,0.275212,0.43472,0.433775,0.437806,0.435471,0.439714,0.435807,0.437691,0.479417,base,13,10,1,,RECOVERED,RECOVERED,RECOVERED
L4-001-I003-s0.3094-t1000-N128-ref,I003,0.309375,1000,128,ref,2000,0e2cbe2,0.43695,0.558431,0.278021,0,0,0,0,0,0,0,0,base,13,10,nan,,DIED,DIED,DIED
L4-001-I003-s0.3500-t1000-N128-ref,I003,0.35,1000,128,ref,2000,0e2cbe2,0.43695,0.574383,0.314529,0,0,0,0,0,0,0,0,base,13,10,nan,,DIED,DIED,DIED
L4-001-I004-s0.0500-t1000-N128-ref,I004,0.05,1000,128,ref,2000,0e2cbe2,0.43695,0.41293,-0.0549718,0.4351,0.433907,0.437619,0.435106,0.439928,0.43595,0.437603,0.479375,base,13,10,1,,RECOVERED,RECOVERED,RECOVERED
L4-001-I004-s0.0813-t1000-N128-ref,I004,0.08125,1000,128,ref,2000,0e2cbe2,0.43695,0.401294,-0.081602,0.43489,0.433935,0.437973,0.43636,0.440296,0.436143,0.438126,0.477856,base,13,10,1,,RECOVERED,RECOVERED,RECOVERED
L4-001-I004-s0.0844-t1000-N128-ref,I004,0.084375,1000,128,ref,2000,0e2cbe2,0.43695,0.399437,-0.0858505,0,0,0,0,0,0,0,0,base,13,10,nan,,DIED,DIED,DIED
L4-001-I004-s0.1000-t1000-N128-ref,I004,0.1,1000,128,ref,2000,0e2cbe2,0.43695,0.392238,-0.102327,0,0,0,0,0,0,0,0,base,13,10,nan,,DIED,DIED,DIED
