step_after_t0,mass,gyradius,cum_dx,cum_dy
10,0.437527,0.454963,2.435,5.919
20,0.437691,0.453042,3.906,9.407
30,0.442799,0.457860,5.709,14.515
40,0.182603,0.344956,6.370,17.254
50,0.000000,0.000000,-40.429,-3.520
60,0.000000,0.000000,-40.429,-3.520
70,0.000000,0.000000,-40.429,-3.520
80,0.000000,0.000000,-40.429,-3.520
90,0.000000,0.000000,-40.429,-3.520
100,0.000000,0.000000,-40.429,-3.520
110,0.000000,0.000000,-40.429,-3.520
120,0.000000,0.000000,-40.429,-3.520
130,0.000000,0.000000,-40.429,-3.520
140,0.000000,0.000000,-40.429,-3.520
150,0.000000,0.000000,-40.429,-3.520
160,0.000000,0.000000,-40.429,-3.520
170,0.000000,0.000000,-40.429,-3.520
180,0.000000,0.000000,-40.429,-3.520
190,0.000000,0.000000,-40.429,-3.520
200,0.000000,0.000000,-40.429,-3.520
210,0.000000,0.000000,-40.429,-3.520
220,0.000000,0.000000,-40.429,-3.520
230,0.000000,0.000000,-40.429,-3.520
240,0.000000,0.000000,-40.429,-3.520
250,0.000000,0.000000,-40.429,-3.520
260,0.000000,0.000000,-40.429,-3.520
270,0.000000,0.000000,-40.429,-3.520
280,0.000000,0.000000,-40.429,-3.520
290,0.000000,0.000000,-40.429,-3.520
300,0.000000,0.000000,-40.429,-3.520
310,0.000000,0.000000,-40.429,-3.520
320,0.000000,0.000000,-40.429,-3.520
330,0.000000,0.000000,-40.429,-3.520
340,0.000000,0.000000,-40.429,-3.520
350,0.000000,0.000000,-40.429,-3.520
360,0.000000,0.000000,-40.429,-3.520
370,0.000000,0.000000,-40.429,-3.520
380,0.000000,0.000000,-40.429,-3.520
390,0.000000,0.000000,-40.429,-3.520
400,0.000000,0.000000,-40.429,-3.520
410,0.000000,0.000000,-40.429,-3.520
420,0.000000,0.000000,-40.429,-3.520
430,0.000000,0.000000,-40.429,-3.520
440,0.000000,0.000000,-40.429,-3.520
450,0.000000,0.000000,-40.429,-3.520
460,0.000000,0.000000,-40.429,-3.520
470,0.000000,0.000000,-40.429,-3.520
480,0.000000,0.000000,-40.429,-3.520
490,0.000000,0.000000,-40.429,-3.520
500,0.000000,0.000000,-40.429,-3.520
510,0.000000,0.000000,-40.429,-3.520
520,0.000000,0.000000,-40.429,-3.520
530,0.000000,0.000000,-40.429,-3.520
540,0.000000,0.000000,-40.429,-3.520
550,0.000000,0.000000,-40.429,-3.520
560,0.000000,0.000000,-40.429,-3.520
570,0.000000,0.000000,-40.429,-3.520
580,0.000000,0.000000,-40.429,-3.520
590,0.000000,0.000000,-40.429,-3.520
600,0.000000,0.000000,-40.429,-3.520
610,0.000000,0.000000,-40.429,-3.520
620,0.000000,0.000000,-40.429,-3.520
630,0.000000,0.000000,-40.429,-3.520
640,0.000000,0.000000,-40.429,-3.520
650,0.000000,0.000000,-40.429,-3.520
660,0.000000,0.000000,-40.429,-3.520
670,0.000000,0.000000,-40.429,-3.520
680,0.000000,0.000000,-40.429,-3.520
690,0.000000,0.000000,-40.429,-3.520
700,0.000000,0.000000,-40.429,-3.520
710,0.000000,0.000000,-40.429,-3.520
720,0.000000,0.000000,-40.429,-3.520
730,0.000000,0.000000,-40.429,-3.520
740,0.000000,0.000000,-40.429,-3.520
750,0.000000,0.000000,-40.429,-3.520
760,0.000000,0.000000,-40.429,-3.520
770,0.000000,0.000000,-40.429,-3.520
780,0.000000,0.000000,-40.429,-3.520
790,0.000000,0.000000,-40.429,-3.520
800,0.000000,0.000000,-40.429,-3.520
810,0.000000,0.000000,-40.429,-3.520
820,0.000000,0.000000,-40.429,-3.520
830,0.000000,0.000000,-40.429,-3.520
840,0.000000,0.000000,-40.429,-3.520
850,0.000000,0.000000,-40.429,-3.520
860,0.000000,0.000000,-40.429,-3.520
870,0.000000,0.000000,-40.429,-3.520
880,0.000000,0.000000,-40.429,-3.520
890,0.000000,0.000000,-40.429,-3.520
900,0.000000,0.000000,-40.429,-3.520
910,0.000000,0.000000,-40.429,-3.520
920,0.000000,0.000000,-40.429,-3.520
930,0.000000,0.000000,-40.429,-3.520
940,0.000000,0.000000,-40.429,-3.520
950,0.000000,0.000000,-40.429,-3.520
960,0.000000,0.000000,-40.429,-3.520
970,0.000000,0.000000,-40.429,-3.520
980,0.000000,0.000000,-40.429,-3.520
990,0.000000,0.000000,-40.429,-3.520
1000,0.000000,0.000000,-40.429,-3.520
1010,0.000000,0.000000,-40.429,-3.520
1020,0.000000,0.000000,-40.429,-3.520
1030,0.000000,0.000000,-40.429,-3.520
1040,0.000000,0.000000,-40.429,-3.520
1050,0.000000,0.000000,-40.429,-3.520
1060,0.000000,0.000000,-40.429,-3.520
1070,0.000000,0.000000,-40.429,-3.520
1080,0.000000,0.000000,-40.429,-3.520
1090,0.000000,0.000000,-40.429,-3.520
1100,0.000000,0.000000,-40.429,-3.520
1110,0.000000,0.000000,-40.429,-3.520
1120,0.000000,0.000000,-40.429,-3.520
1130,0.000000,0.000000,-40.429,-3.520
1140,0.000000,0.000000,-40.429,-3.520
1150,0.000000,0.000000,-40.429,-3.520
1160,0.000000,0.000000,-40.429,-3.520
1170,0.000000,0.000000,-40.429,-3.520
1180,0.000000,0.000000,-40.429,-3.520
1190,0.000000,0.000000,-40.429,-3.520
1200,0.000000,0.000000,-40.429,-3.520
1210,0.000000,0.000000,-40.429,-3.520
1220,0.000000,0.000000,-40.429,-3.520
1230,0.000000,0.000000,-40.429,-3.520
1240,0.000000,0.000000,-40.429,-3.520
1250,0.000000,0.000000,-40.429,-3.520
1260,0.000000,0.000000,-40.429,-3.520
1270,0.000000,0.000000,-40.429,-3.520
1280,0.000000,0.000000,-40.429,-3.520
1290,0.000000,0.000000,-40.429,-3.520
1300,0.000000,0.000000,-40.429,-3.520
1310,0.000000,0.000000,-40.429,-3.520
1320,0.000000,0.000000,-40.429,-3.520
1330,0.000000,0.000000,-40.429,-3.520
1340,0.000000,0.000000,-40.429,-3.520
1350,0.000000,0.000000,-40.429,-3.520
1360,0.000000,0.000000,-40.429,-3.520
1370,0.000000,0.000000,-40.429,-3.520
1380,0.000000,0.000000,-40.429,-3.520
1390,0.000000,0.000000,-40.429,-3.520
1400,0.000000,0.000000,-40.429,-3.520
1410,0.000000,0.000000,-40.429,-3.520
1420,0.000000,0.000000,-40.429,-3.520
1430,0.000000,0.000000,-40.429,-3.520
1440,0.000000,0.000000,-40.429,-3.520
1450,0.000000,0.000000,-40.429,-3.520
1460,0.000000,0.000000,-40.429,-3.520
1470,0.000000,0.000000,-40.429,-3.520
1480,0.000000,0.000000,-40.429,-3.520
1490,0.000000,0.000000,-40.429,-3.520
1500,0.000000,0.000000,-40.429,-3.520
1510,0.000000,0.000000,-40.429,-3.520
1520,0.000000,0.000000,-40.429,-3.520
1530,0.000000,0.000000,-40.429,-3.520
1540,0.000000,0.000000,-40.429,-3.520
1550,0.000000,0.000000,-40.429,-3.520
1560,0.000000,0.000000,-40.429,-3.520
1570,0.000000,0.000000,-40.429,-3.520
1580,0.000000,0.000000,-40.429,-3.520
1590,0.000000,0.000000,-40.429,-3.520
1600,0.000000,0.000000,-40.429,-3.520
1610,0.000000,0.000000,-40.429,-3.520
1620,0.000000,0.000000,-40.429,-3.520
1630,0.000000,0.000000,-40.429,-3.520
1640,0.000000,0.000000,-40.429,-3.520
1650,0.000000,0.000000,-40.429,-3.520
1660,0.000000,0.000000,-40.429,-3.520
1670,0.000000,0.000000,-40.429,-3.520
1680,0.000000,0.000000,-40.429,-3.520
1690,0.000000,0.000000,-40.429,-3.520
1700,0.000000,0.000000,-40.429,-3.520
1710,0.000000,0.000000,-40.429,-3.520
1720,0.000000,0.000000,-40.429,-3.520
1730,0.000000,0.000000,-40.429,-3.520
1740,0.000000,0.000000,-40.429,-3.520
1750,0.000000,0.000000,-40.429,-3.520
1760,0.000000,0.000000,-40.429,-3.520
1770,0.000000,0.000000,-40.429,-3.520
1780,0.000000,0.000000,-40.429,-3.520
1790,0.000000,0.000000,-40.429,-3.520
1800,0.000000,0.000000,-40.429,-3.520
1810,0.000000,0.000000,-40.429,-3.520
1820,0.000000,0.000000,-40.429,-3.520
1830,0.000000,0.000000,-40.429,-3.520
1840,0.000000,0.000000,-40.429,-3.520
1850,0.000000,0.000000,-40.429,-3.520
1860,0.000000,0.000000,-40.429,-3.520
1870,0.000000,0.000000,-40.429,-3.520
1880,0.000000,0.000000,-40.429,-3.520
1890,0.000000,0.000000,-40.429,-3.520
1900,0.000000,0.000000,-40.429,-3.520
1910,0.000000,0.000000,-40.429,-3.520
1920,0.000000,0.000000,-40.429,-3.520
1930,0.000000,0.000000,-40.429,-3.520
1940,0.000000,0.000000,-40.429,-3.520
1950,0.000000,0.000000,-40.429,-3.520
1960,0.000000,0.000000,-40.429,-3.520
1970,0.000000,0.000000,-40.429,-3.520
1980,0.000000,0.000000,-40.429,-3.520
1990,0.000000,0.000000,-40.429,-3.520
2000,0.000000,0.000000,-40.429,-3.520
