panel,source,seed,mu,sigma,condition,phenotype,mass_mean,speed,path_speed
c,L6-006 persist-T10-R13.csv,orbium,0.155,0.02,T10 R13,GLIDER,0.487285,0.548411,0.548433
c,L6-006 persist-T10-R13.csv,gyrator,0.155,0.02,T10 R13,CIRCLER,0.522779,0.00497166,0.498855
c,L6-006 persist-T10-R13.csv,static,0.155,0.02,T10 R13,STATIC,0.378698,0,0
c,L6-006 persist-T40-R13.csv,orbium,0.155,0.02,T40 R13,STATIC,0.387349,1.69627e-06,0.000157312
c,L6-006 persist-T40-R13.csv,gyrator,0.155,0.02,T40 R13,CIRCLER,0.497381,0.00511598,0.565012
c,L6-006 persist-T40-R13.csv,static,0.155,0.02,T40 R13,STATIC,0.378698,0,0
c,L6-006 persist-T10-R26.csv,orbium,0.155,0.02,T10 R26,GLIDER,0.487312,0.548517,0.54852
c,L6-006 persist-T10-R26.csv,gyrator,0.155,0.02,T10 R26,died,0,0,0
c,L6-006 persist-T10-R26.csv,static,0.155,0.02,T10 R26,STATIC,0.378748,9.54127e-09,1.32074e-08
c,L6-005 switch-T10-R13.csv,orbium,0.155,0.02,I001 s=0.05 t0=3000,GLIDER,0.487287,0.548413,0.548435
c,L6-005 switch-T10-R13.csv,orbium,0.155,0.02,I001 s=0.05 t0=3002,GLIDER,0.487282,0.548423,0.548446
c,L6-005 switch-T10-R13.csv,orbium,0.155,0.02,I001 s=0.1 t0=3000,GLIDER,0.487259,0.548403,0.548427
c,L6-005 switch-T10-R13.csv,orbium,0.155,0.02,I001 s=0.1 t0=3002,GLIDER,0.487282,0.548399,0.548421
c,L6-005 switch-T10-R13.csv,orbium,0.155,0.02,I001 s=0.15 t0=3000,died,0,0,0
c,L6-005 switch-T10-R13.csv,orbium,0.155,0.02,I001 s=0.15 t0=3002,died,0,0,0
c,L6-005 switch-T10-R13.csv,gyrator,0.155,0.02,I001 s=0.05 t0=3000,CIRCLER,0.522353,0.00543341,0.498139
c,L6-005 switch-T10-R13.csv,gyrator,0.155,0.02,I001 s=0.05 t0=3002,died,0,0,0
a,L6-001 musigma-T10.csv,orbium,0.1,0.008,T10 R13,died,0,0,0
a,L6-001 musigma-T10.csv,orbium,0.1,0.009,T10 R13,died,0,0,0
a,L6-001 musigma-T10.csv,orbium,0.1,0.01,T10 R13,died,0,0,0
a,L6-001 musigma-T10.csv,orbium,0.1,0.011,T10 R13,died,0,0,0
a,L6-001 musigma-T10.csv,orbium,0.1,0.012,T10 R13,filled,13.4776,0.0028331,0.272733
a,L6-001 musigma-T10.csv,orbium,0.1,0.013,T10 R13,filled,13.5574,0.0172338,0.547105
a,L6-001 musigma-T10.csv,orbium,0.1,0.014,T10 R13,filled,13.5438,0.0311075,0.880273
a,L6-001 musigma-T10.csv,orbium,0.1,0.015,T10 R13,filled,13.9684,0.00787081,0.369422
a,L6-001 musigma-T10.csv,orbium,0.1,0.016,T10 R13,filled,14.2038,0.0631309,0.990242
a,L6-001 musigma-T10.csv,orbium,0.1,0.017,T10 R13,filled,14.3219,0.0080031,0.206942
a,L6-001 musigma-T10.csv,orbium,0.1,0.018,T10 R13,filled,14.6442,0.108843,0.679927
a,L6-001 musigma-T10.csv,orbium,0.1,0.019,T10 R13,filled,14.8744,0.016731,0.29952
a,L6-001 musigma-T10.csv,orbium,0.1,0.02,T10 R13,filled,15.1949,0.00394222,0.0991634
a,L6-001 musigma-T10.csv,orbium,0.1,0.021,T10 R13,filled,15.4599,0.00950861,0.131048
a,L6-001 musigma-T10.csv,orbium,0.1,0.022,T10 R13,filled,15.631,0.00748312,0.161801
a,L6-001 musigma-T10.csv,orbium,0.1,0.023,T10 R13,filled,15.8642,0.00156645,0.0415747
a,L6-001 musigma-T10.csv,orbium,0.1,0.024,T10 R13,filled,16.2126,0.0153174,0.106274
a,L6-001 musigma-T10.csv,orbium,0.1,0.025,T10 R13,filled,16.4866,0.00255491,0.126376
a,L6-001 musigma-T10.csv,orbium,0.1,0.026,T10 R13,filled,16.7287,0.0158842,0.215656
a,L6-001 musigma-T10.csv,orbium,0.1,0.027,T10 R13,filled,16.9569,0.00128393,0.0320664
a,L6-001 musigma-T10.csv,orbium,0.1,0.028,T10 R13,filled,17.2717,0.0029913,0.0454111
a,L6-001 musigma-T10.csv,orbium,0.105,0.008,T10 R13,died,0,0,0
a,L6-001 musigma-T10.csv,orbium,0.105,0.009,T10 R13,GLIDER,0.322057,0.471956,0.472466
a,L6-001 musigma-T10.csv,orbium,0.105,0.01,T10 R13,died,0,0,0
a,L6-001 musigma-T10.csv,orbium,0.105,0.011,T10 R13,died,0,0,0
a,L6-001 musigma-T10.csv,orbium,0.105,0.012,T10 R13,died,0,0,0
a,L6-001 musigma-T10.csv,orbium,0.105,0.013,T10 R13,filled,13.8545,0.0092519,0.226098
a,L6-001 musigma-T10.csv,orbium,0.105,0.014,T10 R13,filled,14.1744,0.0168787,0.762373
a,L6-001 musigma-T10.csv,orbium,0.105,0.015,T10 R13,filled,14.359,0.0237519,0.385383
a,L6-001 musigma-T10.csv,orbium,0.105,0.016,T10 R13,filled,14.5092,0.0056929,0.445976
a,L6-001 musigma-T10.csv,orbium,0.105,0.017,T10 R13,filled,14.697,0.00167221,0.101053
a,L6-001 musigma-T10.csv,orbium,0.105,0.018,T10 R13,filled,14.9709,0.0526265,0.690543
a,L6-001 musigma-T10.csv,orbium,0.105,0.019,T10 R13,filled,15.2457,0.00747842,0.169482
a,L6-001 musigma-T10.csv,orbium,0.105,0.02,T10 R13,filled,15.457,0.0200332,0.222958
a,L6-001 musigma-T10.csv,orbium,0.105,0.021,T10 R13,filled,15.7273,0.00534516,0.244714
a,L6-001 musigma-T10.csv,orbium,0.105,0.022,T10 R13,filled,15.9309,0.000700508,0.0656526
a,L6-001 musigma-T10.csv,orbium,0.105,0.023,T10 R13,filled,16.1601,0.00454419,0.0834129
a,L6-001 musigma-T10.csv,orbium,0.105,0.024,T10 R13,filled,16.4445,0.00710186,0.190554
a,L6-001 musigma-T10.csv,orbium,0.105,0.025,T10 R13,filled,16.7264,0.00106183,0.0837417
a,L6-001 musigma-T10.csv,orbium,0.105,0.026,T10 R13,filled,16.9603,0.000333954,0.0509261
a,L6-001 musigma-T10.csv,orbium,0.105,0.027,T10 R13,filled,17.2027,0.0209562,0.359702
a,L6-001 musigma-T10.csv,orbium,0.105,0.028,T10 R13,filled,17.4093,0.00250392,0.0295867
a,L6-001 musigma-T10.csv,orbium,0.11,0.008,T10 R13,died,0,0,0
a,L6-001 musigma-T10.csv,orbium,0.11,0.009,T10 R13,died,0,0,0
a,L6-001 musigma-T10.csv,orbium,0.11,0.01,T10 R13,GLIDER,0.339628,0.484106,0.484704
a,L6-001 musigma-T10.csv,orbium,0.11,0.011,T10 R13,died,0,0,0
a,L6-001 musigma-T10.csv,orbium,0.11,0.012,T10 R13,died,0,0,0
a,L6-001 musigma-T10.csv,orbium,0.11,0.013,T10 R13,died,0,0,0
a,L6-001 musigma-T10.csv,orbium,0.11,0.014,T10 R13,filled,14.6217,0.000493066,0.118647
a,L6-001 musigma-T10.csv,orbium,0.11,0.015,T10 R13,filled,14.528,0.175155,0.823361
a,L6-001 musigma-T10.csv,orbium,0.11,0.016,T10 R13,filled,14.8062,0.00674574,0.169295
a,L6-001 musigma-T10.csv,orbium,0.11,0.017,T10 R13,filled,15.067,0.00389124,0.137492
a,L6-001 musigma-T10.csv,orbium,0.11,0.018,T10 R13,filled,15.365,0.0137407,0.330164
a,L6-001 musigma-T10.csv,orbium,0.11,0.019,T10 R13,filled,15.5192,0.0869149,0.468963
a,L6-001 musigma-T10.csv,orbium,0.11,0.02,T10 R13,filled,15.8085,0.002957,0.108978
a,L6-001 musigma-T10.csv,orbium,0.11,0.021,T10 R13,filled,15.8334,0.143629,0.278455
a,L6-001 musigma-T10.csv,orbium,0.11,0.022,T10 R13,filled,16.2149,0.00337708,0.11704
a,L6-001 musigma-T10.csv,orbium,0.11,0.023,T10 R13,filled,16.4224,0.0130521,0.114702
a,L6-001 musigma-T10.csv,orbium,0.11,0.024,T10 R13,filled,16.8399,0.0124933,0.102511
a,L6-001 musigma-T10.csv,orbium,0.11,0.025,T10 R13,filled,16.9944,0.0129212,0.0940922
a,L6-001 musigma-T10.csv,orbium,0.11,0.026,T10 R13,filled,17.2681,0.00836682,0.0941035
a,L6-001 musigma-T10.csv,orbium,0.11,0.027,T10 R13,filled,17.5054,0.00219623,0.0665453
a,L6-001 musigma-T10.csv,orbium,0.11,0.028,T10 R13,filled,17.6124,0.0066742,0.167931
a,L6-001 musigma-T10.csv,orbium,0.115,0.008,T10 R13,died,0,0,0
a,L6-001 musigma-T10.csv,orbium,0.115,0.009,T10 R13,died,0,0,0
a,L6-001 musigma-T10.csv,orbium,0.115,0.01,T10 R13,GLIDER,0.333471,0.492452,0.492634
a,L6-001 musigma-T10.csv,orbium,0.115,0.011,T10 R13,GLIDER,0.35587,0.4955,0.495616
a,L6-001 musigma-T10.csv,orbium,0.115,0.012,T10 R13,GLIDER,0.365544,0.526627,0.526804
a,L6-001 musigma-T10.csv,orbium,0.115,0.013,T10 R13,died,0,0,0
a,L6-001 musigma-T10.csv,orbium,0.115,0.014,T10 R13,filled,14.9057,0.00130266,0.123708
a,L6-001 musigma-T10.csv,orbium,0.115,0.015,T10 R13,filled,15.0491,0.00393202,0.138297
a,L6-001 musigma-T10.csv,orbium,0.115,0.016,T10 R13,filled,15.3964,0.00633909,0.351739
a,L6-001 musigma-T10.csv,orbium,0.115,0.017,T10 R13,filled,15.5745,0.00557543,0.191837
a,L6-001 musigma-T10.csv,orbium,0.115,0.018,T10 R13,filled,15.6733,0.00967811,0.135749
a,L6-001 musigma-T10.csv,orbium,0.115,0.019,T10 R13,filled,15.8238,0.00437331,0.317406
a,L6-001 musigma-T10.csv,orbium,0.115,0.02,T10 R13,filled,16.035,0.00860052,0.149933
a,L6-001 musigma-T10.csv,orbium,0.115,0.021,T10 R13,filled,16.2986,0.00341112,0.121091
a,L6-001 musigma-T10.csv,orbium,0.115,0.022,T10 R13,filled,16.4009,0.00395204,0.159668
a,L6-001 musigma-T10.csv,orbium,0.115,0.023,T10 R13,filled,16.7042,0.00385569,0.15394
a,L6-001 musigma-T10.csv,orbium,0.115,0.024,T10 R13,filled,16.9381,0.00707041,0.163635
a,L6-001 musigma-T10.csv,orbium,0.115,0.025,T10 R13,filled,17.1683,0.00420593,0.101091
a,L6-001 musigma-T10.csv,orbium,0.115,0.026,T10 R13,filled,17.4207,0.00888013,0.0985659
a,L6-001 musigma-T10.csv,orbium,0.115,0.027,T10 R13,filled,17.7247,0.122433,0.272255
a,L6-001 musigma-T10.csv,orbium,0.115,0.028,T10 R13,filled,17.8652,0.0203131,0.175238
a,L6-001 musigma-T10.csv,orbium,0.12,0.008,T10 R13,died,0,0,0
a,L6-001 musigma-T10.csv,orbium,0.12,0.009,T10 R13,died,0,0,0
a,L6-001 musigma-T10.csv,orbium,0.12,0.01,T10 R13,died,0,0,0
a,L6-001 musigma-T10.csv,orbium,0.12,0.011,T10 R13,GLIDER,0.358218,0.484886,0.485225
a,L6-001 musigma-T10.csv,orbium,0.12,0.012,T10 R13,GLIDER,0.371917,0.506997,0.507068
a,L6-001 musigma-T10.csv,orbium,0.12,0.013,T10 R13,died,0,0,0
a,L6-001 musigma-T10.csv,orbium,0.12,0.014,T10 R13,died,0,0,0
a,L6-001 musigma-T10.csv,orbium,0.12,0.015,T10 R13,filled,15.7372,0.010181,0.251085
a,L6-001 musigma-T10.csv,orbium,0.12,0.016,T10 R13,filled,15.7774,0.00516478,0.159765
a,L6-001 musigma-T10.csv,orbium,0.12,0.017,T10 R13,filled,15.9086,0.00275187,0.135558
a,L6-001 musigma-T10.csv,orbium,0.12,0.018,T10 R13,filled,16.1607,0.00378676,0.109981
a,L6-001 musigma-T10.csv,orbium,0.12,0.019,T10 R13,filled,16.1377,0.0142071,0.174309
a,L6-001 musigma-T10.csv,orbium,0.12,0.02,T10 R13,filled,16.4959,0.0147418,0.161587
a,L6-001 musigma-T10.csv,orbium,0.12,0.021,T10 R13,filled,16.5798,0.0094003,0.196266
a,L6-001 musigma-T10.csv,orbium,0.12,0.022,T10 R13,filled,16.8332,0.023591,0.398353
a,L6-001 musigma-T10.csv,orbium,0.12,0.023,T10 R13,filled,17.0798,0.0454355,0.259444
a,L6-001 musigma-T10.csv,orbium,0.12,0.024,T10 R13,filled,17.2888,0.0688912,0.321726
a,L6-001 musigma-T10.csv,orbium,0.12,0.025,T10 R13,filled,17.5101,0.0778324,0.348043
a,L6-001 musigma-T10.csv,orbium,0.12,0.026,T10 R13,filled,17.7134,0.000491948,0.0529838
a,L6-001 musigma-T10.csv,orbium,0.12,0.027,T10 R13,filled,17.8775,0.00410621,0.0702102
a,L6-001 musigma-T10.csv,orbium,0.12,0.028,T10 R13,filled,18.1902,0.010076,0.0527449
a,L6-001 musigma-T10.csv,orbium,0.125,0.008,T10 R13,died,0,0,0
a,L6-001 musigma-T10.csv,orbium,0.125,0.009,T10 R13,died,0,0,0
a,L6-001 musigma-T10.csv,orbium,0.125,0.01,T10 R13,died,0,0,0
a,L6-001 musigma-T10.csv,orbium,0.125,0.011,T10 R13,GLIDER,0.356149,0.488938,0.489131
a,L6-001 musigma-T10.csv,orbium,0.125,0.012,T10 R13,GLIDER,0.377189,0.488845,0.489082
a,L6-001 musigma-T10.csv,orbium,0.125,0.013,T10 R13,GLIDER,0.387742,0.516674,0.516738
a,L6-001 musigma-T10.csv,orbium,0.125,0.014,T10 R13,GLIDER,0.397476,0.545617,0.545673
a,L6-001 musigma-T10.csv,orbium,0.125,0.015,T10 R13,died,0,0,0
a,L6-001 musigma-T10.csv,orbium,0.125,0.016,T10 R13,filled,16.1611,0.0036632,0.172838
a,L6-001 musigma-T10.csv,orbium,0.125,0.017,T10 R13,filled,16.3246,0.0175624,0.543745
a,L6-001 musigma-T10.csv,orbium,0.125,0.018,T10 R13,filled,16.2385,0.00779707,0.203738
a,L6-001 musigma-T10.csv,orbium,0.125,0.019,T10 R13,filled,16.5121,0.201759,0.701708
a,L6-001 musigma-T10.csv,orbium,0.125,0.02,T10 R13,filled,16.9447,0.00223581,0.136301
a,L6-001 musigma-T10.csv,orbium,0.125,0.021,T10 R13,filled,17.0696,0.0145497,0.184017
a,L6-001 musigma-T10.csv,orbium,0.125,0.022,T10 R13,filled,17.1067,0.0113491,0.112446
a,L6-001 musigma-T10.csv,orbium,0.125,0.023,T10 R13,filled,17.31,0.00792514,0.197782
a,L6-001 musigma-T10.csv,orbium,0.125,0.024,T10 R13,filled,17.6132,0.00154843,0.0575165
a,L6-001 musigma-T10.csv,orbium,0.125,0.025,T10 R13,filled,17.7243,0.00580294,0.0966071
a,L6-001 musigma-T10.csv,orbium,0.125,0.026,T10 R13,filled,17.922,0.00680306,0.0759085
a,L6-001 musigma-T10.csv,orbium,0.125,0.027,T10 R13,filled,18.0769,0.00162217,0.101447
a,L6-001 musigma-T10.csv,orbium,0.125,0.028,T10 R13,filled,18.4789,0.0273856,0.308642
a,L6-001 musigma-T10.csv,orbium,0.13,0.008,T10 R13,died,0,0,0
a,L6-001 musigma-T10.csv,orbium,0.13,0.009,T10 R13,died,0,0,0
a,L6-001 musigma-T10.csv,orbium,0.13,0.01,T10 R13,died,0,0,0
a,L6-001 musigma-T10.csv,orbium,0.13,0.011,T10 R13,died,0,0,0
a,L6-001 musigma-T10.csv,orbium,0.13,0.012,T10 R13,GLIDER,0.377008,0.485446,0.485564
a,L6-001 musigma-T10.csv,orbium,0.13,0.013,T10 R13,GLIDER,0.393446,0.497627,0.49782
a,L6-001 musigma-T10.csv,orbium,0.13,0.014,T10 R13,GLIDER,0.403362,0.523838,0.523898
a,L6-001 musigma-T10.csv,orbium,0.13,0.015,T10 R13,GLIDER,0.413022,0.55036,0.550517
a,L6-001 musigma-T10.csv,orbium,0.13,0.016,T10 R13,GLIDER,0.422309,0.576304,0.576347
a,L6-001 musigma-T10.csv,orbium,0.13,0.017,T10 R13,filled,16.8372,0.00267388,0.118082
a,L6-001 musigma-T10.csv,orbium,0.13,0.018,T10 R13,filled,17.0359,0.00194052,0.166286
a,L6-001 musigma-T10.csv,orbium,0.13,0.019,T10 R13,filled,16.915,0.00428969,0.185577
a,L6-001 musigma-T10.csv,orbium,0.13,0.02,T10 R13,filled,17.233,0.0998825,0.462159
a,L6-001 musigma-T10.csv,orbium,0.13,0.021,T10 R13,filled,17.322,0.00695155,0.128734
a,L6-001 musigma-T10.csv,orbium,0.13,0.022,T10 R13,filled,17.425,0.0962488,0.607486
a,L6-001 musigma-T10.csv,orbium,0.13,0.023,T10 R13,filled,17.7303,0.0092481,0.128218
a,L6-001 musigma-T10.csv,orbium,0.13,0.024,T10 R13,filled,17.8509,0.0144957,0.284655
a,L6-001 musigma-T10.csv,orbium,0.13,0.025,T10 R13,filled,18.074,0.00504608,0.0716581
a,L6-001 musigma-T10.csv,orbium,0.13,0.026,T10 R13,filled,18.3229,0.00959292,0.157839
a,L6-001 musigma-T10.csv,orbium,0.13,0.027,T10 R13,filled,18.462,0.00627031,0.112162
a,L6-001 musigma-T10.csv,orbium,0.13,0.028,T10 R13,filled,18.7497,0.00434118,0.0525645
a,L6-001 musigma-T10.csv,orbium,0.135,0.008,T10 R13,died,0,0,0
a,L6-001 musigma-T10.csv,orbium,0.135,0.009,T10 R13,died,0,0,0
a,L6-001 musigma-T10.csv,orbium,0.135,0.01,T10 R13,died,0,0,0
a,L6-001 musigma-T10.csv,orbium,0.135,0.011,T10 R13,died,0,0,0
a,L6-001 musigma-T10.csv,orbium,0.135,0.012,T10 R13,GLIDER,0.379448,0.475599,0.475922
a,L6-001 musigma-T10.csv,orbium,0.135,0.013,T10 R13,GLIDER,0.396699,0.486021,0.486171
a,L6-001 musigma-T10.csv,orbium,0.135,0.014,T10 R13,GLIDER,0.409206,0.505152,0.505285
a,L6-001 musigma-T10.csv,orbium,0.135,0.015,T10 R13,GLIDER,0.418944,0.529405,0.52951
a,L6-001 musigma-T10.csv,orbium,0.135,0.016,T10 R13,GLIDER,0.428368,0.552909,0.553009
a,L6-001 musigma-T10.csv,orbium,0.135,0.017,T10 R13,GLIDER,0.437448,0.576534,0.576577
a,L6-001 musigma-T10.csv,orbium,0.135,0.018,T10 R13,CIRCLER,0.480369,0.0347532,0.564862
a,L6-001 musigma-T10.csv,orbium,0.135,0.019,T10 R13,filled,17.4178,0.00273089,0.123076
a,L6-001 musigma-T10.csv,orbium,0.135,0.02,T10 R13,filled,17.6575,0.00725209,0.133695
a,L6-001 musigma-T10.csv,orbium,0.135,0.021,T10 R13,filled,17.6703,0.0162526,0.303892
a,L6-001 musigma-T10.csv,orbium,0.135,0.022,T10 R13,filled,17.8518,0.00160906,0.0669885
a,L6-001 musigma-T10.csv,orbium,0.135,0.023,T10 R13,filled,17.9999,0.0650989,0.387973
a,L6-001 musigma-T10.csv,orbium,0.135,0.024,T10 R13,filled,18.296,0.00268402,0.105641
a,L6-001 musigma-T10.csv,orbium,0.135,0.025,T10 R13,filled,18.4945,0.00714459,0.0772179
a,L6-001 musigma-T10.csv,orbium,0.135,0.026,T10 R13,filled,18.5793,0.00269913,0.118291
a,L6-001 musigma-T10.csv,orbium,0.135,0.027,T10 R13,filled,18.807,0.0205718,0.195642
a,L6-001 musigma-T10.csv,orbium,0.135,0.028,T10 R13,filled,19.0115,0.00444846,0.323307
a,L6-001 musigma-T10.csv,orbium,0.14,0.008,T10 R13,died,0,0,0
a,L6-001 musigma-T10.csv,orbium,0.14,0.009,T10 R13,died,0,0,0
a,L6-001 musigma-T10.csv,orbium,0.14,0.01,T10 R13,died,0,0,0
a,L6-001 musigma-T10.csv,orbium,0.14,0.011,T10 R13,died,0,0,0
a,L6-001 musigma-T10.csv,orbium,0.14,0.012,T10 R13,died,0,0,0
a,L6-001 musigma-T10.csv,orbium,0.14,0.013,T10 R13,GLIDER,0.399607,0.475903,0.476094
a,L6-001 musigma-T10.csv,orbium,0.14,0.014,T10 R13,GLIDER,0.414411,0.488657,0.488794
a,L6-001 musigma-T10.csv,orbium,0.14,0.015,T10 R13,GLIDER,0.42467,0.510746,0.510841
a,L6-001 musigma-T10.csv,orbium,0.14,0.016,T10 R13,GLIDER,0.434105,0.53367,0.5338
a,L6-001 musigma-T10.csv,orbium,0.14,0.017,T10 R13,GLIDER,0.443396,0.554605,0.554661
a,L6-001 musigma-T10.csv,orbium,0.14,0.018,T10 R13,GLIDER,0.452338,0.574112,0.574164
a,L6-001 musigma-T10.csv,orbium,0.14,0.019,T10 R13,GLIDER,0.460449,0.59304,0.593144
a,L6-001 musigma-T10.csv,orbium,0.14,0.02,T10 R13,filled,18.168,0.00633505,0.259912
a,L6-001 musigma-T10.csv,orbium,0.14,0.021,T10 R13,filled,18.218,0.00301948,0.171389
a,L6-001 musigma-T10.csv,orbium,0.14,0.022,T10 R13,filled,18.3176,0.00389225,0.137434
a,L6-001 musigma-T10.csv,orbium,0.14,0.023,T10 R13,filled,18.4096,0.00318106,0.138375
a,L6-001 musigma-T10.csv,orbium,0.14,0.024,T10 R13,filled,18.6217,0.00338287,0.106589
a,L6-001 musigma-T10.csv,orbium,0.14,0.025,T10 R13,filled,18.7247,0.00483709,0.106751
a,L6-001 musigma-T10.csv,orbium,0.14,0.026,T10 R13,filled,18.9963,0.0283752,0.17697
a,L6-001 musigma-T10.csv,orbium,0.14,0.027,T10 R13,filled,19.0971,0.0173224,0.213511
a,L6-001 musigma-T10.csv,orbium,0.14,0.028,T10 R13,filled,19.3334,0.00563498,0.099928
a,L6-001 musigma-T10.csv,orbium,0.145,0.008,T10 R13,died,0,0,0
a,L6-001 musigma-T10.csv,orbium,0.145,0.009,T10 R13,died,0,0,0
a,L6-001 musigma-T10.csv,orbium,0.145,0.01,T10 R13,died,0,0,0
a,L6-001 musigma-T10.csv,orbium,0.145,0.011,T10 R13,died,0,0,0
a,L6-001 musigma-T10.csv,orbium,0.145,0.012,T10 R13,died,0,0,0
a,L6-001 musigma-T10.csv,orbium,0.145,0.013,T10 R13,GLIDER,0.403958,0.46254,0.462695
a,L6-001 musigma-T10.csv,orbium,0.145,0.014,T10 R13,GLIDER,0.418482,0.476815,0.477014
a,L6-001 musigma-T10.csv,orbium,0.145,0.015,T10 R13,GLIDER,0.430179,0.494734,0.49492
a,L6-001 musigma-T10.csv,orbium,0.145,0.016,T10 R13,GLIDER,0.439811,0.51596,0.516154
a,L6-001 musigma-T10.csv,orbium,0.145,0.017,T10 R13,GLIDER,0.44916,0.535905,0.536067
a,L6-001 musigma-T10.csv,orbium,0.145,0.018,T10 R13,GLIDER,0.458235,0.554275,0.554299
a,L6-001 musigma-T10.csv,orbium,0.145,0.019,T10 R13,GLIDER,0.466894,0.570946,0.571
a,L6-001 musigma-T10.csv,orbium,0.145,0.02,T10 R13,died,0,0,0
a,L6-001 musigma-T10.csv,orbium,0.145,0.021,T10 R13,filled,18.877,0.00186739,0.054716
a,L6-001 musigma-T10.csv,orbium,0.145,0.022,T10 R13,filled,18.918,0.00503865,0.0740219
a,L6-001 musigma-T10.csv,orbium,0.145,0.023,T10 R13,filled,18.8986,0.0037543,0.154794
a,L6-001 musigma-T10.csv,orbium,0.145,0.024,T10 R13,filled,19.0053,0.00214014,0.0762832
a,L6-001 musigma-T10.csv,orbium,0.145,0.025,T10 R13,filled,19.2919,0.00358339,0.0837634
a,L6-001 musigma-T10.csv,orbium,0.145,0.026,T10 R13,filled,19.2924,0.012019,0.088054
a,L6-001 musigma-T10.csv,orbium,0.145,0.027,T10 R13,filled,19.4235,0.0185979,0.152275
a,L6-001 musigma-T10.csv,orbium,0.145,0.028,T10 R13,filled,19.6562,0.0930786,0.25816
a,L6-001 musigma-T10.csv,orbium,0.15,0.008,T10 R13,died,0,0,0
a,L6-001 musigma-T10.csv,orbium,0.15,0.009,T10 R13,died,0,0,0
a,L6-001 musigma-T10.csv,orbium,0.15,0.01,T10 R13,died,0,0,0
a,L6-001 musigma-T10.csv,orbium,0.15,0.011,T10 R13,died,0,0,0
a,L6-001 musigma-T10.csv,orbium,0.15,0.012,T10 R13,died,0,0,0
a,L6-001 musigma-T10.csv,orbium,0.15,0.013,T10 R13,GLIDER,0.409761,0.447529,0.447623
a,L6-001 musigma-T10.csv,orbium,0.15,0.014,T10 R13,GLIDER,0.423384,0.46347,0.463687
a,L6-001 musigma-T10.csv,orbium,0.15,0.015,T10 R13,GLIDER,0.435803,0.479402,0.47958
a,L6-001 musigma-T10.csv,orbium,0.15,0.016,T10 R13,GLIDER,0.445592,0.499438,0.499657
a,L6-001 musigma-T10.csv,orbium,0.15,0.017,T10 R13,GLIDER,0.454924,0.519303,0.519553
a,L6-001 musigma-T10.csv,orbium,0.15,0.018,T10 R13,GLIDER,0.46403,0.536453,0.536499
a,L6-001 musigma-T10.csv,orbium,0.15,0.019,T10 R13,GLIDER,0.472804,0.552159,0.552197
a,L6-001 musigma-T10.csv,orbium,0.15,0.02,T10 R13,GLIDER,0.480976,0.566549,0.566583
a,L6-001 musigma-T10.csv,orbium,0.15,0.021,T10 R13,filled,19.656,0.008157,0.211103
a,L6-001 musigma-T10.csv,orbium,0.15,0.022,T10 R13,filled,19.4388,0.00280026,0.0853054
a,L6-001 musigma-T10.csv,orbium,0.15,0.023,T10 R13,filled,19.4262,0.00309771,0.0755489
a,L6-001 musigma-T10.csv,orbium,0.15,0.024,T10 R13,filled,19.4895,0.00649992,0.0843489
a,L6-001 musigma-T10.csv,orbium,0.15,0.025,T10 R13,filled,19.573,0.000964095,0.0894217
a,L6-001 musigma-T10.csv,orbium,0.15,0.026,T10 R13,filled,19.6793,0.00281775,0.063559
a,L6-001 musigma-T10.csv,orbium,0.15,0.027,T10 R13,filled,19.9073,0.00822027,0.297328
a,L6-001 musigma-T10.csv,orbium,0.15,0.028,T10 R13,filled,20.0698,0.0220366,0.286207
a,L6-001 musigma-T10.csv,orbium,0.155,0.008,T10 R13,died,0,0,0
a,L6-001 musigma-T10.csv,orbium,0.155,0.009,T10 R13,died,0,0,0
a,L6-001 musigma-T10.csv,orbium,0.155,0.01,T10 R13,died,0,0,0
a,L6-001 musigma-T10.csv,orbium,0.155,0.011,T10 R13,died,0,0,0
a,L6-001 musigma-T10.csv,orbium,0.155,0.012,T10 R13,died,0,0,0
a,L6-001 musigma-T10.csv,orbium,0.155,0.013,T10 R13,died,0,0,0
a,L6-001 musigma-T10.csv,orbium,0.155,0.014,T10 R13,GLIDER,0.428594,0.449683,0.449803
a,L6-001 musigma-T10.csv,orbium,0.155,0.015,T10 R13,GLIDER,0.441358,0.465462,0.465609
a,L6-001 musigma-T10.csv,orbium,0.155,0.016,T10 R13,GLIDER,0.451408,0.484124,0.484266
a,L6-001 musigma-T10.csv,orbium,0.155,0.017,T10 R13,GLIDER,0.460763,0.502948,0.503112
a,L6-001 musigma-T10.csv,orbium,0.155,0.018,T10 R13,GLIDER,0.469839,0.520027,0.520066
a,L6-001 musigma-T10.csv,orbium,0.155,0.019,T10 R13,GLIDER,0.478733,0.535123,0.535145
a,L6-001 musigma-T10.csv,orbium,0.155,0.02,T10 R13,GLIDER,0.487285,0.548411,0.548433
a,L6-001 musigma-T10.csv,orbium,0.155,0.021,T10 R13,died,0,0,0
a,L6-001 musigma-T10.csv,orbium,0.155,0.022,T10 R13,CIRCLER,0.570778,0.00681565,0.529288
a,L6-001 musigma-T10.csv,orbium,0.155,0.023,T10 R13,filled,20.2216,0.00171771,0.0586244
a,L6-001 musigma-T10.csv,orbium,0.155,0.024,T10 R13,filled,19.7817,0.0104264,0.133471
a,L6-001 musigma-T10.csv,orbium,0.155,0.025,T10 R13,filled,20.1115,0.00512714,0.049669
a,L6-001 musigma-T10.csv,orbium,0.155,0.026,T10 R13,filled,20.0126,0.0254196,0.276195
a,L6-001 musigma-T10.csv,orbium,0.155,0.027,T10 R13,filled,20.4212,0.00881031,0.0820575
a,L6-001 musigma-T10.csv,orbium,0.155,0.028,T10 R13,filled,20.5377,0.0017198,0.0391687
a,L6-001 musigma-T10.csv,orbium,0.16,0.008,T10 R13,died,0,0,0
a,L6-001 musigma-T10.csv,orbium,0.16,0.009,T10 R13,died,0,0,0
a,L6-001 musigma-T10.csv,orbium,0.16,0.01,T10 R13,died,0,0,0
a,L6-001 musigma-T10.csv,orbium,0.16,0.011,T10 R13,died,0,0,0
a,L6-001 musigma-T10.csv,orbium,0.16,0.012,T10 R13,died,0,0,0
a,L6-001 musigma-T10.csv,orbium,0.16,0.013,T10 R13,died,0,0,0
a,L6-001 musigma-T10.csv,orbium,0.16,0.014,T10 R13,GLIDER,0.434821,0.431701,0.431813
a,L6-001 musigma-T10.csv,orbium,0.16,0.015,T10 R13,GLIDER,0.446805,0.45189,0.451937
a,L6-001 musigma-T10.csv,orbium,0.16,0.016,T10 R13,GLIDER,0.457451,0.46947,0.469577
a,L6-001 musigma-T10.csv,orbium,0.16,0.017,T10 R13,GLIDER,0.466651,0.487659,0.487766
a,L6-001 musigma-T10.csv,orbium,0.16,0.018,T10 R13,GLIDER,0.475705,0.504714,0.504783
a,L6-001 musigma-T10.csv,orbium,0.16,0.019,T10 R13,GLIDER,0.484623,0.519297,0.519342
a,L6-001 musigma-T10.csv,orbium,0.16,0.02,T10 R13,GLIDER,0.493411,0.531942,0.531989
a,L6-001 musigma-T10.csv,orbium,0.16,0.021,T10 R13,died,0,0,0
a,L6-001 musigma-T10.csv,orbium,0.16,0.022,T10 R13,died,0,0,0
a,L6-001 musigma-T10.csv,orbium,0.16,0.023,T10 R13,filled,20.6621,0.00240199,0.0649952
a,L6-001 musigma-T10.csv,orbium,0.16,0.024,T10 R13,filled,20.7847,0.00244943,0.111034
a,L6-001 musigma-T10.csv,orbium,0.16,0.025,T10 R13,filled,20.4477,0.0193777,0.131851
a,L6-001 musigma-T10.csv,orbium,0.16,0.026,T10 R13,filled,20.6252,0.0130389,0.098998
a,L6-001 musigma-T10.csv,orbium,0.16,0.027,T10 R13,filled,20.7791,0.126096,0.266934
a,L6-001 musigma-T10.csv,orbium,0.16,0.028,T10 R13,filled,20.8183,0.00802537,0.0569476
a,L6-001 musigma-T10.csv,orbium,0.165,0.008,T10 R13,died,0,0,0
a,L6-001 musigma-T10.csv,orbium,0.165,0.009,T10 R13,died,0,0,0
a,L6-001 musigma-T10.csv,orbium,0.165,0.01,T10 R13,died,0,0,0
a,L6-001 musigma-T10.csv,orbium,0.165,0.011,T10 R13,died,0,0,0
a,L6-001 musigma-T10.csv,orbium,0.165,0.012,T10 R13,died,0,0,0
a,L6-001 musigma-T10.csv,orbium,0.165,0.013,T10 R13,died,0,0,0
a,L6-001 musigma-T10.csv,orbium,0.165,0.014,T10 R13,died,0,0,0
a,L6-001 musigma-T10.csv,orbium,0.165,0.015,T10 R13,died,0,0,0
a,L6-001 musigma-T10.csv,orbium,0.165,0.016,T10 R13,GLIDER,0.463513,0.454724,0.454771
a,L6-001 musigma-T10.csv,orbium,0.165,0.017,T10 R13,GLIDER,0.472753,0.47306,0.473096
a,L6-001 musigma-T10.csv,orbium,0.165,0.018,T10 R13,GLIDER,0.481742,0.489651,0.489704
a,L6-001 musigma-T10.csv,orbium,0.165,0.019,T10 R13,GLIDER,0.490641,0.50443,0.504502
a,L6-001 musigma-T10.csv,orbium,0.165,0.02,T10 R13,died,0,0,0
a,L6-001 musigma-T10.csv,orbium,0.165,0.021,T10 R13,died,0,0,0
a,L6-001 musigma-T10.csv,orbium,0.165,0.022,T10 R13,died,0,0,0
a,L6-001 musigma-T10.csv,orbium,0.165,0.023,T10 R13,filled,21.5785,0.0102491,0.139775
a,L6-001 musigma-T10.csv,orbium,0.165,0.024,T10 R13,filled,21.2809,0.00346736,0.101623
a,L6-001 musigma-T10.csv,orbium,0.165,0.025,T10 R13,filled,21.3135,0.00196382,0.0750886
a,L6-001 musigma-T10.csv,orbium,0.165,0.026,T10 R13,filled,21.4265,0.00259875,0.123321
a,L6-001 musigma-T10.csv,orbium,0.165,0.027,T10 R13,filled,21.0379,0.00434084,0.104272
a,L6-001 musigma-T10.csv,orbium,0.165,0.028,T10 R13,filled,21.2321,0.00182834,0.0479138
a,L6-001 musigma-T10.csv,orbium,0.17,0.008,T10 R13,died,0,0,0
a,L6-001 musigma-T10.csv,orbium,0.17,0.009,T10 R13,died,0,0,0
a,L6-001 musigma-T10.csv,orbium,0.17,0.01,T10 R13,died,0,0,0
a,L6-001 musigma-T10.csv,orbium,0.17,0.011,T10 R13,died,0,0,0
a,L6-001 musigma-T10.csv,orbium,0.17,0.012,T10 R13,died,0,0,0
a,L6-001 musigma-T10.csv,orbium,0.17,0.013,T10 R13,died,0,0,0
a,L6-001 musigma-T10.csv,orbium,0.17,0.014,T10 R13,died,0,0,0
a,L6-001 musigma-T10.csv,orbium,0.17,0.015,T10 R13,died,0,0,0
a,L6-001 musigma-T10.csv,orbium,0.17,0.016,T10 R13,died,0,0,0
a,L6-001 musigma-T10.csv,orbium,0.17,0.017,T10 R13,died,0,0,0
a,L6-001 musigma-T10.csv,orbium,0.17,0.018,T10 R13,died,0,0,0
a,L6-001 musigma-T10.csv,orbium,0.17,0.019,T10 R13,died,0,0,0
a,L6-001 musigma-T10.csv,orbium,0.17,0.02,T10 R13,died,0,0,0
a,L6-001 musigma-T10.csv,orbium,0.17,0.021,T10 R13,died,0,0,0
a,L6-001 musigma-T10.csv,orbium,0.17,0.022,T10 R13,died,0,0,0
a,L6-001 musigma-T10.csv,orbium,0.17,0.023,T10 R13,died,0,0,0
a,L6-001 musigma-T10.csv,orbium,0.17,0.024,T10 R13,died,0,0,0
a,L6-001 musigma-T10.csv,orbium,0.17,0.025,T10 R13,died,0,0,0
a,L6-001 musigma-T10.csv,orbium,0.17,0.026,T10 R13,filled,21.9449,0.00216071,0.0680476
a,L6-001 musigma-T10.csv,orbium,0.17,0.027,T10 R13,filled,22.3475,0.00695267,0.0668128
a,L6-001 musigma-T10.csv,orbium,0.17,0.028,T10 R13,filled,21.9698,0.00206895,0.0523388
a,L6-001 musigma-T10.csv,orbium,0.175,0.008,T10 R13,died,0,0,0
a,L6-001 musigma-T10.csv,orbium,0.175,0.009,T10 R13,died,0,0,0
a,L6-001 musigma-T10.csv,orbium,0.175,0.01,T10 R13,died,0,0,0
a,L6-001 musigma-T10.csv,orbium,0.175,0.011,T10 R13,died,0,0,0
a,L6-001 musigma-T10.csv,orbium,0.175,0.012,T10 R13,died,0,0,0
a,L6-001 musigma-T10.csv,orbium,0.175,0.013,T10 R13,died,0,0,0
a,L6-001 musigma-T10.csv,orbium,0.175,0.014,T10 R13,died,0,0,0
a,L6-001 musigma-T10.csv,orbium,0.175,0.015,T10 R13,died,0,0,0
a,L6-001 musigma-T10.csv,orbium,0.175,0.016,T10 R13,died,0,0,0
a,L6-001 musigma-T10.csv,orbium,0.175,0.017,T10 R13,died,0,0,0
a,L6-001 musigma-T10.csv,orbium,0.175,0.018,T10 R13,died,0,0,0
a,L6-001 musigma-T10.csv,orbium,0.175,0.019,T10 R13,died,0,0,0
a,L6-001 musigma-T10.csv,orbium,0.175,0.02,T10 R13,died,0,0,0
a,L6-001 musigma-T10.csv,orbium,0.175,0.021,T10 R13,died,0,0,0
a,L6-001 musigma-T10.csv,orbium,0.175,0.022,T10 R13,died,0,0,0
a,L6-001 musigma-T10.csv,orbium,0.175,0.023,T10 R13,died,0,0,0
a,L6-001 musigma-T10.csv,orbium,0.175,0.024,T10 R13,died,0,0,0
a,L6-001 musigma-T10.csv,orbium,0.175,0.025,T10 R13,died,0,0,0
a,L6-001 musigma-T10.csv,orbium,0.175,0.026,T10 R13,died,0,0,0
a,L6-001 musigma-T10.csv,orbium,0.175,0.027,T10 R13,filled,22.9125,0.00070397,0.0512688
a,L6-001 musigma-T10.csv,orbium,0.175,0.028,T10 R13,filled,22.8607,0.00389125,0.0745454
a,L6-001 musigma-T10.csv,orbium,0.18,0.008,T10 R13,died,0,0,0
a,L6-001 musigma-T10.csv,orbium,0.18,0.009,T10 R13,died,0,0,0
a,L6-001 musigma-T10.csv,orbium,0.18,0.01,T10 R13,died,0,0,0
a,L6-001 musigma-T10.csv,orbium,0.18,0.011,T10 R13,died,0,0,0
a,L6-001 musigma-T10.csv,orbium,0.18,0.012,T10 R13,died,0,0,0
a,L6-001 musigma-T10.csv,orbium,0.18,0.013,T10 R13,died,0,0,0
a,L6-001 musigma-T10.csv,orbium,0.18,0.014,T10 R13,died,0,0,0
a,L6-001 musigma-T10.csv,orbium,0.18,0.015,T10 R13,died,0,0,0
a,L6-001 musigma-T10.csv,orbium,0.18,0.016,T10 R13,died,0,0,0
a,L6-001 musigma-T10.csv,orbium,0.18,0.017,T10 R13,died,0,0,0
a,L6-001 musigma-T10.csv,orbium,0.18,0.018,T10 R13,died,0,0,0
a,L6-001 musigma-T10.csv,orbium,0.18,0.019,T10 R13,died,0,0,0
a,L6-001 musigma-T10.csv,orbium,0.18,0.02,T10 R13,died,0,0,0
a,L6-001 musigma-T10.csv,orbium,0.18,0.021,T10 R13,died,0,0,0
a,L6-001 musigma-T10.csv,orbium,0.18,0.022,T10 R13,died,0,0,0
a,L6-001 musigma-T10.csv,orbium,0.18,0.023,T10 R13,died,0,0,0
a,L6-001 musigma-T10.csv,orbium,0.18,0.024,T10 R13,died,0,0,0
a,L6-001 musigma-T10.csv,orbium,0.18,0.025,T10 R13,died,0,0,0
a,L6-001 musigma-T10.csv,orbium,0.18,0.026,T10 R13,died,0,0,0
a,L6-001 musigma-T10.csv,orbium,0.18,0.027,T10 R13,filled,23.9423,0.00446475,0.0902947
a,L6-001 musigma-T10.csv,orbium,0.18,0.028,T10 R13,filled,23.9062,0.00197463,0.0399048
a,L6-001 musigma-T10.csv,orbium,0.185,0.008,T10 R13,died,0,0,0
a,L6-001 musigma-T10.csv,orbium,0.185,0.009,T10 R13,died,0,0,0
a,L6-001 musigma-T10.csv,orbium,0.185,0.01,T10 R13,died,0,0,0
a,L6-001 musigma-T10.csv,orbium,0.185,0.011,T10 R13,died,0,0,0
a,L6-001 musigma-T10.csv,orbium,0.185,0.012,T10 R13,died,0,0,0
a,L6-001 musigma-T10.csv,orbium,0.185,0.013,T10 R13,died,0,0,0
a,L6-001 musigma-T10.csv,orbium,0.185,0.014,T10 R13,died,0,0,0
a,L6-001 musigma-T10.csv,orbium,0.185,0.015,T10 R13,died,0,0,0
a,L6-001 musigma-T10.csv,orbium,0.185,0.016,T10 R13,died,0,0,0
a,L6-001 musigma-T10.csv,orbium,0.185,0.017,T10 R13,died,0,0,0
a,L6-001 musigma-T10.csv,orbium,0.185,0.018,T10 R13,died,0,0,0
a,L6-001 musigma-T10.csv,orbium,0.185,0.019,T10 R13,died,0,0,0
a,L6-001 musigma-T10.csv,orbium,0.185,0.02,T10 R13,died,0,0,0
a,L6-001 musigma-T10.csv,orbium,0.185,0.021,T10 R13,died,0,0,0
a,L6-001 musigma-T10.csv,orbium,0.185,0.022,T10 R13,died,0,0,0
a,L6-001 musigma-T10.csv,orbium,0.185,0.023,T10 R13,died,0,0,0
a,L6-001 musigma-T10.csv,orbium,0.185,0.024,T10 R13,died,0,0,0
a,L6-001 musigma-T10.csv,orbium,0.185,0.025,T10 R13,died,0,0,0
a,L6-001 musigma-T10.csv,orbium,0.185,0.026,T10 R13,died,0,0,0
a,L6-001 musigma-T10.csv,orbium,0.185,0.027,T10 R13,died,0,0,0
a,L6-001 musigma-T10.csv,orbium,0.185,0.028,T10 R13,filled,24.4406,0.011253,0.0852029
a,L6-001 musigma-T10.csv,orbium,0.19,0.008,T10 R13,died,0,0,0
a,L6-001 musigma-T10.csv,orbium,0.19,0.009,T10 R13,died,0,0,0
a,L6-001 musigma-T10.csv,orbium,0.19,0.01,T10 R13,died,0,0,0
a,L6-001 musigma-T10.csv,orbium,0.19,0.011,T10 R13,died,0,0,0
a,L6-001 musigma-T10.csv,orbium,0.19,0.012,T10 R13,died,0,0,0
a,L6-001 musigma-T10.csv,orbium,0.19,0.013,T10 R13,died,0,0,0
a,L6-001 musigma-T10.csv,orbium,0.19,0.014,T10 R13,died,0,0,0
a,L6-001 musigma-T10.csv,orbium,0.19,0.015,T10 R13,died,0,0,0
a,L6-001 musigma-T10.csv,orbium,0.19,0.016,T10 R13,died,0,0,0
a,L6-001 musigma-T10.csv,orbium,0.19,0.017,T10 R13,died,0,0,0
a,L6-001 musigma-T10.csv,orbium,0.19,0.018,T10 R13,died,0,0,0
a,L6-001 musigma-T10.csv,orbium,0.19,0.019,T10 R13,died,0,0,0
a,L6-001 musigma-T10.csv,orbium,0.19,0.02,T10 R13,died,0,0,0
a,L6-001 musigma-T10.csv,orbium,0.19,0.021,T10 R13,died,0,0,0
a,L6-001 musigma-T10.csv,orbium,0.19,0.022,T10 R13,died,0,0,0
a,L6-001 musigma-T10.csv,orbium,0.19,0.023,T10 R13,died,0,0,0
a,L6-001 musigma-T10.csv,orbium,0.19,0.024,T10 R13,died,0,0,0
a,L6-001 musigma-T10.csv,orbium,0.19,0.025,T10 R13,died,0,0,0
a,L6-001 musigma-T10.csv,orbium,0.19,0.026,T10 R13,died,0,0,0
a,L6-001 musigma-T10.csv,orbium,0.19,0.027,T10 R13,died,0,0,0
a,L6-001 musigma-T10.csv,orbium,0.19,0.028,T10 R13,filled,25.3927,0.00316927,0.0639177
a,L6-001 musigma-T10.csv,orbium,0.195,0.008,T10 R13,died,0,0,0
a,L6-001 musigma-T10.csv,orbium,0.195,0.009,T10 R13,died,0,0,0
a,L6-001 musigma-T10.csv,orbium,0.195,0.01,T10 R13,died,0,0,0
a,L6-001 musigma-T10.csv,orbium,0.195,0.011,T10 R13,died,0,0,0
a,L6-001 musigma-T10.csv,orbium,0.195,0.012,T10 R13,died,0,0,0
a,L6-001 musigma-T10.csv,orbium,0.195,0.013,T10 R13,died,0,0,0
a,L6-001 musigma-T10.csv,orbium,0.195,0.014,T10 R13,died,0,0,0
a,L6-001 musigma-T10.csv,orbium,0.195,0.015,T10 R13,died,0,0,0
a,L6-001 musigma-T10.csv,orbium,0.195,0.016,T10 R13,died,0,0,0
a,L6-001 musigma-T10.csv,orbium,0.195,0.017,T10 R13,died,0,0,0
a,L6-001 musigma-T10.csv,orbium,0.195,0.018,T10 R13,died,0,0,0
a,L6-001 musigma-T10.csv,orbium,0.195,0.019,T10 R13,died,0,0,0
a,L6-001 musigma-T10.csv,orbium,0.195,0.02,T10 R13,died,0,0,0
a,L6-001 musigma-T10.csv,orbium,0.195,0.021,T10 R13,died,0,0,0
a,L6-001 musigma-T10.csv,orbium,0.195,0.022,T10 R13,died,0,0,0
a,L6-001 musigma-T10.csv,orbium,0.195,0.023,T10 R13,died,0,0,0
a,L6-001 musigma-T10.csv,orbium,0.195,0.024,T10 R13,died,0,0,0
a,L6-001 musigma-T10.csv,orbium,0.195,0.025,T10 R13,died,0,0,0
a,L6-001 musigma-T10.csv,orbium,0.195,0.026,T10 R13,died,0,0,0
a,L6-001 musigma-T10.csv,orbium,0.195,0.027,T10 R13,died,0,0,0
a,L6-001 musigma-T10.csv,orbium,0.195,0.028,T10 R13,filled,26.6516,0.000968482,0.0227613
a,L6-001 musigma-T10.csv,orbium,0.2,0.008,T10 R13,died,0,0,0
a,L6-001 musigma-T10.csv,orbium,0.2,0.009,T10 R13,died,0,0,0
a,L6-001 musigma-T10.csv,orbium,0.2,0.01,T10 R13,died,0,0,0
a,L6-001 musigma-T10.csv,orbium,0.2,0.011,T10 R13,died,0,0,0
a,L6-001 musigma-T10.csv,orbium,0.2,0.012,T10 R13,died,0,0,0
a,L6-001 musigma-T10.csv,orbium,0.2,0.013,T10 R13,died,0,0,0
a,L6-001 musigma-T10.csv,orbium,0.2,0.014,T10 R13,died,0,0,0
a,L6-001 musigma-T10.csv,orbium,0.2,0.015,T10 R13,died,0,0,0
a,L6-001 musigma-T10.csv,orbium,0.2,0.016,T10 R13,died,0,0,0
a,L6-001 musigma-T10.csv,orbium,0.2,0.017,T10 R13,died,0,0,0
a,L6-001 musigma-T10.csv,orbium,0.2,0.018,T10 R13,died,0,0,0
a,L6-001 musigma-T10.csv,orbium,0.2,0.019,T10 R13,died,0,0,0
a,L6-001 musigma-T10.csv,orbium,0.2,0.02,T10 R13,died,0,0,0
a,L6-001 musigma-T10.csv,orbium,0.2,0.021,T10 R13,died,0,0,0
a,L6-001 musigma-T10.csv,orbium,0.2,0.022,T10 R13,died,0,0,0
a,L6-001 musigma-T10.csv,orbium,0.2,0.023,T10 R13,died,0,0,0
a,L6-001 musigma-T10.csv,orbium,0.2,0.024,T10 R13,died,0,0,0
a,L6-001 musigma-T10.csv,orbium,0.2,0.025,T10 R13,died,0,0,0
a,L6-001 musigma-T10.csv,orbium,0.2,0.026,T10 R13,died,0,0,0
a,L6-001 musigma-T10.csv,orbium,0.2,0.027,T10 R13,died,0,0,0
a,L6-001 musigma-T10.csv,orbium,0.2,0.028,T10 R13,died,0,0,0
b,L6-004 bistab-T10-R13.csv,orbium,0.15,0.018,T10 R13,GLIDER,0.464033,0.536435,0.536482
b,L6-004 bistab-T10-R13.csv,orbium,0.15,0.0185,T10 R13,GLIDER,0.468458,0.544545,0.544564
b,L6-004 bistab-T10-R13.csv,orbium,0.15,0.019,T10 R13,GLIDER,0.472806,0.552156,0.552194
b,L6-004 bistab-T10-R13.csv,orbium,0.15,0.0195,T10 R13,GLIDER,0.477027,0.559411,0.559439
b,L6-004 bistab-T10-R13.csv,orbium,0.15,0.02,T10 R13,GLIDER,0.480989,0.566538,0.566571
b,L6-004 bistab-T10-R13.csv,orbium,0.15,0.0205,T10 R13,died,0,0,0
b,L6-004 bistab-T10-R13.csv,orbium,0.15,0.021,T10 R13,filled,19.6494,0.00161264,0.154342
b,L6-004 bistab-T10-R13.csv,orbium,0.15,0.0215,T10 R13,filled,19.6374,0.000883948,0.0899017
b,L6-004 bistab-T10-R13.csv,orbium,0.15,0.022,T10 R13,filled,19.4709,0.000855378,0.106301
b,L6-004 bistab-T10-R13.csv,orbium,0.15,0.0225,T10 R13,filled,19.3948,0.001955,0.104965
b,L6-004 bistab-T10-R13.csv,orbium,0.15,0.023,T10 R13,filled,19.4044,0.00158514,0.0855643
b,L6-004 bistab-T10-R13.csv,orbium,0.15,0.0235,T10 R13,filled,19.402,0.00932852,0.320029
b,L6-004 bistab-T10-R13.csv,orbium,0.15,0.024,T10 R13,filled,19.4814,0.0047982,0.0803298
b,L6-004 bistab-T10-R13.csv,orbium,0.15,0.0245,T10 R13,filled,19.6499,0.0032214,0.0788057
b,L6-004 bistab-T10-R13.csv,orbium,0.15,0.025,T10 R13,filled,19.5684,0.000951949,0.125798
b,L6-004 bistab-T10-R13.csv,orbium,0.15,0.0255,T10 R13,filled,19.5849,0.00427624,0.198052
b,L6-004 bistab-T10-R13.csv,gyrator,0.15,0.018,T10 R13,died,0,0,0
b,L6-004 bistab-T10-R13.csv,gyrator,0.15,0.0185,T10 R13,died,0,0,0
b,L6-004 bistab-T10-R13.csv,gyrator,0.15,0.019,T10 R13,died,0,0,0
b,L6-004 bistab-T10-R13.csv,gyrator,0.15,0.0195,T10 R13,CIRCLER,0.512201,0.0031236,0.518048
b,L6-004 bistab-T10-R13.csv,gyrator,0.15,0.02,T10 R13,CIRCLER,0.523132,0.00381794,0.527426
b,L6-004 bistab-T10-R13.csv,gyrator,0.15,0.0205,T10 R13,CIRCLER,0.534925,0.0019141,0.53576
b,L6-004 bistab-T10-R13.csv,gyrator,0.15,0.021,T10 R13,CIRCLER,0.546297,0.000791946,0.543252
b,L6-004 bistab-T10-R13.csv,gyrator,0.15,0.0215,T10 R13,CIRCLER,0.557663,0.00160279,0.550527
b,L6-004 bistab-T10-R13.csv,gyrator,0.15,0.022,T10 R13,CIRCLER,0.569379,0.00326764,0.5568
b,L6-004 bistab-T10-R13.csv,gyrator,0.15,0.0225,T10 R13,CIRCLER,0.581138,0.0015291,0.562395
b,L6-004 bistab-T10-R13.csv,gyrator,0.15,0.023,T10 R13,CIRCLER,0.594654,0.000308243,0.56612
b,L6-004 bistab-T10-R13.csv,gyrator,0.15,0.0235,T10 R13,filled,19.3735,0.00220861,0.17295
b,L6-004 bistab-T10-R13.csv,gyrator,0.15,0.024,T10 R13,filled,19.4878,0.00357595,0.133565
b,L6-004 bistab-T10-R13.csv,gyrator,0.15,0.0245,T10 R13,filled,19.4307,0.00146863,0.0821601
b,L6-004 bistab-T10-R13.csv,gyrator,0.15,0.025,T10 R13,filled,19.6363,0.00669231,0.194376
b,L6-004 bistab-T10-R13.csv,gyrator,0.15,0.0255,T10 R13,filled,19.6363,0.00285691,0.0841531
b,L6-004 bistab-T10-R13.csv,OG2g,0.15,0.018,T10 R13,died,0,0,0
b,L6-004 bistab-T10-R13.csv,OG2g,0.15,0.0185,T10 R13,died,0,0,0
b,L6-004 bistab-T10-R13.csv,OG2g,0.15,0.019,T10 R13,died,0,0,0
b,L6-004 bistab-T10-R13.csv,OG2g,0.15,0.0195,T10 R13,died,0.271725,0.00438559,0.273579
b,L6-004 bistab-T10-R13.csv,OG2g,0.15,0.02,T10 R13,CIRCLER,0.52325,0.00222201,0.528076
b,L6-004 bistab-T10-R13.csv,OG2g,0.15,0.0205,T10 R13,CIRCLER,0.534793,0.00165684,0.535747
b,L6-004 bistab-T10-R13.csv,OG2g,0.15,0.021,T10 R13,CIRCLER,0.546284,0.000724658,0.543499
b,L6-004 bistab-T10-R13.csv,OG2g,0.15,0.0215,T10 R13,CIRCLER,0.557731,0.00285106,0.550474
b,L6-004 bistab-T10-R13.csv,OG2g,0.15,0.022,T10 R13,CIRCLER,0.569108,0.00334647,0.556698
b,L6-004 bistab-T10-R13.csv,OG2g,0.15,0.0225,T10 R13,CIRCLER,0.581493,0.00216262,0.562004
b,L6-004 bistab-T10-R13.csv,OG2g,0.15,0.023,T10 R13,CIRCLER,0.593469,0.00162753,0.567043
b,L6-004 bistab-T10-R13.csv,OG2g,0.15,0.0235,T10 R13,filled,19.4678,0.00500021,0.0856815
b,L6-004 bistab-T10-R13.csv,OG2g,0.15,0.024,T10 R13,filled,19.5452,0.00138189,0.0558804
b,L6-004 bistab-T10-R13.csv,OG2g,0.15,0.0245,T10 R13,filled,19.4599,0.00200362,0.0762267
b,L6-004 bistab-T10-R13.csv,OG2g,0.15,0.025,T10 R13,filled,19.6873,0.00189098,0.0728554
b,L6-004 bistab-T10-R13.csv,OG2g,0.15,0.0255,T10 R13,filled,19.6933,0.000750387,0.0522748
b,L6-004 bistab-T10-R13.csv,orbium,0.155,0.018,T10 R13,GLIDER,0.46984,0.520017,0.520057
b,L6-004 bistab-T10-R13.csv,orbium,0.155,0.0185,T10 R13,GLIDER,0.474324,0.527812,0.527837
b,L6-004 bistab-T10-R13.csv,orbium,0.155,0.019,T10 R13,GLIDER,0.478732,0.535141,0.535162
b,L6-004 bistab-T10-R13.csv,orbium,0.155,0.0195,T10 R13,GLIDER,0.48305,0.541902,0.541926
b,L6-004 bistab-T10-R13.csv,orbium,0.155,0.02,T10 R13,GLIDER,0.487287,0.548391,0.548414
b,L6-004 bistab-T10-R13.csv,orbium,0.155,0.0205,T10 R13,GLIDER,0.491304,0.554589,0.554644
b,L6-004 bistab-T10-R13.csv,orbium,0.155,0.021,T10 R13,died,0,0,0
b,L6-004 bistab-T10-R13.csv,orbium,0.155,0.0215,T10 R13,died,0,0,0
b,L6-004 bistab-T10-R13.csv,orbium,0.155,0.022,T10 R13,CIRCLER,0.570318,0.00262544,0.530001
b,L6-004 bistab-T10-R13.csv,orbium,0.155,0.0225,T10 R13,filled,19.9516,0.00259277,0.0794761
b,L6-004 bistab-T10-R13.csv,orbium,0.155,0.023,T10 R13,filled,20.224,0.00160224,0.0495544
b,L6-004 bistab-T10-R13.csv,orbium,0.155,0.0235,T10 R13,filled,20.0472,0.00147522,0.0934629
b,L6-004 bistab-T10-R13.csv,orbium,0.155,0.024,T10 R13,filled,19.8759,0.00177554,0.078485
b,L6-004 bistab-T10-R13.csv,orbium,0.155,0.0245,T10 R13,filled,20.1383,0.00245452,0.0720989
b,L6-004 bistab-T10-R13.csv,orbium,0.155,0.025,T10 R13,filled,20.1052,0.00197323,0.0603954
b,L6-004 bistab-T10-R13.csv,orbium,0.155,0.0255,T10 R13,filled,20.19,0.000901168,0.0785787
b,L6-004 bistab-T10-R13.csv,gyrator,0.155,0.018,T10 R13,died,0,0,0
b,L6-004 bistab-T10-R13.csv,gyrator,0.155,0.0185,T10 R13,died,0,0,0
b,L6-004 bistab-T10-R13.csv,gyrator,0.155,0.019,T10 R13,died,0,0,0
b,L6-004 bistab-T10-R13.csv,gyrator,0.155,0.0195,T10 R13,died,0,0,0
b,L6-004 bistab-T10-R13.csv,gyrator,0.155,0.02,T10 R13,CIRCLER,0.522311,0.0018909,0.496856
b,L6-004 bistab-T10-R13.csv,gyrator,0.155,0.0205,T10 R13,CIRCLER,0.533797,0.0018986,0.507096
b,L6-004 bistab-T10-R13.csv,gyrator,0.155,0.021,T10 R13,CIRCLER,0.545201,0.000910257,0.514919
b,L6-004 bistab-T10-R13.csv,gyrator,0.155,0.0215,T10 R13,CIRCLER,0.557587,0.00172375,0.523048
b,L6-004 bistab-T10-R13.csv,gyrator,0.155,0.022,T10 R13,CIRCLER,0.56985,0.00302971,0.530352
b,L6-004 bistab-T10-R13.csv,gyrator,0.155,0.0225,T10 R13,CIRCLER,0.582689,0.00294891,0.536875
b,L6-004 bistab-T10-R13.csv,gyrator,0.155,0.023,T10 R13,CIRCLER,0.595012,0.00232407,0.542873
b,L6-004 bistab-T10-R13.csv,gyrator,0.155,0.0235,T10 R13,CIRCLER,0.607139,0.000422517,0.548099
b,L6-004 bistab-T10-R13.csv,gyrator,0.155,0.024,T10 R13,CIRCLER,0.621336,0.0018683,0.551856
b,L6-004 bistab-T10-R13.csv,gyrator,0.155,0.0245,T10 R13,filled,20.2016,0.00829437,0.132633
b,L6-004 bistab-T10-R13.csv,gyrator,0.155,0.025,T10 R13,filled,20.1628,0.00136114,0.0673953
b,L6-004 bistab-T10-R13.csv,gyrator,0.155,0.0255,T10 R13,filled,20.2612,0.00423666,0.151235
b,L6-004 bistab-T10-R13.csv,OG2g,0.155,0.018,T10 R13,STATIC,0.363053,3.54301e-06,0.000168529
b,L6-004 bistab-T10-R13.csv,OG2g,0.155,0.0185,T10 R13,died,0,0,0
b,L6-004 bistab-T10-R13.csv,OG2g,0.155,0.019,T10 R13,died,0,0,0
b,L6-004 bistab-T10-R13.csv,OG2g,0.155,0.0195,T10 R13,died,0,0,0
b,L6-004 bistab-T10-R13.csv,OG2g,0.155,0.02,T10 R13,CIRCLER,0.522768,0.00223604,0.497638
b,L6-004 bistab-T10-R13.csv,OG2g,0.155,0.0205,T10 R13,CIRCLER,0.533759,0.000969064,0.50748
b,L6-004 bistab-T10-R13.csv,OG2g,0.155,0.021,T10 R13,CIRCLER,0.54542,0.00056864,0.51545
b,L6-004 bistab-T10-R13.csv,OG2g,0.155,0.0215,T10 R13,CIRCLER,0.557517,0.00138338,0.522594
b,L6-004 bistab-T10-R13.csv,OG2g,0.155,0.022,T10 R13,CIRCLER,0.569663,0.00246709,0.530739
b,L6-004 bistab-T10-R13.csv,OG2g,0.155,0.0225,T10 R13,CIRCLER,0.58252,0.00259825,0.536654
b,L6-004 bistab-T10-R13.csv,OG2g,0.155,0.023,T10 R13,CIRCLER,0.594924,0.00174514,0.542834
b,L6-004 bistab-T10-R13.csv,OG2g,0.155,0.0235,T10 R13,CIRCLER,0.607732,0.000846368,0.547792
b,L6-004 bistab-T10-R13.csv,OG2g,0.155,0.024,T10 R13,CIRCLER,0.620656,0.00207084,0.552281
b,L6-004 bistab-T10-R13.csv,OG2g,0.155,0.0245,T10 R13,filled,19.8909,0.00193643,0.095933
b,L6-004 bistab-T10-R13.csv,OG2g,0.155,0.025,T10 R13,filled,20.125,0.0458581,0.289028
b,L6-004 bistab-T10-R13.csv,OG2g,0.155,0.0255,T10 R13,filled,20.0497,0.00244911,0.157318
b,L6-004 bistab-T10-R13.csv,orbium,0.16,0.018,T10 R13,GLIDER,0.475699,0.504653,0.504723
b,L6-004 bistab-T10-R13.csv,orbium,0.16,0.0185,T10 R13,GLIDER,0.480181,0.511953,0.512052
b,L6-004 bistab-T10-R13.csv,orbium,0.16,0.019,T10 R13,GLIDER,0.484623,0.519276,0.519321
b,L6-004 bistab-T10-R13.csv,orbium,0.16,0.0195,T10 R13,GLIDER,0.489048,0.525789,0.525826
b,L6-004 bistab-T10-R13.csv,orbium,0.16,0.02,T10 R13,GLIDER,0.493407,0.531934,0.531983
b,L6-004 bistab-T10-R13.csv,orbium,0.16,0.0205,T10 R13,GLIDER,0.497678,0.537687,0.537763
b,L6-004 bistab-T10-R13.csv,orbium,0.16,0.021,T10 R13,died,0,0,0
b,L6-004 bistab-T10-R13.csv,orbium,0.16,0.0215,T10 R13,died,0,0,0
b,L6-004 bistab-T10-R13.csv,orbium,0.16,0.022,T10 R13,died,0,0,0
b,L6-004 bistab-T10-R13.csv,orbium,0.16,0.0225,T10 R13,died,0,0,0
b,L6-004 bistab-T10-R13.csv,orbium,0.16,0.023,T10 R13,filled,20.6452,0.00123262,0.0762083
b,L6-004 bistab-T10-R13.csv,orbium,0.16,0.0235,T10 R13,filled,20.7442,0.00205695,0.07427
b,L6-004 bistab-T10-R13.csv,orbium,0.16,0.024,T10 R13,filled,20.8073,0.00127169,0.102165
b,L6-004 bistab-T10-R13.csv,orbium,0.16,0.0245,T10 R13,filled,20.6965,0.0947634,0.531644
b,L6-004 bistab-T10-R13.csv,orbium,0.16,0.025,T10 R13,filled,20.5176,0.00524537,0.0898512
b,L6-004 bistab-T10-R13.csv,orbium,0.16,0.0255,T10 R13,filled,20.7193,0.00124592,0.0726188
b,L6-004 bistab-T10-R13.csv,gyrator,0.16,0.018,T10 R13,died,0,0,0
b,L6-004 bistab-T10-R13.csv,gyrator,0.16,0.0185,T10 R13,died,0,0,0
b,L6-004 bistab-T10-R13.csv,gyrator,0.16,0.019,T10 R13,died,0,0,0
b,L6-004 bistab-T10-R13.csv,gyrator,0.16,0.0195,T10 R13,died,0,0,0
b,L6-004 bistab-T10-R13.csv,gyrator,0.16,0.02,T10 R13,died,0,0,0
b,L6-004 bistab-T10-R13.csv,gyrator,0.16,0.0205,T10 R13,died,0,0,0
b,L6-004 bistab-T10-R13.csv,gyrator,0.16,0.021,T10 R13,CIRCLER,0.54278,0.00109643,0.486346
b,L6-004 bistab-T10-R13.csv,gyrator,0.16,0.0215,T10 R13,CIRCLER,0.554295,0.00199881,0.494502
b,L6-004 bistab-T10-R13.csv,gyrator,0.16,0.022,T10 R13,CIRCLER,0.566742,0.00300111,0.502224
b,L6-004 bistab-T10-R13.csv,gyrator,0.16,0.0225,T10 R13,CIRCLER,0.580097,0.00308936,0.510364
b,L6-004 bistab-T10-R13.csv,gyrator,0.16,0.023,T10 R13,CIRCLER,0.594059,0.00274714,0.517883
b,L6-004 bistab-T10-R13.csv,gyrator,0.16,0.0235,T10 R13,CIRCLER,0.607249,0.00238555,0.524503
b,L6-004 bistab-T10-R13.csv,gyrator,0.16,0.024,T10 R13,CIRCLER,0.620644,0.000763563,0.529768
b,L6-004 bistab-T10-R13.csv,gyrator,0.16,0.0245,T10 R13,CIRCLER,0.634454,0.0016754,0.534204
b,L6-004 bistab-T10-R13.csv,gyrator,0.16,0.025,T10 R13,filled,20.7587,0.00132791,0.0490216
b,L6-004 bistab-T10-R13.csv,gyrator,0.16,0.0255,T10 R13,filled,20.8225,0.00285559,0.0917734
b,L6-004 bistab-T10-R13.csv,OG2g,0.16,0.018,T10 R13,died,0,0,0
b,L6-004 bistab-T10-R13.csv,OG2g,0.16,0.0185,T10 R13,died,0,0,0
b,L6-004 bistab-T10-R13.csv,OG2g,0.16,0.019,T10 R13,died,0,0,0
b,L6-004 bistab-T10-R13.csv,OG2g,0.16,0.0195,T10 R13,died,0,0,0
b,L6-004 bistab-T10-R13.csv,OG2g,0.16,0.02,T10 R13,STATIC,0.379331,5.24178e-07,2.43958e-05
b,L6-004 bistab-T10-R13.csv,OG2g,0.16,0.0205,T10 R13,filled,21.0328,0.00186282,0.165544
b,L6-004 bistab-T10-R13.csv,OG2g,0.16,0.021,T10 R13,died,0,0,0
b,L6-004 bistab-T10-R13.csv,OG2g,0.16,0.0215,T10 R13,died,0,0,0
b,L6-004 bistab-T10-R13.csv,OG2g,0.16,0.022,T10 R13,CIRCLER,0.56664,0.00285317,0.502085
b,L6-004 bistab-T10-R13.csv,OG2g,0.16,0.0225,T10 R13,CIRCLER,0.579955,0.00308763,0.510449
b,L6-004 bistab-T10-R13.csv,OG2g,0.16,0.023,T10 R13,CIRCLER,0.593954,0.00280402,0.51787
b,L6-004 bistab-T10-R13.csv,OG2g,0.16,0.0235,T10 R13,CIRCLER,0.608264,0.00287425,0.52352
b,L6-004 bistab-T10-R13.csv,OG2g,0.16,0.024,T10 R13,CIRCLER,0.621364,0.00125122,0.529064
b,L6-004 bistab-T10-R13.csv,OG2g,0.16,0.0245,T10 R13,CIRCLER,0.635266,0.00143495,0.533624
b,L6-004 bistab-T10-R13.csv,OG2g,0.16,0.025,T10 R13,filled,20.4461,0.00164888,0.106388
b,L6-004 bistab-T10-R13.csv,OG2g,0.16,0.0255,T10 R13,filled,20.8589,0.00299048,0.0687223
b,L6-004 bistab-T10-R26.csv,orbium,0.15,0.0185,T10 R26,GLIDER,0.468482,0.544695,0.544699
b,L6-004 bistab-T10-R26.csv,orbium,0.15,0.019,T10 R26,GLIDER,0.472852,0.55234,0.552344
b,L6-004 bistab-T10-R26.csv,orbium,0.15,0.0195,T10 R26,GLIDER,0.477063,0.559571,0.559575
b,L6-004 bistab-T10-R26.csv,orbium,0.15,0.02,T10 R26,GLIDER,0.481005,0.56655,0.566556
b,L6-004 bistab-T10-R26.csv,orbium,0.15,0.0205,T10 R26,died,0,0,0
b,L6-004 bistab-T10-R26.csv,orbium,0.15,0.021,T10 R26,filled,19.7881,0.000968959,0.00800114
b,L6-004 bistab-T10-R26.csv,orbium,0.15,0.0215,T10 R26,filled,19.4214,0.000499157,0.00993849
b,L6-004 bistab-T10-R26.csv,orbium,0.15,0.022,T10 R26,filled,19.6679,0.00110323,0.0140336
b,L6-004 bistab-T10-R26.csv,orbium,0.15,0.0225,T10 R26,filled,19.4148,0.000886976,0.00716427
b,L6-004 bistab-T10-R26.csv,orbium,0.15,0.023,T10 R26,filled,19.4085,0.0065073,0.0933539
b,L6-004 bistab-T10-R26.csv,gyrator,0.15,0.0185,T10 R26,STATIC,0.362294,1.42461e-06,1.70879e-06
b,L6-004 bistab-T10-R26.csv,gyrator,0.15,0.019,T10 R26,died,0,0,0
b,L6-004 bistab-T10-R26.csv,gyrator,0.15,0.0195,T10 R26,CIRCLER,0.512694,0.0029914,0.519582
b,L6-004 bistab-T10-R26.csv,gyrator,0.15,0.02,T10 R26,CIRCLER,0.523428,0.00321819,0.528094
b,L6-004 bistab-T10-R26.csv,gyrator,0.15,0.0205,T10 R26,CIRCLER,0.534705,0.00159496,0.536451
b,L6-004 bistab-T10-R26.csv,gyrator,0.15,0.021,T10 R26,CIRCLER,0.545984,0.000615201,0.543956
b,L6-004 bistab-T10-R26.csv,gyrator,0.15,0.0215,T10 R26,CIRCLER,0.557326,0.00256324,0.550914
b,L6-004 bistab-T10-R26.csv,gyrator,0.15,0.022,T10 R26,CIRCLER,0.568603,0.00330998,0.55739
b,L6-004 bistab-T10-R26.csv,gyrator,0.15,0.0225,T10 R26,CIRCLER,0.580541,0.00130553,0.563
b,L6-004 bistab-T10-R26.csv,gyrator,0.15,0.023,T10 R26,CIRCLER,0.592923,0.00157517,0.567592
b,L6-004 bistab-T10-R26.csv,OG2g,0.15,0.0185,T10 R26,died,0,0,0
b,L6-004 bistab-T10-R26.csv,OG2g,0.15,0.019,T10 R26,died,0,0,0
b,L6-004 bistab-T10-R26.csv,OG2g,0.15,0.0195,T10 R26,CIRCLER,0.512715,0.00294935,0.519606
b,L6-004 bistab-T10-R26.csv,OG2g,0.15,0.02,T10 R26,CIRCLER,0.523442,0.00314664,0.528114
b,L6-004 bistab-T10-R26.csv,OG2g,0.15,0.0205,T10 R26,CIRCLER,0.534617,0.00151761,0.536426
b,L6-004 bistab-T10-R26.csv,OG2g,0.15,0.021,T10 R26,CIRCLER,0.546155,0.000672846,0.543722
b,L6-004 bistab-T10-R26.csv,OG2g,0.15,0.0215,T10 R26,CIRCLER,0.557369,0.00262748,0.550734
b,L6-004 bistab-T10-R26.csv,OG2g,0.15,0.022,T10 R26,CIRCLER,0.568592,0.00320726,0.557418
b,L6-004 bistab-T10-R26.csv,OG2g,0.15,0.0225,T10 R26,CIRCLER,0.580339,0.000925038,0.563077
b,L6-004 bistab-T10-R26.csv,OG2g,0.15,0.023,T10 R26,CIRCLER,0.593052,0.00146754,0.567487
b,L6-004 bistab-T10-R26.csv,orbium,0.155,0.0185,T10 R26,GLIDER,0.474301,0.527965,0.527969
b,L6-004 bistab-T10-R26.csv,orbium,0.155,0.019,T10 R26,GLIDER,0.47873,0.535291,0.535299
b,L6-004 bistab-T10-R26.csv,orbium,0.155,0.0195,T10 R26,GLIDER,0.483078,0.542132,0.542135
b,L6-004 bistab-T10-R26.csv,orbium,0.155,0.02,T10 R26,GLIDER,0.487312,0.548516,0.54852
b,L6-004 bistab-T10-R26.csv,orbium,0.155,0.0205,T10 R26,GLIDER,0.491361,0.55465,0.554653
b,L6-004 bistab-T10-R26.csv,orbium,0.155,0.021,T10 R26,died,0,0,0
b,L6-004 bistab-T10-R26.csv,orbium,0.155,0.0215,T10 R26,CIRCLER,0.557655,0.00211635,0.524217
b,L6-004 bistab-T10-R26.csv,orbium,0.155,0.022,T10 R26,filled,20.3152,0.00377781,0.0141468
b,L6-004 bistab-T10-R26.csv,orbium,0.155,0.0225,T10 R26,filled,20.4745,0.00285735,0.0279496
b,L6-004 bistab-T10-R26.csv,orbium,0.155,0.023,T10 R26,filled,20.3363,0.00166094,0.0135829
b,L6-004 bistab-T10-R26.csv,gyrator,0.155,0.0185,T10 R26,died,0,0,0
b,L6-004 bistab-T10-R26.csv,gyrator,0.155,0.019,T10 R26,died,0,0,0
b,L6-004 bistab-T10-R26.csv,gyrator,0.155,0.0195,T10 R26,died,0,0,0
b,L6-004 bistab-T10-R26.csv,gyrator,0.155,0.02,T10 R26,died,0,0,0
b,L6-004 bistab-T10-R26.csv,gyrator,0.155,0.0205,T10 R26,CIRCLER,0.534189,0.000859211,0.508786
b,L6-004 bistab-T10-R26.csv,gyrator,0.155,0.021,T10 R26,CIRCLER,0.545531,0.000454349,0.516578
b,L6-004 bistab-T10-R26.csv,gyrator,0.155,0.0215,T10 R26,CIRCLER,0.557645,0.00181494,0.523766
b,L6-004 bistab-T10-R26.csv,gyrator,0.155,0.022,T10 R26,CIRCLER,0.569958,0.00289448,0.530781
b,L6-004 bistab-T10-R26.csv,gyrator,0.155,0.0225,T10 R26,CIRCLER,0.582249,0.00314355,0.53728
b,L6-004 bistab-T10-R26.csv,gyrator,0.155,0.023,T10 R26,CIRCLER,0.594459,0.00204504,0.543244
b,L6-004 bistab-T10-R26.csv,OG2g,0.155,0.0185,T10 R26,died,0,0,0
b,L6-004 bistab-T10-R26.csv,OG2g,0.155,0.019,T10 R26,died,0,0,0
b,L6-004 bistab-T10-R26.csv,OG2g,0.155,0.0195,T10 R26,died,0,0,0
b,L6-004 bistab-T10-R26.csv,OG2g,0.155,0.02,T10 R26,CIRCLER,0.523405,0.00195028,0.500352
b,L6-004 bistab-T10-R26.csv,OG2g,0.155,0.0205,T10 R26,CIRCLER,0.534211,0.00103545,0.508613
b,L6-004 bistab-T10-R26.csv,OG2g,0.155,0.021,T10 R26,CIRCLER,0.545538,0.000523727,0.516592
b,L6-004 bistab-T10-R26.csv,OG2g,0.155,0.0215,T10 R26,CIRCLER,0.557655,0.00182668,0.523875
b,L6-004 bistab-T10-R26.csv,OG2g,0.155,0.022,T10 R26,CIRCLER,0.570056,0.00286867,0.530834
b,L6-004 bistab-T10-R26.csv,OG2g,0.155,0.0225,T10 R26,CIRCLER,0.58222,0.00311414,0.537329
b,L6-004 bistab-T10-R26.csv,OG2g,0.155,0.023,T10 R26,CIRCLER,0.594465,0.00203468,0.543139
b,L6-004 bistab-T40-R13.csv,orbium,0.15,0.0185,T40 R13,GLIDER,0.463129,0.609561,0.6097
b,L6-004 bistab-T40-R13.csv,orbium,0.15,0.019,T40 R13,died,0,0,0
b,L6-004 bistab-T40-R13.csv,orbium,0.15,0.0195,T40 R13,died,0,0,0
b,L6-004 bistab-T40-R13.csv,orbium,0.15,0.02,T40 R13,died,0,0,0
b,L6-004 bistab-T40-R13.csv,orbium,0.15,0.0205,T40 R13,died,0,0,0
b,L6-004 bistab-T40-R13.csv,orbium,0.15,0.021,T40 R13,died,0,0,0
b,L6-004 bistab-T40-R13.csv,orbium,0.15,0.0215,T40 R13,filled,19.7242,0.00236484,0.146812
b,L6-004 bistab-T40-R13.csv,orbium,0.15,0.022,T40 R13,filled,19.502,0.000607101,0.204053
b,L6-004 bistab-T40-R13.csv,orbium,0.15,0.0225,T40 R13,filled,19.364,0.00229649,0.114861
b,L6-004 bistab-T40-R13.csv,orbium,0.15,0.023,T40 R13,filled,19.2313,0.000779299,0.0531409
b,L6-004 bistab-T40-R13.csv,gyrator,0.15,0.0185,T40 R13,CIRCLER,0.469552,0.00196748,0.568565
b,L6-004 bistab-T40-R13.csv,gyrator,0.15,0.019,T40 R13,CIRCLER,0.476587,0.00164851,0.580466
b,L6-004 bistab-T40-R13.csv,gyrator,0.15,0.0195,T40 R13,CIRCLER,0.484218,0.00280439,0.590381
b,L6-004 bistab-T40-R13.csv,gyrator,0.15,0.02,T40 R13,CIRCLER,0.492201,0.00201485,0.600251
b,L6-004 bistab-T40-R13.csv,gyrator,0.15,0.0205,T40 R13,CIRCLER,0.500436,0.00269505,0.609807
b,L6-004 bistab-T40-R13.csv,gyrator,0.15,0.021,T40 R13,CIRCLER,0.509342,0.00238531,0.61752
b,L6-004 bistab-T40-R13.csv,gyrator,0.15,0.0215,T40 R13,CIRCLER,0.518173,0.00245486,0.627526
b,L6-004 bistab-T40-R13.csv,gyrator,0.15,0.022,T40 R13,CIRCLER,0.527584,0.00267226,0.635579
b,L6-004 bistab-T40-R13.csv,gyrator,0.15,0.0225,T40 R13,CIRCLER,0.537784,0.000226887,0.643332
b,L6-004 bistab-T40-R13.csv,gyrator,0.15,0.023,T40 R13,CIRCLER,0.549012,0.00240326,0.649198
b,L6-004 bistab-T40-R13.csv,OG2g,0.15,0.0185,T40 R13,died,0,0,0
b,L6-004 bistab-T40-R13.csv,OG2g,0.15,0.019,T40 R13,CIRCLER,0.476569,0.00257842,0.580531
b,L6-004 bistab-T40-R13.csv,OG2g,0.15,0.0195,T40 R13,CIRCLER,0.484013,0.00276179,0.59136
b,L6-004 bistab-T40-R13.csv,OG2g,0.15,0.02,T40 R13,CIRCLER,0.49208,0.000183228,0.600654
b,L6-004 bistab-T40-R13.csv,OG2g,0.15,0.0205,T40 R13,CIRCLER,0.500476,0.00382354,0.609737
b,L6-004 bistab-T40-R13.csv,OG2g,0.15,0.021,T40 R13,CIRCLER,0.50922,0.00215558,0.618127
b,L6-004 bistab-T40-R13.csv,OG2g,0.15,0.0215,T40 R13,CIRCLER,0.51819,0.00196436,0.627716
b,L6-004 bistab-T40-R13.csv,OG2g,0.15,0.022,T40 R13,CIRCLER,0.527587,0.00273109,0.635522
b,L6-004 bistab-T40-R13.csv,OG2g,0.15,0.0225,T40 R13,CIRCLER,0.537881,0.000210224,0.643334
b,L6-004 bistab-T40-R13.csv,OG2g,0.15,0.023,T40 R13,CIRCLER,0.549228,0.00208948,0.648755
b,L6-004 bistab-T40-R13.csv,orbium,0.155,0.0185,T40 R13,GLIDER,0.470104,0.587055,0.587114
b,L6-004 bistab-T40-R13.csv,orbium,0.155,0.019,T40 R13,GLIDER,0.473651,0.598228,0.598309
b,L6-004 bistab-T40-R13.csv,orbium,0.155,0.0195,T40 R13,died,0,0,0
b,L6-004 bistab-T40-R13.csv,orbium,0.155,0.02,T40 R13,STATIC,0.38735,1.7416e-06,0.00015726
b,L6-004 bistab-T40-R13.csv,orbium,0.155,0.0205,T40 R13,died,0,0,0
b,L6-004 bistab-T40-R13.csv,orbium,0.155,0.021,T40 R13,died,0,0,0
b,L6-004 bistab-T40-R13.csv,orbium,0.155,0.0215,T40 R13,died,0,0,0
b,L6-004 bistab-T40-R13.csv,orbium,0.155,0.022,T40 R13,filled,20.1572,0.00766248,0.108156
b,L6-004 bistab-T40-R13.csv,orbium,0.155,0.0225,T40 R13,filled,20.1794,0.00500257,0.114741
b,L6-004 bistab-T40-R13.csv,orbium,0.155,0.023,T40 R13,filled,19.8921,0.00335728,0.0871858
b,L6-004 bistab-T40-R13.csv,gyrator,0.155,0.0185,T40 R13,died,0,0,0
b,L6-004 bistab-T40-R13.csv,gyrator,0.155,0.019,T40 R13,CIRCLER,0.483104,0.00242845,0.542501
b,L6-004 bistab-T40-R13.csv,gyrator,0.155,0.0195,T40 R13,CIRCLER,0.490028,0.00144979,0.553955
b,L6-004 bistab-T40-R13.csv,gyrator,0.155,0.02,T40 R13,CIRCLER,0.497412,0.00155335,0.564829
b,L6-004 bistab-T40-R13.csv,gyrator,0.155,0.0205,T40 R13,CIRCLER,0.505372,0.00159488,0.574631
b,L6-004 bistab-T40-R13.csv,gyrator,0.155,0.021,T40 R13,CIRCLER,0.513481,0.00252752,0.583835
b,L6-004 bistab-T40-R13.csv,gyrator,0.155,0.0215,T40 R13,CIRCLER,0.522168,0.00117387,0.591874
b,L6-004 bistab-T40-R13.csv,gyrator,0.155,0.022,T40 R13,CIRCLER,0.53146,0.00295138,0.599632
b,L6-004 bistab-T40-R13.csv,gyrator,0.155,0.0225,T40 R13,CIRCLER,0.540925,0.00162077,0.607801
b,L6-004 bistab-T40-R13.csv,gyrator,0.155,0.023,T40 R13,CIRCLER,0.550756,0.00198535,0.616111
b,L6-004 bistab-T40-R13.csv,OG2g,0.155,0.0185,T40 R13,died,0,0,0
b,L6-004 bistab-T40-R13.csv,OG2g,0.155,0.019,T40 R13,STATIC,0.365855,7.40087e-05,0.00150397
b,L6-004 bistab-T40-R13.csv,OG2g,0.155,0.0195,T40 R13,filled,20.3273,0.0426035,0.393533
b,L6-004 bistab-T40-R13.csv,OG2g,0.155,0.02,T40 R13,CIRCLER,0.497276,0.00214196,0.565553
b,L6-004 bistab-T40-R13.csv,OG2g,0.155,0.0205,T40 R13,CIRCLER,0.505387,0.00232278,0.574287
b,L6-004 bistab-T40-R13.csv,OG2g,0.155,0.021,T40 R13,CIRCLER,0.513843,0.00262668,0.582494
b,L6-004 bistab-T40-R13.csv,OG2g,0.155,0.0215,T40 R13,CIRCLER,0.5222,0.00108957,0.59178
b,L6-004 bistab-T40-R13.csv,OG2g,0.155,0.022,T40 R13,CIRCLER,0.531453,0.00298384,0.599623
b,L6-004 bistab-T40-R13.csv,OG2g,0.155,0.0225,T40 R13,CIRCLER,0.540911,0.00164772,0.607783
b,L6-004 bistab-T40-R13.csv,OG2g,0.155,0.023,T40 R13,CIRCLER,0.550785,0.00208199,0.616336
