slice,lambda,class_250tu,class_500tu,class_1000tu,mass,is_S103
fine,0.1,GLIDER,GLIDER,GLIDER,0.48728,False
fine,0.101,GLIDER,GLIDER,GLIDER,0.48729,False
fine,0.102,GLIDER,GLIDER,GLIDER,0.48729,False
fine,0.103,GLIDER,GLIDER,GLIDER,0.48739,False
fine,0.104,GLIDER,GLIDER,GLIDER,0.48729,False
fine,0.105,GLIDER,GLIDER,GLIDER,0.48728,False
fine,0.106,GLIDER,GLIDER,GLIDER,0.48728,False
fine,0.107,GLIDER,GLIDER,GLIDER,0.48728,False
fine,0.108,DIED,DIED,DIED,0.0,False
fine,0.109,DIED,DIED,DIED,0.0,False
fine,0.11,DIED,DIED,DIED,0.0,False
fine,0.111,DIED,DIED,DIED,0.0,False
fine,0.112,DIED,DIED,DIED,0.0,False
fine,0.113,DIED,DIED,DIED,0.0,False
fine,0.114,DIED,DIED,DIED,0.0,False
fine,0.115,DIED,DIED,DIED,0.0,False
fine,0.116,DIED,DIED,DIED,0.0,False
fine,0.117,DIED,DIED,DIED,0.0,False
fine,0.118,DIED,DIED,DIED,0.0,False
fine,0.119,DIED,DIED,DIED,0.0,False
fine,0.12,DIED,DIED,DIED,0.0,False
fine,0.121,DIED,DIED,DIED,0.0,False
fine,0.122,DIED,DIED,DIED,0.0,False
fine,0.123,DIED,DIED,DIED,0.0,False
fine,0.124,DIED,DIED,DIED,0.0,False
fine,0.125,DIED,DIED,DIED,0.0,False
fine,0.126,DIED,DIED,DIED,0.0,False
fine,0.127,DIED,DIED,DIED,0.0,False
fine,0.128,DIED,DIED,DIED,0.0,False
fine,0.129,DIED,DIED,DIED,0.0,False
fine,0.13,DIED,DIED,DIED,0.0,False
fine,0.131,DIED,DIED,DIED,0.0,False
fine,0.132,DIED,DIED,DIED,0.0,False
fine,0.133,DIED,DIED,DIED,0.0,False
fine,0.134,DIED,DIED,DIED,0.0,False
fine,0.135,DIED,DIED,DIED,0.0,False
fine,0.136,DIED,DIED,DIED,0.0,False
fine,0.137,DIED,DIED,DIED,0.0,False
fine,0.138,DIED,DIED,DIED,0.0,False
fine,0.139,DIED,DIED,DIED,0.0,False
fine,0.14,DIED,DIED,DIED,0.0,False
fine,0.141,DIED,DIED,DIED,0.0,False
fine,0.142,DIED,DIED,DIED,0.0,False
fine,0.143,DIED,DIED,DIED,0.0,False
fine,0.144,DIED,DIED,DIED,0.0,False
fine,0.145,DIED,DIED,DIED,0.0,False
fine,0.146,DIED,DIED,DIED,0.0,False
fine,0.147,DIED,DIED,DIED,0.0,False
fine,0.148,DIED,DIED,DIED,0.0,False
fine,0.149,DIED,DIED,DIED,0.0,False
fine,0.15,DIED,DIED,DIED,0.0,False
fine,0.151,DIED,DIED,DIED,0.0,False
fine,0.152,DIED,DIED,DIED,0.0,False
fine,0.153,DIED,DIED,DIED,0.0,False
fine,0.154,DIED,DIED,DIED,0.0,False
fine,0.155,DIED,DIED,DIED,0.0,False
fine,0.156,DIED,DIED,DIED,0.0,False
fine,0.157,DIED,DIED,DIED,0.0,False
fine,0.158,DIED,DIED,DIED,0.0,False
fine,0.159,DIED,DIED,DIED,0.0,False
fine,0.16,DIED,DIED,DIED,0.0,False
fine,0.161,DIED,DIED,DIED,0.0,False
fine,0.162,DIED,DIED,DIED,0.0,False
fine,0.163,DIED,DIED,DIED,0.0,False
fine,0.164,DIED,DIED,DIED,0.0,False
fine,0.165,DIED,DIED,DIED,0.0,False
fine,0.166,DIED,DIED,DIED,0.0,False
fine,0.167,DIED,DIED,DIED,0.0,False
fine,0.168,DIED,DIED,DIED,0.0,False
fine,0.169,DIED,DIED,DIED,0.0,False
fine,0.17,STATIC,STATIC,STATIC,0.37517,False
fine,0.171,DIED,DIED,DIED,0.0,False
fine,0.172,STATIC,STATIC,STATIC,0.3787,False
fine,0.173,STATIC,STATIC,STATIC,0.3787,False
fine,0.174,DIED,DIED,DIED,0.0,False
fine,0.175,DIED,DIED,DIED,0.0,False
fine,0.176,DIED,DIED,DIED,0.0,False
fine,0.177,DIED,DIED,DIED,0.0,False
fine,0.178,DIED,DIED,DIED,0.0,False
fine,0.179,DIED,DIED,DIED,0.0,False
fine,0.18,DIED,DIED,DIED,0.0,False
fine,0.181,DIED,DIED,DIED,0.0,False
fine,0.182,DIED,DIED,DIED,0.0,False
fine,0.183,DIED,DIED,DIED,0.0,False
fine,0.184,DIED,DIED,DIED,0.0,False
fine,0.185,DIED,DIED,DIED,0.0,False
fine,0.186,DIED,DIED,DIED,0.0,False
fine,0.187,DIED,DIED,DIED,0.0,False
fine,0.188,DIED,DIED,DIED,0.0,False
fine,0.189,DIED,DIED,DIED,0.0,False
fine,0.19,DIED,DIED,DIED,0.0,False
fine,0.191,STATIC,STATIC,STATIC,0.3787,False
fine,0.192,STATIC,STATIC,STATIC,0.3787,False
fine,0.193,STATIC,STATIC,STATIC,0.3787,False
fine,0.194,STATIC,STATIC,STATIC,0.3787,False
fine,0.195,FILLED,FILLED,FILLED,20.66408,False
fine,0.196,FILLED,FILLED,FILLED,20.51469,False
fine,0.197,FILLED,FILLED,FILLED,20.46942,False
fine,0.198,FILLED,FILLED,FILLED,20.62053,False
fine,0.199,STATIC,STATIC,STATIC,0.3787,False
fine,0.2,STATIC,STATIC,STATIC,0.3787,False
fine,0.201,STATIC,STATIC,STATIC,0.3787,False
fine,0.202,STATIC,STATIC,STATIC,0.3787,False
fine,0.203,STATIC,STATIC,STATIC,0.3787,True
fine,0.204,STATIC,STATIC,STATIC,0.3787,False
fine,0.205,STATIC,STATIC,STATIC,0.3787,False
fine,0.206,STATIC,STATIC,STATIC,0.38733,False
fine,0.207,STATIC,STATIC,STATIC,0.37773,False
fine,0.208,FILLED,FILLED,FILLED,20.40654,False
fine,0.209,FILLED,FILLED,FILLED,20.49497,False
fine,0.21,FILLED,FILLED,FILLED,20.44997,False
fine,0.211,DIED,DIED,DIED,0.0,False
fine,0.212,DIED,DIED,DIED,0.0,False
fine,0.213,DIED,DIED,DIED,0.0,False
fine,0.214,DIED,DIED,DIED,0.0,False
fine,0.215,DIED,DIED,DIED,0.0,False
fine,0.216,DIED,DIED,DIED,0.0,False
fine,0.217,DIED,DIED,DIED,0.0,False
fine,0.218,DIED,DIED,DIED,0.0,False
fine,0.219,DIED,DIED,DIED,0.0,False
fine,0.22,DIED,DIED,DIED,0.0,False
fine,0.221,DIED,DIED,DIED,0.0,False
fine,0.222,DIED,DIED,DIED,0.0,False
fine,0.223,DIED,DIED,DIED,0.0,False
fine,0.224,DIED,DIED,DIED,0.0,False
fine,0.225,DIED,DIED,DIED,0.0,False
fine,0.226,DIED,DIED,DIED,0.0,False
fine,0.227,DIED,DIED,DIED,0.0,False
fine,0.228,DIED,DIED,DIED,0.0,False
fine,0.229,DIED,DIED,DIED,0.0,False
fine,0.23,DIED,DIED,DIED,0.0,False
fine,0.231,DIED,DIED,DIED,0.0,False
fine,0.232,DIED,DIED,DIED,0.0,False
fine,0.233,DIED,DIED,DIED,0.0,False
fine,0.234,DIED,DIED,DIED,0.0,False
fine,0.235,DIED,DIED,DIED,0.0,False
fine,0.236,DIED,DIED,DIED,0.0,False
fine,0.237,DIED,DIED,DIED,0.0,False
fine,0.238,DIED,DIED,DIED,0.0,False
fine,0.239,DIED,DIED,DIED,0.0,False
fine,0.24,DIED,DIED,DIED,0.0,False
fine,0.241,DIED,DIED,DIED,0.0,False
fine,0.242,DIED,DIED,DIED,0.0,False
fine,0.243,DIED,DIED,DIED,0.0,False
fine,0.244,DIED,DIED,DIED,0.0,False
fine,0.245,DIED,DIED,DIED,0.0,False
fine,0.246,DIED,DIED,DIED,0.0,False
fine,0.247,DIED,DIED,DIED,0.0,False
fine,0.248,DIED,DIED,DIED,0.0,False
fine,0.249,DIED,DIED,DIED,0.0,False
fine,0.25,DIED,DIED,DIED,0.0,False
fine,0.5,DIED,DIED,DIED,0.0,False
fine,0.501,DIED,DIED,DIED,0.0,False
fine,0.502,DIED,DIED,DIED,0.0,False
fine,0.503,DIED,DIED,DIED,0.0,False
fine,0.504,DIED,DIED,DIED,0.0,False
fine,0.505,DIED,DIED,DIED,0.0,False
fine,0.506,DIED,DIED,DIED,0.0,False
fine,0.507,FILLED,FILLED,FILLED,20.55519,False
fine,0.508,DIED,DIED,DIED,0.0,False
fine,0.509,DIED,DIED,DIED,0.0,False
fine,0.51,DIED,DIED,DIED,0.0,False
fine,0.511,DIED,DIED,DIED,0.0,False
fine,0.512,DIED,DIED,DIED,0.0,False
fine,0.513,DIED,DIED,DIED,0.0,False
fine,0.514,DIED,DIED,DIED,0.0,False
fine,0.515,DIED,DIED,DIED,0.0,False
fine,0.516,DIED,DIED,DIED,0.0,False
fine,0.517,DIED,DIED,DIED,0.0,False
fine,0.518,DIED,DIED,DIED,0.0,False
fine,0.519,CIRCLER,CIRCLER,CIRCLER,0.52213,False
fine,0.52,CIRCLER,CIRCLER,CIRCLER,0.52226,False
fine,0.521,CIRCLER,CIRCLER,CIRCLER,0.52225,False
fine,0.522,CIRCLER,CIRCLER,CIRCLER,0.52276,False
fine,0.523,DIED,DIED,DIED,0.0,False
fine,0.524,DIED,DIED,DIED,0.0,False
fine,0.525,DIED,DIED,DIED,0.0,False
fine,0.526,FILLED,FILLED,FILLED,20.48026,False
fine,0.527,DIED,DIED,DIED,0.0,False
fine,0.528,DIED,DIED,DIED,0.0,False
fine,0.529,DIED,DIED,DIED,0.0,False
fine,0.53,DIED,DIED,DIED,0.0,False
fine,0.531,DIED,DIED,DIED,0.0,False
fine,0.532,DIED,DIED,DIED,0.0,False
fine,0.533,DIED,DIED,DIED,0.0,False
fine,0.534,DIED,DIED,DIED,0.0,False
fine,0.535,FILLED,FILLED,FILLED,20.51834,False
fine,0.536,FILLED,FILLED,FILLED,20.32248,False
fine,0.537,FILLED,FILLED,FILLED,20.60571,False
fine,0.538,FILLED,FILLED,FILLED,20.32842,False
fine,0.539,FILLED,FILLED,FILLED,20.20111,False
fine,0.54,FILLED,FILLED,FILLED,20.28205,False
fine,0.541,FILLED,FILLED,FILLED,20.54662,False
fine,0.542,FILLED,FILLED,FILLED,20.16114,False
fine,0.543,FILLED,FILLED,FILLED,20.48844,False
fine,0.544,FILLED,FILLED,FILLED,20.42614,False
fine,0.545,FILLED,FILLED,FILLED,20.59627,False
fine,0.546,FILLED,FILLED,FILLED,20.38504,False
fine,0.547,FILLED,FILLED,FILLED,20.36168,False
fine,0.548,FILLED,FILLED,FILLED,20.24579,False
fine,0.549,FILLED,FILLED,FILLED,20.29414,False
fine,0.55,FILLED,FILLED,FILLED,20.47414,False
fine,0.551,FILLED,FILLED,FILLED,20.475,False
fine,0.552,FILLED,FILLED,FILLED,20.34079,False
fine,0.553,FILLED,FILLED,FILLED,20.43634,False
fine,0.554,FILLED,FILLED,FILLED,20.49025,False
fine,0.555,FILLED,FILLED,FILLED,20.79263,False
fine,0.556,FILLED,FILLED,FILLED,20.48455,False
fine,0.557,FILLED,FILLED,FILLED,20.23638,False
fine,0.558,FILLED,FILLED,FILLED,20.66902,False
fine,0.559,FILLED,FILLED,FILLED,20.61842,False
fine,0.56,FILLED,FILLED,FILLED,20.45694,False
fine,0.561,FILLED,FILLED,FILLED,20.52998,False
fine,0.562,FILLED,FILLED,FILLED,20.32593,False
fine,0.563,FILLED,FILLED,FILLED,20.49706,False
fine,0.564,FILLED,FILLED,FILLED,20.54561,False
fine,0.565,FILLED,FILLED,FILLED,20.59009,False
fine,0.566,FILLED,FILLED,FILLED,20.58225,False
fine,0.567,FILLED,FILLED,FILLED,20.52203,False
fine,0.568,FILLED,FILLED,FILLED,20.63878,False
fine,0.569,FILLED,FILLED,FILLED,20.51131,False
fine,0.57,FILLED,FILLED,FILLED,20.59275,False
fine,0.571,FILLED,FILLED,FILLED,20.44152,False
fine,0.572,FILLED,FILLED,FILLED,20.20872,False
fine,0.573,FILLED,FILLED,FILLED,20.71789,False
fine,0.574,FILLED,FILLED,FILLED,20.74996,False
fine,0.575,FILLED,FILLED,FILLED,20.4903,False
fine,0.576,FILLED,FILLED,FILLED,20.49779,False
fine,0.577,FILLED,FILLED,FILLED,20.50426,False
fine,0.578,FILLED,FILLED,FILLED,20.46017,False
fine,0.579,FILLED,FILLED,FILLED,20.58152,False
fine,0.58,FILLED,FILLED,FILLED,20.58345,False
fine,0.581,FILLED,FILLED,FILLED,20.50067,False
fine,0.582,FILLED,FILLED,FILLED,20.40572,False
fine,0.583,FILLED,FILLED,FILLED,20.40759,False
fine,0.584,FILLED,FILLED,FILLED,20.67033,False
fine,0.585,STATIC,STATIC,STATIC,0.3787,False
fine,0.586,STATIC,STATIC,STATIC,0.3787,False
fine,0.587,STATIC,STATIC,STATIC,0.3787,False
fine,0.588,STATIC,STATIC,STATIC,0.3787,False
fine,0.589,STATIC,STATIC,STATIC,0.3787,False
fine,0.59,STATIC,STATIC,STATIC,0.3787,False
fine,0.591,STATIC,STATIC,STATIC,0.3787,False
fine,0.592,STATIC,STATIC,STATIC,0.3787,False
fine,0.593,STATIC,STATIC,STATIC,0.3787,False
fine,0.594,STATIC,STATIC,STATIC,0.3787,False
fine,0.595,STATIC,STATIC,STATIC,0.3787,False
fine,0.596,STATIC,STATIC,STATIC,0.3787,False
fine,0.597,STATIC,STATIC,STATIC,0.3787,False
fine,0.598,STATIC,STATIC,STATIC,0.3787,False
fine,0.599,STATIC,STATIC,STATIC,0.3787,False
fine,0.6,STATIC,STATIC,STATIC,0.3787,False
twin,0.1,GLIDER,GLIDER,GLIDER,0.48729,False
twin,0.101,GLIDER,GLIDER,GLIDER,0.48728,False
twin,0.102,GLIDER,GLIDER,GLIDER,0.48728,False
twin,0.103,GLIDER,GLIDER,GLIDER,0.48738,False
twin,0.104,GLIDER,GLIDER,GLIDER,0.48728,False
twin,0.105,GLIDER,GLIDER,GLIDER,0.48729,False
twin,0.106,GLIDER,GLIDER,GLIDER,0.48729,False
twin,0.107,GLIDER,GLIDER,GLIDER,0.48728,False
twin,0.108,DIED,DIED,DIED,0.0,False
twin,0.109,DIED,DIED,DIED,0.0,False
twin,0.11,DIED,DIED,DIED,0.0,False
twin,0.111,DIED,DIED,DIED,0.0,False
twin,0.112,DIED,DIED,DIED,0.0,False
twin,0.113,DIED,DIED,DIED,0.0,False
twin,0.114,DIED,DIED,DIED,0.0,False
twin,0.115,DIED,DIED,DIED,0.0,False
twin,0.116,DIED,DIED,DIED,0.0,False
twin,0.117,DIED,DIED,DIED,0.0,False
twin,0.118,DIED,DIED,DIED,0.0,False
twin,0.119,DIED,DIED,DIED,0.0,False
twin,0.12,DIED,DIED,DIED,0.0,False
twin,0.121,DIED,DIED,DIED,0.0,False
twin,0.122,DIED,DIED,DIED,0.0,False
twin,0.123,DIED,DIED,DIED,0.0,False
twin,0.124,DIED,DIED,DIED,0.0,False
twin,0.125,DIED,DIED,DIED,0.0,False
twin,0.126,DIED,DIED,DIED,0.0,False
twin,0.127,DIED,DIED,DIED,0.0,False
twin,0.128,DIED,DIED,DIED,0.0,False
twin,0.129,DIED,DIED,DIED,0.0,False
twin,0.13,DIED,DIED,DIED,0.0,False
twin,0.131,DIED,DIED,DIED,0.0,False
twin,0.132,DIED,DIED,DIED,0.0,False
twin,0.133,DIED,DIED,DIED,0.0,False
twin,0.134,DIED,DIED,DIED,0.0,False
twin,0.135,DIED,DIED,DIED,0.0,False
twin,0.136,DIED,DIED,DIED,0.0,False
twin,0.137,DIED,DIED,DIED,0.0,False
twin,0.138,DIED,DIED,DIED,0.0,False
twin,0.139,DIED,DIED,DIED,0.0,False
twin,0.14,DIED,DIED,DIED,0.0,False
twin,0.141,DIED,DIED,DIED,0.0,False
twin,0.142,DIED,DIED,DIED,0.0,False
twin,0.143,DIED,DIED,DIED,0.0,False
twin,0.144,DIED,DIED,DIED,0.0,False
twin,0.145,DIED,DIED,DIED,0.0,False
twin,0.146,DIED,DIED,DIED,0.0,False
twin,0.147,DIED,DIED,DIED,0.0,False
twin,0.148,DIED,DIED,DIED,0.0,False
twin,0.149,DIED,DIED,DIED,0.0,False
twin,0.15,DIED,DIED,DIED,0.0,False
twin,0.151,DIED,DIED,DIED,0.0,False
twin,0.152,DIED,DIED,DIED,0.0,False
twin,0.153,DIED,DIED,DIED,0.0,False
twin,0.154,DIED,DIED,DIED,0.0,False
twin,0.155,DIED,DIED,DIED,0.0,False
twin,0.156,DIED,DIED,DIED,0.0,False
twin,0.157,DIED,DIED,DIED,0.0,False
twin,0.158,DIED,DIED,DIED,0.0,False
twin,0.159,DIED,DIED,DIED,0.0,False
twin,0.16,DIED,DIED,DIED,0.0,False
twin,0.161,DIED,DIED,DIED,0.0,False
twin,0.162,DIED,DIED,DIED,0.0,False
twin,0.163,DIED,DIED,DIED,0.0,False
twin,0.164,DIED,DIED,DIED,0.0,False
twin,0.165,DIED,DIED,DIED,0.0,False
twin,0.166,DIED,DIED,DIED,0.0,False
twin,0.167,DIED,DIED,DIED,0.0,False
twin,0.168,DIED,DIED,DIED,0.0,False
twin,0.169,DIED,DIED,DIED,0.0,False
twin,0.17,STATIC,STATIC,STATIC,0.37517,False
twin,0.171,DIED,DIED,DIED,0.0,False
twin,0.172,STATIC,STATIC,STATIC,0.3787,False
twin,0.173,STATIC,STATIC,STATIC,0.3787,False
twin,0.174,DIED,DIED,DIED,0.0,False
twin,0.175,DIED,DIED,DIED,0.0,False
twin,0.176,DIED,DIED,DIED,0.0,False
twin,0.177,DIED,DIED,DIED,0.0,False
twin,0.178,DIED,DIED,DIED,0.0,False
twin,0.179,DIED,DIED,DIED,0.0,False
twin,0.18,DIED,DIED,DIED,0.0,False
twin,0.181,DIED,DIED,DIED,0.0,False
twin,0.182,DIED,DIED,DIED,0.0,False
twin,0.183,DIED,DIED,DIED,0.0,False
twin,0.184,DIED,DIED,DIED,0.0,False
twin,0.185,DIED,DIED,DIED,0.0,False
twin,0.186,DIED,DIED,DIED,0.0,False
twin,0.187,DIED,DIED,DIED,0.0,False
twin,0.188,DIED,DIED,DIED,0.0,False
twin,0.189,DIED,DIED,DIED,0.0,False
twin,0.19,DIED,DIED,DIED,0.0,False
twin,0.191,STATIC,STATIC,STATIC,0.3787,False
twin,0.192,STATIC,STATIC,STATIC,0.3787,False
twin,0.193,STATIC,STATIC,STATIC,0.3787,False
twin,0.194,STATIC,STATIC,STATIC,0.3787,False
twin,0.195,FILLED,FILLED,FILLED,20.61256,False
twin,0.196,FILLED,FILLED,FILLED,20.55294,False
twin,0.197,FILLED,FILLED,FILLED,20.50973,False
twin,0.198,FILLED,FILLED,FILLED,20.68336,False
twin,0.199,STATIC,STATIC,STATIC,0.3787,False
twin,0.2,STATIC,STATIC,STATIC,0.3787,False
twin,0.201,STATIC,STATIC,STATIC,0.3787,False
twin,0.202,STATIC,STATIC,STATIC,0.3787,False
twin,0.203,STATIC,STATIC,STATIC,0.3787,True
twin,0.204,STATIC,STATIC,STATIC,0.3787,False
twin,0.205,STATIC,STATIC,STATIC,0.3787,False
twin,0.206,STATIC,STATIC,STATIC,0.38733,False
twin,0.207,STATIC,STATIC,STATIC,0.37773,False
twin,0.208,FILLED,FILLED,FILLED,20.48117,False
twin,0.209,FILLED,FILLED,FILLED,20.56875,False
twin,0.21,FILLED,FILLED,FILLED,20.39338,False
twin,0.211,DIED,DIED,DIED,0.0,False
twin,0.212,DIED,DIED,DIED,0.0,False
twin,0.213,DIED,DIED,DIED,0.0,False
twin,0.214,DIED,DIED,DIED,0.0,False
twin,0.215,DIED,DIED,DIED,0.0,False
twin,0.216,DIED,DIED,DIED,0.0,False
twin,0.217,DIED,DIED,DIED,0.0,False
twin,0.218,DIED,DIED,DIED,0.0,False
twin,0.219,DIED,DIED,DIED,0.0,False
twin,0.22,DIED,DIED,DIED,0.0,False
twin,0.221,DIED,DIED,DIED,0.0,False
twin,0.222,DIED,DIED,DIED,0.0,False
twin,0.223,DIED,DIED,DIED,0.0,False
twin,0.224,DIED,DIED,DIED,0.0,False
twin,0.225,DIED,DIED,DIED,0.0,False
twin,0.226,DIED,DIED,DIED,0.0,False
twin,0.227,DIED,DIED,DIED,0.0,False
twin,0.228,DIED,DIED,DIED,0.0,False
twin,0.229,DIED,DIED,DIED,0.0,False
twin,0.23,DIED,DIED,DIED,0.0,False
twin,0.231,DIED,DIED,DIED,0.0,False
twin,0.232,DIED,DIED,DIED,0.0,False
twin,0.233,DIED,DIED,DIED,0.0,False
twin,0.234,DIED,DIED,DIED,0.0,False
twin,0.235,DIED,DIED,DIED,0.0,False
twin,0.236,DIED,DIED,DIED,0.0,False
twin,0.237,DIED,DIED,DIED,0.0,False
twin,0.238,DIED,DIED,DIED,0.0,False
twin,0.239,DIED,DIED,DIED,0.0,False
twin,0.24,DIED,DIED,DIED,0.0,False
twin,0.241,DIED,DIED,DIED,0.0,False
twin,0.242,DIED,DIED,DIED,0.0,False
twin,0.243,DIED,DIED,DIED,0.0,False
twin,0.244,DIED,DIED,DIED,0.0,False
twin,0.245,DIED,DIED,DIED,0.0,False
twin,0.246,DIED,DIED,DIED,0.0,False
twin,0.247,DIED,DIED,DIED,0.0,False
twin,0.248,DIED,DIED,DIED,0.0,False
twin,0.249,DIED,DIED,DIED,0.0,False
twin,0.25,DIED,DIED,DIED,0.0,False
twin,0.5,DIED,DIED,DIED,0.0,False
twin,0.501,DIED,DIED,DIED,0.0,False
twin,0.502,DIED,DIED,DIED,0.0,False
twin,0.503,DIED,DIED,DIED,0.0,False
twin,0.504,DIED,DIED,DIED,0.0,False
twin,0.505,DIED,DIED,DIED,0.0,False
twin,0.506,DIED,DIED,DIED,0.0,False
twin,0.507,FILLED,FILLED,FILLED,20.43578,False
twin,0.508,DIED,DIED,DIED,0.0,False
twin,0.509,DIED,DIED,DIED,0.0,False
twin,0.51,DIED,DIED,DIED,0.0,False
twin,0.511,DIED,DIED,DIED,0.0,False
twin,0.512,DIED,DIED,DIED,0.0,False
twin,0.513,DIED,DIED,DIED,0.0,False
twin,0.514,DIED,DIED,DIED,0.0,False
twin,0.515,DIED,DIED,DIED,0.0,False
twin,0.516,DIED,DIED,DIED,0.0,False
twin,0.517,DIED,DIED,DIED,0.0,False
twin,0.518,DIED,DIED,DIED,0.0,False
twin,0.519,CIRCLER,CIRCLER,CIRCLER,0.52245,False
twin,0.52,CIRCLER,CIRCLER,CIRCLER,0.52288,False
twin,0.521,CIRCLER,CIRCLER,CIRCLER,0.52205,False
twin,0.522,CIRCLER,CIRCLER,CIRCLER,0.52245,False
twin,0.523,DIED,DIED,DIED,0.0,False
twin,0.524,DIED,DIED,DIED,0.0,False
twin,0.525,DIED,DIED,DIED,0.0,False
twin,0.526,FILLED,FILLED,FILLED,20.54047,False
twin,0.527,DIED,DIED,DIED,0.0,False
twin,0.528,DIED,DIED,DIED,0.0,False
twin,0.529,DIED,DIED,DIED,0.0,False
twin,0.53,DIED,DIED,DIED,0.0,False
twin,0.531,DIED,DIED,DIED,0.0,False
twin,0.532,DIED,DIED,DIED,0.0,False
twin,0.533,DIED,DIED,DIED,0.0,False
twin,0.534,DIED,DIED,DIED,0.0,False
twin,0.535,FILLED,FILLED,FILLED,20.50632,False
twin,0.536,FILLED,FILLED,FILLED,20.30956,False
twin,0.537,FILLED,FILLED,FILLED,20.49632,False
twin,0.538,FILLED,FILLED,FILLED,20.31161,False
twin,0.539,FILLED,FILLED,FILLED,20.27908,False
twin,0.54,FILLED,FILLED,FILLED,20.31638,False
twin,0.541,FILLED,FILLED,FILLED,20.52008,False
twin,0.542,FILLED,FILLED,FILLED,20.16087,False
twin,0.543,FILLED,FILLED,FILLED,20.44864,False
twin,0.544,FILLED,FILLED,FILLED,20.31325,False
twin,0.545,FILLED,FILLED,FILLED,20.61222,False
twin,0.546,FILLED,FILLED,FILLED,20.3944,False
twin,0.547,FILLED,FILLED,FILLED,20.29498,False
twin,0.548,FILLED,FILLED,FILLED,20.29824,False
twin,0.549,FILLED,FILLED,FILLED,20.2826,False
twin,0.55,FILLED,FILLED,FILLED,20.44731,False
twin,0.551,FILLED,FILLED,FILLED,20.6384,False
twin,0.552,FILLED,FILLED,FILLED,20.32084,False
twin,0.553,FILLED,FILLED,FILLED,20.50613,False
twin,0.554,FILLED,FILLED,FILLED,20.49795,False
twin,0.555,FILLED,FILLED,FILLED,20.66007,False
twin,0.556,FILLED,FILLED,FILLED,20.54199,False
twin,0.557,FILLED,FILLED,FILLED,20.26272,False
twin,0.558,FILLED,FILLED,FILLED,20.72007,False
twin,0.559,FILLED,FILLED,FILLED,20.5105,False
twin,0.56,FILLED,FILLED,FILLED,20.37123,False
twin,0.561,FILLED,FILLED,FILLED,20.5383,False
twin,0.562,FILLED,FILLED,FILLED,20.40238,False
twin,0.563,FILLED,FILLED,FILLED,20.57987,False
twin,0.564,FILLED,FILLED,FILLED,20.58264,False
twin,0.565,FILLED,FILLED,FILLED,20.49179,False
twin,0.566,FILLED,FILLED,FILLED,20.60967,False
twin,0.567,FILLED,FILLED,FILLED,20.5579,False
twin,0.568,FILLED,FILLED,FILLED,20.65854,False
twin,0.569,FILLED,FILLED,FILLED,20.55729,False
twin,0.57,FILLED,FILLED,FILLED,20.42761,False
twin,0.571,FILLED,FILLED,FILLED,20.56959,False
twin,0.572,FILLED,FILLED,FILLED,20.32617,False
twin,0.573,FILLED,FILLED,FILLED,20.67032,False
twin,0.574,FILLED,FILLED,FILLED,20.73601,False
twin,0.575,FILLED,FILLED,FILLED,20.49221,False
twin,0.576,FILLED,FILLED,FILLED,20.50735,False
twin,0.577,FILLED,FILLED,FILLED,20.51783,False
twin,0.578,FILLED,FILLED,FILLED,20.48867,False
twin,0.579,FILLED,FILLED,FILLED,20.60851,False
twin,0.58,FILLED,FILLED,FILLED,20.46289,False
twin,0.581,FILLED,FILLED,FILLED,20.43996,False
twin,0.582,FILLED,FILLED,FILLED,20.44778,False
twin,0.583,FILLED,FILLED,FILLED,20.39843,False
twin,0.584,FILLED,FILLED,FILLED,20.77109,False
twin,0.585,STATIC,STATIC,STATIC,0.3787,False
twin,0.586,STATIC,STATIC,STATIC,0.3787,False
twin,0.587,STATIC,STATIC,STATIC,0.3787,False
twin,0.588,STATIC,STATIC,STATIC,0.3787,False
twin,0.589,STATIC,STATIC,STATIC,0.3787,False
twin,0.59,STATIC,STATIC,STATIC,0.3787,False
twin,0.591,STATIC,STATIC,STATIC,0.3787,False
twin,0.592,STATIC,STATIC,STATIC,0.3787,False
twin,0.593,STATIC,STATIC,STATIC,0.3787,False
twin,0.594,STATIC,STATIC,STATIC,0.3787,False
twin,0.595,STATIC,STATIC,STATIC,0.3787,False
twin,0.596,STATIC,STATIC,STATIC,0.3787,False
twin,0.597,STATIC,STATIC,STATIC,0.3787,False
twin,0.598,STATIC,STATIC,STATIC,0.3787,False
twin,0.599,STATIC,STATIC,STATIC,0.3787,False
twin,0.6,STATIC,STATIC,STATIC,0.3787,False
noisy,0.1,GLIDER,GLIDER,GLIDER,0.48729,False
noisy,0.105,GLIDER,GLIDER,GLIDER,0.48728,False
noisy,0.11,DIED,DIED,DIED,0.0,False
noisy,0.115,DIED,DIED,DIED,0.0,False
noisy,0.12,DIED,DIED,DIED,0.0,False
noisy,0.125,DIED,DIED,DIED,0.0,False
noisy,0.13,DIED,DIED,DIED,0.0,False
noisy,0.135,DIED,DIED,DIED,0.0,False
noisy,0.14,DIED,DIED,DIED,0.0,False
noisy,0.145,DIED,DIED,DIED,0.0,False
noisy,0.15,DIED,DIED,DIED,0.0,False
noisy,0.155,DIED,DIED,DIED,0.0,False
noisy,0.16,DIED,DIED,DIED,0.0,False
noisy,0.165,DIED,DIED,DIED,0.0,False
noisy,0.17,STATIC,STATIC,STATIC,0.3787,False
noisy,0.175,DIED,DIED,DIED,0.0,False
noisy,0.18,DIED,DIED,DIED,0.0,False
noisy,0.185,DIED,DIED,DIED,0.0,False
noisy,0.19,DIED,DIED,DIED,0.0,False
noisy,0.195,DIED,DIED,DIED,0.0,False
noisy,0.2,DIED,DIED,DIED,0.0,False
noisy,0.205,DIED,DIED,DIED,0.0,False
noisy,0.21,DIED,DIED,DIED,0.0,False
noisy,0.215,DIED,DIED,DIED,0.0,False
noisy,0.22,DIED,DIED,DIED,0.0,False
noisy,0.225,DIED,DIED,DIED,0.0,False
noisy,0.23,DIED,DIED,DIED,0.0,False
noisy,0.235,DIED,DIED,DIED,0.0,False
noisy,0.24,DIED,DIED,DIED,0.0,False
noisy,0.245,DIED,DIED,DIED,0.0,False
noisy,0.25,DIED,DIED,DIED,0.0,False
noisy,0.5,DIED,DIED,DIED,0.0,False
noisy,0.505,DIED,DIED,DIED,0.0,False
noisy,0.51,DIED,DIED,DIED,0.0,False
noisy,0.515,CIRCLER,DIED,DIED,0.0,False
noisy,0.52,DIED,DIED,DIED,0.0,False
noisy,0.525,CIRCLER,CIRCLER,CIRCLER,0.52253,False
noisy,0.53,DIED,DIED,DIED,0.0,False
noisy,0.535,FILLED,FILLED,FILLED,20.73757,False
noisy,0.54,FILLED,FILLED,FILLED,20.24821,False
noisy,0.545,FILLED,FILLED,FILLED,20.24146,False
noisy,0.55,FILLED,FILLED,FILLED,20.32183,False
noisy,0.555,FILLED,FILLED,FILLED,20.43944,False
noisy,0.56,FILLED,FILLED,FILLED,20.359,False
noisy,0.565,FILLED,FILLED,FILLED,20.61182,False
noisy,0.57,FILLED,FILLED,FILLED,20.22756,False
noisy,0.575,FILLED,FILLED,FILLED,20.56546,False
noisy,0.58,FILLED,FILLED,FILLED,20.58018,False
noisy,0.585,FILLED,FILLED,FILLED,20.22297,False
noisy,0.59,STATIC,STATIC,STATIC,0.3787,False
noisy,0.595,STATIC,STATIC,STATIC,0.3787,False
noisy,0.6,STATIC,STATIC,STATIC,0.3787,False
