intervention,source,condition,phase,survive_abs_dM,die_abs_dM,survive_run,die_run,n_runs,monotone
I001,Lane 3 alm_check,T10 R13,0,0.100781,0.101562,I001-p0-s0.100781,I001-p0-s0.101562,26,True
I001,Lane 3 alm_check,T10 R13,1,0.101563,0.102344,I001-p1-s0.101562,I001-p1-s0.102344,26,True
I001,Lane 3 alm_check,T10 R13,2,0.102344,0.103125,I001-p2-s0.102344,I001-p2-s0.103125,26,True
I001,Lane 3 alm_check,T10 R13,3,0.100000,0.100781,I001-p3-s0.100000,I001-p3-s0.100781,26,True
I001,Lane 3 alm_check,T10 R13,4,0.100781,0.101563,I001-p4-s0.100781,I001-p4-s0.101562,26,True
I002,Lane 3 alm_check,T10 R13,0,0.039708,0.053250,I002-p0-s0.059375,I002-p0-s0.100000,27,True
I002,Lane 3 alm_check,T10 R13,1,0.038654,0.052243,I002-p1-s0.075000,I002-p1-s0.087500,27,True
I002,Lane 3 alm_check,T10 R13,2,0.040017,0.053614,I002-p2-s0.081250,I002-p2-s0.087500,27,True
I002,Lane 3 alm_check,T10 R13,3,0.039739,0.051763,I002-p3-s0.075000,I002-p3-s0.087500,27,True
I002,Lane 3 alm_check,T10 R13,4,0.039693,0.053022,I002-p4-s0.075000,I002-p4-s0.087500,27,True
I003,Lane 3 alm_check,T10 R13,0,0.277319,0.278021,I003-p0-s0.308594,I003-p0-s0.309375,27,True
I003,Lane 3 alm_check,T10 R13,1,0.285330,0.286034,I003-p1-s0.316406,I003-p1-s0.317187,27,True
I003,Lane 3 alm_check,T10 R13,2,0.281254,0.281959,I003-p2-s0.311719,I003-p2-s0.312500,27,True
I003,Lane 3 alm_check,T10 R13,3,0.284118,0.284821,I003-p3-s0.315625,I003-p3-s0.316406,27,True
I003,Lane 3 alm_check,T10 R13,4,0.278611,0.279313,I003-p4-s0.310156,I003-p4-s0.310937,27,True
I004,Lane 3 alm_check,T10 R13,0,0.081602,0.084016,I004-p0-s0.081250,I004-p0-s0.082812,26,True
I004,Lane 3 alm_check,T10 R13,1,0.079140,0.080289,I004-p1-s0.078906,I004-p1-s0.079687,26,True
I004,Lane 3 alm_check,T10 R13,2,0.082358,0.084780,I004-p2-s0.081250,I004-p2-s0.084375,26,True
I004,Lane 3 alm_check,T10 R13,3,0.088285,0.091490,I004-p3-s0.088281,I004-p3-s0.090625,26,True
I004,Lane 3 alm_check,T10 R13,4,0.081524,0.082854,I004-p4-s0.081250,I004-p4-s0.082812,26,True
I001,Lane 3 alm_check,T10 R26,0,0.099219,0.100000,I001-p0-s0.099219,I001-p0-s0.100000,26,True
I001,Lane 3 alm_check,T10 R26,1,0.098437,0.099219,I001-p1-s0.098437,I001-p1-s0.099219,26,True
I001,Lane 3 alm_check,T10 R26,2,0.099219,0.100000,I001-p2-s0.099219,I001-p2-s0.100000,26,True
I001,Lane 3 alm_check,T10 R26,3,0.098437,0.099219,I001-p3-s0.098437,I001-p3-s0.099219,26,True
I001,Lane 3 alm_check,T10 R26,4,0.098437,0.099219,I001-p4-s0.098437,I001-p4-s0.099219,26,True
I002,Lane 3 alm_check,T10 R26,0,0.046539,0.052778,I002-p0-s0.082031,I002-p0-s0.084375,27,True
I002,Lane 3 alm_check,T10 R26,1,0.049455,0.052716,I002-p1-s0.079687,I002-p1-s0.087500,27,True
I002,Lane 3 alm_check,T10 R26,2,0.049538,0.052759,I002-p2-s0.082812,I002-p2-s0.084375,27,True
I002,Lane 3 alm_check,T10 R26,3,0.049830,0.056130,I002-p3-s0.087500,I002-p3-s0.090625,27,True
I002,Lane 3 alm_check,T10 R26,4,0.046385,0.053172,I002-p4-s0.075000,I002-p4-s0.087500,27,True
I003,Lane 3 alm_check,T10 R26,0,0.277837,0.278540,I003-p0-s0.308594,I003-p0-s0.309375,27,True
I003,Lane 3 alm_check,T10 R26,1,0.278849,0.279553,I003-p1-s0.309375,I003-p1-s0.310156,27,True
I003,Lane 3 alm_check,T10 R26,2,0.276486,0.277190,I003-p2-s0.307031,I003-p2-s0.307813,27,True
I003,Lane 3 alm_check,T10 R26,3,0.278075,0.278779,I003-p3-s0.308594,I003-p3-s0.309375,27,True
I003,Lane 3 alm_check,T10 R26,4,0.277246,0.277950,I003-p4-s0.307813,I003-p4-s0.308594,27,True
I004,Lane 3 alm_check,T10 R26,0,0.081534,0.082504,I004-p0-s0.081250,I004-p0-s0.082031,26,True
I004,Lane 3 alm_check,T10 R26,1,0.079758,0.081044,I004-p1-s0.079687,I004-p1-s0.080469,26,True
I004,Lane 3 alm_check,T10 R26,2,0.081759,0.082533,I004-p2-s0.081250,I004-p2-s0.082031,26,True
I004,Lane 3 alm_check,T10 R26,3,0.080641,0.081640,I004-p3-s0.080469,I004-p3-s0.081250,26,True
I004,Lane 3 alm_check,T10 R26,4,0.080481,0.081440,I004-p4-s0.080469,I004-p4-s0.081250,26,True
I001,Lane 3 alm_check,T40 R13,0,0.107031,0.107812,I001-p0-s0.107031,I001-p0-s0.107813,26,True
I001,Lane 3 alm_check,T40 R13,1,0.107813,0.108594,I001-p1-s0.107813,I001-p1-s0.108594,26,True
I001,Lane 3 alm_check,T40 R13,2,0.104688,0.105469,I001-p2-s0.104688,I001-p2-s0.105469,26,True
I001,Lane 3 alm_check,T40 R13,3,0.103906,0.104688,I001-p3-s0.103906,I001-p3-s0.104688,26,True
I001,Lane 3 alm_check,T40 R13,4,0.101563,0.102344,I001-p4-s0.101562,I001-p4-s0.102344,26,True
I002,Lane 3 alm_check,T40 R13,0,0.036792,0.050489,I002-p0-s0.075000,I002-p0-s0.087500,27,True
I002,Lane 3 alm_check,T40 R13,1,0.036282,0.048402,I002-p1-s0.075000,I002-p1-s0.087500,27,True
I002,Lane 3 alm_check,T40 R13,2,0.036075,0.048569,I002-p2-s0.056250,I002-p2-s0.100000,27,True
I002,Lane 3 alm_check,T40 R13,3,0.036221,0.049979,I002-p3-s0.075000,I002-p3-s0.087500,27,True
I002,Lane 3 alm_check,T40 R13,4,0.037536,0.050874,I002-p4-s0.078125,I002-p4-s0.087500,27,True
I003,Lane 3 alm_check,T40 R13,0,0.318157,0.318872,I003-p0-s0.347656,I003-p0-s0.348437,27,True
I003,Lane 3 alm_check,T40 R13,1,0.317262,0.317975,I003-p1-s0.347656,I003-p1-s0.348437,27,True
I003,Lane 3 alm_check,T40 R13,2,0.325205,0.325919,I003-p2-s0.356250,I003-p2-s0.357031,27,True
I003,Lane 3 alm_check,T40 R13,3,0.315978,0.316691,I003-p3-s0.346094,I003-p3-s0.346875,27,True
I003,Lane 3 alm_check,T40 R13,4,0.305272,0.305986,I003-p4-s0.334375,I003-p4-s0.335156,27,True
I004,Lane 3 alm_check,T40 R13,0,0.093829,0.095000,I004-p0-s0.093750,I004-p0-s0.094531,26,True
I004,Lane 3 alm_check,T40 R13,1,0.100067,0.101123,I004-p1-s0.100000,I004-p1-s0.100781,26,True
I004,Lane 3 alm_check,T40 R13,2,0.094696,0.096936,I004-p2-s0.094531,I004-p2-s0.096875,26,True
I004,Lane 3 alm_check,T40 R13,3,0.091279,0.093247,I004-p3-s0.090625,I004-p3-s0.092188,26,True
I004,Lane 3 alm_check,T40 R13,4,0.088428,0.090286,I004-p4-s0.088281,I004-p4-s0.089063,26,True
I001,Lane 4 ref,T10 R13,0,0.100000,0.103125,L4-001-I001-s0.100000-t1000-N128-ref,L4-001-I001-s0.103125-t1000-N128-ref,24,True
I001,Lane 4 ref,T10 R13,1,0.100000,0.103125,L4-001-I001-s0.100000-t1001-N128-ref,L4-001-I001-s0.103125-t1001-N128-ref,24,True
I001,Lane 4 ref,T10 R13,2,0.100000,0.103125,L4-001-I001-s0.100000-t1002-N128-ref,L4-001-I001-s0.103125-t1002-N128-ref,24,True
I001,Lane 4 ref,T10 R13,3,0.100000,0.103125,L4-001-I001-s0.100000-t1003-N128-ref,L4-001-I001-s0.103125-t1003-N128-ref,24,True
I001,Lane 4 ref,T10 R13,4,0.100000,0.103125,L4-001-I001-s0.100000-t1004-N128-ref,L4-001-I001-s0.103125-t1004-N128-ref,24,True
I002,Lane 4 ref,T10 R13,0,0.039708,0.053250,L4-001-I002-s0.059375-t1000-N128-ref,L4-001-I002-s0.100000-t1000-N128-ref,25,True
I002,Lane 4 ref,T10 R13,1,0.038654,0.052243,L4-001-I002-s0.075000-t1001-N128-ref,L4-001-I002-s0.087500-t1001-N128-ref,25,True
I002,Lane 4 ref,T10 R13,2,0.040017,0.053614,L4-001-I002-s0.081250-t1002-N128-ref,L4-001-I002-s0.087500-t1002-N128-ref,25,True
I002,Lane 4 ref,T10 R13,3,0.039739,0.051763,L4-001-I002-s0.075000-t1003-N128-ref,L4-001-I002-s0.087500-t1003-N128-ref,25,True
I002,Lane 4 ref,T10 R13,4,0.039693,0.053022,L4-001-I002-s0.075000-t1004-N128-ref,L4-001-I002-s0.087500-t1004-N128-ref,25,True
I003,Lane 4 ref,T10 R13,0,0.275212,0.278021,L4-001-I003-s0.306250-t1000-N128-ref,L4-001-I003-s0.309375-t1000-N128-ref,25,True
I003,Lane 4 ref,T10 R13,1,0.284625,0.287443,L4-001-I003-s0.315625-t1001-N128-ref,L4-001-I003-s0.318750-t1001-N128-ref,25,True
I003,Lane 4 ref,T10 R13,2,0.279139,0.281959,L4-001-I003-s0.309375-t1002-N128-ref,L4-001-I003-s0.312500-t1002-N128-ref,25,True
I003,Lane 4 ref,T10 R13,3,0.284118,0.286931,L4-001-I003-s0.315625-t1003-N128-ref,L4-001-I003-s0.318750-t1003-N128-ref,25,True
I003,Lane 4 ref,T10 R13,4,0.277910,0.280717,L4-001-I003-s0.309375-t1004-N128-ref,L4-001-I003-s0.312500-t1004-N128-ref,25,True
I004,Lane 4 ref,T10 R13,0,0.081602,0.085850,L4-001-I004-s0.081250-t1000-N128-ref,L4-001-I004-s0.084375-t1000-N128-ref,24,True
I004,Lane 4 ref,T10 R13,1,0.078301,0.083039,L4-001-I004-s0.078125-t1001-N128-ref,L4-001-I004-s0.081250-t1001-N128-ref,24,True
I004,Lane 4 ref,T10 R13,2,0.082358,0.084780,L4-001-I004-s0.081250-t1002-N128-ref,L4-001-I004-s0.084375-t1002-N128-ref,24,True
I004,Lane 4 ref,T10 R13,3,0.087703,0.091490,L4-001-I004-s0.087500-t1003-N128-ref,L4-001-I004-s0.090625-t1003-N128-ref,24,True
I004,Lane 4 ref,T10 R13,4,0.081524,0.085823,L4-001-I004-s0.081250-t1004-N128-ref,L4-001-I004-s0.084375-t1004-N128-ref,24,True
I001,Lane 4 ref,T10 R26,0,0.096875,0.100000,L4-001-I001-s0.096875-t1000-N256-ref-R26,L4-001-I001-s0.100000-t1000-N256-ref-R26,24,True
I002,Lane 4 ref,T10 R26,0,0.043237,0.052778,L4-001-I002-s0.081250-t1000-N256-ref-R26,L4-001-I002-s0.084375-t1000-N256-ref-R26,25,True
I003,Lane 4 ref,T10 R26,0,0.275727,0.278540,L4-001-I003-s0.306250-t1000-N256-ref-R26,L4-001-I003-s0.309375-t1000-N256-ref-R26,25,True
I004,Lane 4 ref,T10 R26,0,0.081534,0.084606,L4-001-I004-s0.081250-t1000-N256-ref-R26,L4-001-I004-s0.084375-t1000-N256-ref-R26,24,True
I001,Lane 4 ref,T20 R13,0,0.103125,0.106250,L4-001-I001-s0.103125-t2000-N128-ref-T20,L4-001-I001-s0.106250-t2000-N128-ref-T20,24,True
I002,Lane 4 ref,T20 R13,0,0.038636,0.052101,L4-001-I002-s0.075000-t2000-N128-ref-T20,L4-001-I002-s0.087500-t2000-N128-ref-T20,25,True
I003,Lane 4 ref,T20 R13,0,0.309489,0.312329,L4-001-I003-s0.340625-t2000-N128-ref-T20,L4-001-I003-s0.343750-t2000-N128-ref-T20,25,True
I004,Lane 4 ref,T20 R13,0,0.092563,0.093934,L4-001-I004-s0.090625-t2000-N128-ref-T20,L4-001-I004-s0.093750-t2000-N128-ref-T20,24,True
