mode,intervention,strength,t0,N,achieved_dmass_frac,class
refined,I001,0.100000,1000,128,-0.10000,RECOVERED
refined,I001,0.100000,1000,192,-0.10000,RECOVERED
refined,I001,0.103125,1000,128,-0.10312,DIED
refined,I001,0.103125,1000,192,-0.10312,DIED
refined,I001,0.100000,1001,128,-0.10000,RECOVERED
refined,I001,0.100000,1001,192,-0.10000,RECOVERED
refined,I001,0.103125,1001,128,-0.10312,DIED
refined,I001,0.103125,1001,192,-0.10312,DIED
refined,I001,0.100000,1002,128,-0.10000,RECOVERED
refined,I001,0.100000,1002,192,-0.10000,RECOVERED
refined,I001,0.103125,1002,128,-0.10312,DIED
refined,I001,0.103125,1002,192,-0.10312,DIED
refined,I001,0.100000,1003,128,-0.10000,RECOVERED
refined,I001,0.100000,1003,192,-0.10000,RECOVERED
refined,I001,0.103125,1003,128,-0.10313,DIED
refined,I001,0.103125,1003,192,-0.10312,DIED
refined,I001,0.100000,1004,128,-0.10000,RECOVERED
refined,I001,0.100000,1004,192,-0.10000,RECOVERED
refined,I001,0.103125,1004,128,-0.10313,DIED
refined,I001,0.103125,1004,192,-0.10312,DIED
refined,I002,0.059375,1000,128,-0.05325,DIED
refined,I002,0.059375,1000,192,-0.05325,DIED
refined,I002,0.062500,1000,128,-0.05325,DIED
refined,I002,0.062500,1000,192,-0.05325,DIED
refined,I002,0.084375,1001,128,-0.03865,RECOVERED
refined,I002,0.084375,1001,192,-0.03865,RECOVERED
refined,I002,0.087500,1001,128,-0.06513,DIED
refined,I002,0.087500,1001,192,-0.06513,DIED
refined,I002,0.084375,1002,128,-0.04002,RECOVERED
refined,I002,0.084375,1002,192,-0.04002,RECOVERED
refined,I002,0.087500,1002,128,-0.05361,DIED
refined,I002,0.087500,1002,192,-0.05361,DIED
refined,I002,0.084375,1003,128,-0.03974,RECOVERED
refined,I002,0.084375,1003,192,-0.03974,RECOVERED
refined,I002,0.087500,1003,128,-0.05176,DIED
refined,I002,0.087500,1003,192,-0.05176,DIED
refined,I002,0.078125,1004,128,-0.05302,DIED
refined,I002,0.078125,1004,192,-0.05302,DIED
refined,I002,0.081250,1004,128,-0.05302,DIED
refined,I002,0.081250,1004,192,-0.05302,DIED
refined,I003,0.306250,1000,128,0.27521,RECOVERED
refined,I003,0.306250,1000,192,0.27521,RECOVERED
refined,I003,0.309375,1000,128,0.27802,DIED
refined,I003,0.309375,1000,192,0.27802,DIED
refined,I003,0.315625,1001,128,0.28463,RECOVERED
refined,I003,0.315625,1001,192,0.28463,RECOVERED
refined,I003,0.318750,1001,128,0.28744,DIED
refined,I003,0.318750,1001,192,0.28744,DIED
refined,I003,0.309375,1002,128,0.27914,RECOVERED
refined,I003,0.309375,1002,192,0.27914,RECOVERED
refined,I003,0.312500,1002,128,0.28196,DIED
refined,I003,0.312500,1002,192,0.28196,DIED
refined,I003,0.315625,1003,128,0.28412,DIED
refined,I003,0.315625,1003,192,0.28412,DIED
refined,I003,0.318750,1003,128,0.28693,DIED
refined,I003,0.318750,1003,192,0.28693,DIED
refined,I003,0.309375,1004,128,0.27791,RECOVERED
refined,I003,0.309375,1004,192,0.27791,RECOVERED
refined,I003,0.312500,1004,128,0.28072,DIED
refined,I003,0.312500,1004,192,0.28072,DIED
refined,I004,0.081250,1000,128,-0.08160,RECOVERED
refined,I004,0.081250,1000,192,-0.08160,RECOVERED
refined,I004,0.084375,1000,128,-0.08585,DIED
refined,I004,0.084375,1000,192,-0.08585,DIED
refined,I004,0.078125,1001,128,-0.07830,RECOVERED
refined,I004,0.078125,1001,192,-0.07830,RECOVERED
refined,I004,0.081250,1001,128,-0.08304,DIED
refined,I004,0.081250,1001,192,-0.08304,DIED
refined,I004,0.081250,1002,128,-0.08236,RECOVERED
refined,I004,0.081250,1002,192,-0.08236,RECOVERED
refined,I004,0.084375,1002,128,-0.08478,DIED
refined,I004,0.084375,1002,192,-0.08478,DIED
refined,I004,0.087500,1003,128,-0.08770,RECOVERED
refined,I004,0.087500,1003,192,-0.08770,RECOVERED
refined,I004,0.090625,1003,128,-0.09149,DIED
refined,I004,0.090625,1003,192,-0.09149,DIED
refined,I004,0.081250,1004,128,-0.08152,RECOVERED
refined,I004,0.081250,1004,192,-0.08152,RECOVERED
refined,I004,0.084375,1004,128,-0.08582,DIED
refined,I004,0.084375,1004,192,-0.08582,DIED
