run_id,intervention,strength,t0,size,engine,horizon,code_rev,mass_before,mass_after_edit,achieved_dmass_frac,final_mass,win_mass_min,win_mass_max,win_gyr_min,win_gyr_max,win_speed,recovery_time,template_corr,class,class_band10,class_band30
L4-001-I001-s0.125000-t1000-N128-ref,I001,0.125,1000,128,ref,2000,9c26e5b,0.43695,0.382331,-0.125,0,0,0,0,0,0,nan,nan,DIED,DIED,DIED
L4-001-I001-s0.112500-t1000-N128-ref,I001,0.1125,1000,128,ref,2000,9c26e5b,0.43695,0.387793,-0.1125,0,0,0,0,0,0,nan,nan,DIED,DIED,DIED
L4-001-I001-s0.106250-t1000-N128-ref,I001,0.10625,1000,128,ref,2000,9c26e5b,0.43695,0.390524,-0.10625,0,0,0,0,0,0,nan,nan,DIED,DIED,DIED
L4-001-I001-s0.103125-t1000-N128-ref,I001,0.103125,1000,128,ref,2000,9c26e5b,0.43695,0.391889,-0.103125,0,0,0,0,0,0,nan,nan,DIED,DIED,DIED
L4-001-I001-s0.125000-t1001-N128-ref,I001,0.125,1001,128,ref,2000,9c26e5b,0.435429,0.381,-0.125,0,0,0,0,0,0,nan,nan,DIED,DIED,DIED
L4-001-I001-s0.112500-t1001-N128-ref,I001,0.1125,1001,128,ref,2000,9c26e5b,0.435429,0.386443,-0.1125,0,0,0,0,0,0,nan,nan,DIED,DIED,DIED
L4-001-I001-s0.106250-t1001-N128-ref,I001,0.10625,1001,128,ref,2000,9c26e5b,0.435429,0.389165,-0.10625,0,0,0,0,0,0,nan,nan,DIED,DIED,DIED
L4-001-I001-s0.103125-t1001-N128-ref,I001,0.103125,1001,128,ref,2000,9c26e5b,0.435429,0.390525,-0.103125,0,0,0,0,0,0,nan,nan,DIED,DIED,DIED
L4-001-I001-s0.125000-t1002-N128-ref,I001,0.125,1002,128,ref,2000,9c26e5b,0.43518,0.380782,-0.125,0,0,0,0,0,0,nan,nan,DIED,DIED,DIED
L4-001-I001-s0.112500-t1002-N128-ref,I001,0.1125,1002,128,ref,2000,9c26e5b,0.43518,0.386222,-0.1125,0,0,0,0,0,0,nan,nan,DIED,DIED,DIED
L4-001-I001-s0.106250-t1002-N128-ref,I001,0.10625,1002,128,ref,2000,9c26e5b,0.43518,0.388942,-0.10625,0,0,0,0,0,0,nan,nan,DIED,DIED,DIED
L4-001-I001-s0.103125-t1002-N128-ref,I001,0.103125,1002,128,ref,2000,9c26e5b,0.43518,0.390302,-0.103125,0,0,0,0,0,0,nan,nan,DIED,DIED,DIED
L4-001-I001-s0.125000-t1003-N128-ref,I001,0.125,1003,128,ref,2000,9c26e5b,0.436221,0.381693,-0.125,0,0,0,0,0,0,nan,nan,DIED,DIED,DIED
L4-001-I001-s0.112500-t1003-N128-ref,I001,0.1125,1003,128,ref,2000,9c26e5b,0.436221,0.387146,-0.1125,0,0,0,0,0,0,nan,nan,DIED,DIED,DIED
L4-001-I001-s0.106250-t1003-N128-ref,I001,0.10625,1003,128,ref,2000,9c26e5b,0.436221,0.389873,-0.10625,0,0,0,0,0,0,nan,nan,DIED,DIED,DIED
L4-001-I001-s0.103125-t1003-N128-ref,I001,0.103125,1003,128,ref,2000,9c26e5b,0.436221,0.391236,-0.103125,0,0,0,0,0,0,nan,nan,DIED,DIED,DIED
L4-001-I001-s0.125000-t1004-N128-ref,I001,0.125,1004,128,ref,2000,9c26e5b,0.437121,0.382481,-0.125,0,0,0,0,0,0,nan,nan,DIED,DIED,DIED
L4-001-I001-s0.112500-t1004-N128-ref,I001,0.1125,1004,128,ref,2000,9c26e5b,0.437121,0.387945,-0.1125,0,0,0,0,0,0,nan,nan,DIED,DIED,DIED
L4-001-I001-s0.106250-t1004-N128-ref,I001,0.10625,1004,128,ref,2000,9c26e5b,0.437121,0.390677,-0.10625,0,0,0,0,0,0,nan,nan,DIED,DIED,DIED
L4-001-I001-s0.103125-t1004-N128-ref,I001,0.103125,1004,128,ref,2000,9c26e5b,0.437121,0.392043,-0.103125,0,0,0,0,0,0,nan,nan,DIED,DIED,DIED
L4-001-I002-s0.075000-t1000-N128-ref,I002,0.075,1000,128,ref,2000,9c26e5b,0.43695,0.413682,-0.0532497,0,0,0,0,0,0,nan,nan,DIED,DIED,DIED
L4-001-I002-s0.062500-t1000-N128-ref,I002,0.0625,1000,128,ref,2000,9c26e5b,0.43695,0.413682,-0.0532497,0,0,0,0,0,0,nan,nan,DIED,DIED,DIED
L4-001-I002-s0.056250-t1000-N128-ref,I002,0.05625,1000,128,ref,2000,9c26e5b,0.43695,0.425155,-0.0269926,0.436718,0.433434,0.437747,0.435301,0.439709,0.479408,1,0.999428,RECOVERED,RECOVERED,RECOVERED
L4-001-I002-s0.059375-t1000-N128-ref,I002,0.059375,1000,128,ref,2000,9c26e5b,0.43695,0.4196,-0.0397078,0.436308,0.43351,0.437754,0.435289,0.439789,0.479367,1,0.999299,RECOVERED,RECOVERED,RECOVERED
L4-001-I002-s0.075000-t1001-N128-ref,I002,0.075,1001,128,ref,2000,9c26e5b,0.435429,0.418598,-0.038654,0.436152,0.433496,0.437767,0.435218,0.439791,0.479432,1,0.993381,RECOVERED,RECOVERED,RECOVERED
L4-001-I002-s0.087500-t1001-N128-ref,I002,0.0875,1001,128,ref,2000,9c26e5b,0.435429,0.412681,-0.0522433,0,0,0,0,0,0,nan,nan,DIED,DIED,DIED
L4-001-I002-s0.081250-t1001-N128-ref,I002,0.08125,1001,128,ref,2000,9c26e5b,0.435429,0.418598,-0.038654,0.436152,0.433496,0.437767,0.435218,0.439791,0.479432,1,0.993381,RECOVERED,RECOVERED,RECOVERED
L4-001-I002-s0.084375-t1001-N128-ref,I002,0.084375,1001,128,ref,2000,9c26e5b,0.435429,0.418598,-0.038654,0.436152,0.433496,0.437767,0.435218,0.439791,0.479432,1,0.993381,RECOVERED,RECOVERED,RECOVERED
L4-001-I002-s0.075000-t1002-N128-ref,I002,0.075,1002,128,ref,2000,9c26e5b,0.43518,0.423682,-0.0264201,0.434212,0.433616,0.43795,0.434964,0.439684,0.47943,1,0.999951,RECOVERED,RECOVERED,RECOVERED
L4-001-I002-s0.087500-t1002-N128-ref,I002,0.0875,1002,128,ref,2000,9c26e5b,0.43518,0.411848,-0.0536142,0,0,0,0,0,0,nan,nan,DIED,DIED,DIED
L4-001-I002-s0.081250-t1002-N128-ref,I002,0.08125,1002,128,ref,2000,9c26e5b,0.43518,0.417765,-0.0400171,0.436215,0.433401,0.437736,0.435014,0.439669,0.479425,1,0.997485,RECOVERED,RECOVERED,RECOVERED
L4-001-I002-s0.084375-t1002-N128-ref,I002,0.084375,1002,128,ref,2000,9c26e5b,0.43518,0.417765,-0.0400171,0.436215,0.433401,0.437736,0.435014,0.439669,0.479425,1,0.997485,RECOVERED,RECOVERED,RECOVERED
L4-001-I002-s0.075000-t1003-N128-ref,I002,0.075,1003,128,ref,2000,9c26e5b,0.436221,0.418886,-0.0397386,0.435866,0.43349,0.437968,0.435112,0.439837,0.479398,1,0.999126,RECOVERED,RECOVERED,RECOVERED
L4-001-I002-s0.087500-t1003-N128-ref,I002,0.0875,1003,128,ref,2000,9c26e5b,0.436221,0.413641,-0.0517632,0,0,0,0,0,0,nan,nan,DIED,DIED,DIED
L4-001-I002-s0.081250-t1003-N128-ref,I002,0.08125,1003,128,ref,2000,9c26e5b,0.436221,0.418886,-0.0397386,0.435866,0.43349,0.437968,0.435112,0.439837,0.479398,1,0.999126,RECOVERED,RECOVERED,RECOVERED
L4-001-I002-s0.084375-t1003-N128-ref,I002,0.084375,1003,128,ref,2000,9c26e5b,0.436221,0.418886,-0.0397386,0.435866,0.43349,0.437968,0.435112,0.439837,0.479398,1,0.999126,RECOVERED,RECOVERED,RECOVERED
L4-001-I002-s0.075000-t1004-N128-ref,I002,0.075,1004,128,ref,2000,9c26e5b,0.437121,0.41977,-0.0396933,0.43552,0.43374,0.437863,0.435043,0.439845,0.479428,1,0.993375,RECOVERED,RECOVERED,RECOVERED
L4-001-I002-s0.087500-t1004-N128-ref,I002,0.0875,1004,128,ref,2000,9c26e5b,0.437121,0.413944,-0.0530216,0,0,0,0,0,0,nan,nan,DIED,DIED,DIED
L4-001-I002-s0.081250-t1004-N128-ref,I002,0.08125,1004,128,ref,2000,9c26e5b,0.437121,0.413944,-0.0530216,0,0,0,0,0,0,nan,nan,DIED,DIED,DIED
L4-001-I002-s0.078125-t1004-N128-ref,I002,0.078125,1004,128,ref,2000,9c26e5b,0.437121,0.41977,-0.0396933,0.43552,0.43374,0.437863,0.435043,0.439845,0.479428,1,0.993375,RECOVERED,RECOVERED,RECOVERED
L4-001-I003-s0.325000-t1000-N128-ref,I003,0.325,1000,128,ref,2000,9c26e5b,0.43695,0.564566,0.292062,0,0,0,0,0,0,nan,nan,DIED,DIED,DIED
L4-001-I003-s0.312500-t1000-N128-ref,I003,0.3125,1000,128,ref,2000,9c26e5b,0.43695,0.559658,0.280829,0,0,0,0,0,0,nan,nan,DIED,DIED,DIED
L4-001-I003-s0.306250-t1000-N128-ref,I003,0.30625,1000,128,ref,2000,9c26e5b,0.43695,0.557204,0.275212,0.43472,0.433775,0.437806,0.435471,0.439714,0.479417,1,0.994458,RECOVERED,RECOVERED,RECOVERED
L4-001-I003-s0.309375-t1000-N128-ref,I003,0.309375,1000,128,ref,2000,9c26e5b,0.43695,0.558431,0.278021,0,0,0,0,0,0,nan,nan,DIED,DIED,DIED
L4-001-I003-s0.325000-t1001-N128-ref,I003,0.325,1001,128,ref,2000,9c26e5b,0.435429,0.563044,0.29308,0,0,0,0,0,0,nan,nan,DIED,DIED,DIED
L4-001-I003-s0.312500-t1001-N128-ref,I003,0.3125,1001,128,ref,2000,9c26e5b,0.435429,0.558136,0.281807,0.43542,0.433481,0.437727,0.434954,0.439751,0.479416,1,0.9991,RECOVERED,RECOVERED,RECOVERED
L4-001-I003-s0.318750-t1001-N128-ref,I003,0.31875,1001,128,ref,2000,9c26e5b,0.435429,0.56059,0.287443,0,0,0,0,0,0,nan,nan,DIED,DIED,DIED
L4-001-I003-s0.315625-t1001-N128-ref,I003,0.315625,1001,128,ref,2000,9c26e5b,0.435429,0.559363,0.284625,0.435446,0.433146,0.437964,0.43473,0.439859,0.479371,1,0.994834,RECOVERED,RECOVERED,RECOVERED
L4-001-I003-s0.325000-t1002-N128-ref,I003,0.325,1002,128,ref,2000,9c26e5b,0.43518,0.562791,0.293237,0,0,0,0,0,0,nan,nan,DIED,DIED,DIED
L4-001-I003-s0.312500-t1002-N128-ref,I003,0.3125,1002,128,ref,2000,9c26e5b,0.43518,0.557883,0.281959,0,0,0,0,0,0,nan,nan,DIED,DIED,DIED
L4-001-I003-s0.306250-t1002-N128-ref,I003,0.30625,1002,128,ref,2000,9c26e5b,0.43518,0.555429,0.27632,0.434836,0.433568,0.4378,0.435325,0.439864,0.479399,1,0.995113,RECOVERED,RECOVERED,RECOVERED
L4-001-I003-s0.309375-t1002-N128-ref,I003,0.309375,1002,128,ref,2000,9c26e5b,0.43518,0.556656,0.279139,0.436146,0.433635,0.437893,0.435175,0.439367,0.479403,1,0.997454,RECOVERED,RECOVERED,RECOVERED
L4-001-I003-s0.325000-t1003-N128-ref,I003,0.325,1003,128,ref,2000,9c26e5b,0.436221,0.563841,0.292557,0,0,0,0,0,0,nan,nan,DIED,DIED,DIED
L4-001-I003-s0.312500-t1003-N128-ref,I003,0.3125,1003,128,ref,2000,9c26e5b,0.436221,0.558932,0.281305,0.436038,0.433465,0.437722,0.4352,0.439651,0.479421,1,0.999891,RECOVERED,RECOVERED,RECOVERED
L4-001-I003-s0.318750-t1003-N128-ref,I003,0.31875,1003,128,ref,2000,9c26e5b,0.436221,0.561386,0.286931,0,0,0,0,0,0,nan,nan,DIED,DIED,DIED
L4-001-I003-s0.315625-t1003-N128-ref,I003,0.315625,1003,128,ref,2000,9c26e5b,0.436221,0.560159,0.284118,0.436375,0.433379,0.437359,0.434644,0.439986,0.479411,1,0.996048,RECOVERED,RECOVERED,RECOVERED
L4-001-I003-s0.325000-t1004-N128-ref,I003,0.325,1004,128,ref,2000,9c26e5b,0.437121,0.564736,0.291945,0,0,0,0,0,0,nan,nan,DIED,DIED,DIED
L4-001-I003-s0.312500-t1004-N128-ref,I003,0.3125,1004,128,ref,2000,9c26e5b,0.437121,0.559828,0.280717,0,0,0,0,0,0,nan,nan,DIED,DIED,DIED
L4-001-I003-s0.306250-t1004-N128-ref,I003,0.30625,1004,128,ref,2000,9c26e5b,0.437121,0.557374,0.275102,0.437145,0.433396,0.438,0.434642,0.440079,0.479518,1,0.994944,RECOVERED,RECOVERED,RECOVERED
L4-001-I003-s0.309375-t1004-N128-ref,I003,0.309375,1004,128,ref,2000,9c26e5b,0.437121,0.558601,0.27791,0.436266,0.434706,0.437136,0.436621,0.43835,0.479624,1,0.994931,RECOVERED,RECOVERED,RECOVERED
L4-001-I004-s0.075000-t1000-N128-ref,I004,0.075,1000,128,ref,2000,9c26e5b,0.43695,0.40397,-0.0754763,0.436393,0.434371,0.437535,0.436454,0.440857,0.47781,1,0.99419,RECOVERED,RECOVERED,RECOVERED
L4-001-I004-s0.087500-t1000-N128-ref,I004,0.0875,1000,128,ref,2000,9c26e5b,0.43695,0.397412,-0.0904856,0,0,0,0,0,0,nan,nan,DIED,DIED,DIED
L4-001-I004-s0.081250-t1000-N128-ref,I004,0.08125,1000,128,ref,2000,9c26e5b,0.43695,0.401294,-0.081602,0.43489,0.433935,0.437973,0.43636,0.440296,0.477856,1,0.992629,RECOVERED,RECOVERED,RECOVERED
L4-001-I004-s0.084375-t1000-N128-ref,I004,0.084375,1000,128,ref,2000,9c26e5b,0.43695,0.399437,-0.0858505,0,0,0,0,0,0,nan,nan,DIED,DIED,DIED
L4-001-I004-s0.075000-t1001-N128-ref,I004,0.075,1001,128,ref,2000,9c26e5b,0.435429,0.40181,-0.0772077,0.435962,0.433606,0.43811,0.435793,0.44059,0.478233,1,0.989821,RECOVERED,RECOVERED,RECOVERED
L4-001-I004-s0.087500-t1001-N128-ref,I004,0.0875,1001,128,ref,2000,9c26e5b,0.435429,0.396436,-0.0895507,0,0,0,0,0,0,nan,nan,DIED,DIED,DIED
L4-001-I004-s0.081250-t1001-N128-ref,I004,0.08125,1001,128,ref,2000,9c26e5b,0.435429,0.399271,-0.0830393,0,0,0,0,0,0,nan,nan,DIED,DIED,DIED
L4-001-I004-s0.078125-t1001-N128-ref,I004,0.078125,1001,128,ref,2000,9c26e5b,0.435429,0.401334,-0.0783006,0.436337,0.434448,0.438258,0.436314,0.440558,0.477889,1,0.994014,RECOVERED,RECOVERED,RECOVERED
L4-001-I004-s0.075000-t1002-N128-ref,I004,0.075,1002,128,ref,2000,9c26e5b,0.43518,0.402166,-0.0758615,0.435684,0.434287,0.437909,0.436606,0.440469,0.477739,1,0.992095,RECOVERED,RECOVERED,RECOVERED
L4-001-I004-s0.087500-t1002-N128-ref,I004,0.0875,1002,128,ref,2000,9c26e5b,0.43518,0.396817,-0.0881534,0,0,0,0,0,0,nan,nan,DIED,DIED,DIED
L4-001-I004-s0.081250-t1002-N128-ref,I004,0.08125,1002,128,ref,2000,9c26e5b,0.43518,0.399339,-0.0823584,0.437633,0.434053,0.438162,0.435867,0.440256,0.478088,1,0.990231,RECOVERED,RECOVERED,RECOVERED
L4-001-I004-s0.084375-t1002-N128-ref,I004,0.084375,1002,128,ref,2000,9c26e5b,0.43518,0.398285,-0.0847805,0,0,0,0,0,0,nan,nan,DIED,DIED,DIED
L4-001-I004-s0.075000-t1003-N128-ref,I004,0.075,1003,128,ref,2000,9c26e5b,0.436221,0.40297,-0.076225,0.434764,0.434296,0.437736,0.436182,0.441019,0.477949,1,0.992298,RECOVERED,RECOVERED,RECOVERED
L4-001-I004-s0.087500-t1003-N128-ref,I004,0.0875,1003,128,ref,2000,9c26e5b,0.436221,0.397963,-0.087703,0.437062,0.433974,0.438032,0.435852,0.440194,0.477958,1,0.992233,RECOVERED,RECOVERED,RECOVERED
L4-001-I004-s0.093750-t1003-N128-ref,I004,0.09375,1003,128,ref,2000,9c26e5b,0.436221,0.394534,-0.0955636,0,0,0,0,0,0,nan,nan,DIED,DIED,DIED
L4-001-I004-s0.090625-t1003-N128-ref,I004,0.090625,1003,128,ref,2000,9c26e5b,0.436221,0.396311,-0.0914895,0,0,0,0,0,0,nan,nan,DIED,DIED,DIED
L4-001-I004-s0.075000-t1004-N128-ref,I004,0.075,1004,128,ref,2000,9c26e5b,0.437121,0.403739,-0.0763679,0.436357,0.434085,0.438112,0.436413,0.440376,0.477882,1,0.993635,RECOVERED,RECOVERED,RECOVERED
L4-001-I004-s0.087500-t1004-N128-ref,I004,0.0875,1004,128,ref,2000,9c26e5b,0.437121,0.398131,-0.0891974,0,0,0,0,0,0,nan,nan,DIED,DIED,DIED
L4-001-I004-s0.081250-t1004-N128-ref,I004,0.08125,1004,128,ref,2000,9c26e5b,0.437121,0.401485,-0.0815239,0.43492,0.434055,0.438207,0.436195,0.440093,0.478073,1,0.99037,RECOVERED,RECOVERED,RECOVERED
L4-001-I004-s0.084375-t1004-N128-ref,I004,0.084375,1004,128,ref,2000,9c26e5b,0.437121,0.399606,-0.0858226,0,0,0,0,0,0,nan,nan,DIED,DIED,DIED
