strength,offset,died,death_step
0.101098476141250,-4.000e-07,0,
0.101098486141250,-3.900e-07,0,
0.101098496141250,-3.800e-07,0,
0.101098506141250,-3.700e-07,0,
0.101098516141250,-3.600e-07,0,
0.101098526141250,-3.500e-07,0,
0.101098536141250,-3.400e-07,0,
0.101098546141250,-3.300e-07,0,
0.101098556141250,-3.200e-07,0,
0.101098566141250,-3.100e-07,0,
0.101098576141250,-3.000e-07,0,
0.101098586141250,-2.900e-07,1,98
0.101098596141250,-2.800e-07,1,96
0.101098606141250,-2.700e-07,1,119
0.101098616141250,-2.600e-07,1,127
0.101098626141250,-2.500e-07,0,
0.101098636141250,-2.400e-07,1,117
0.101098646141250,-2.300e-07,1,96
0.101098656141250,-2.200e-07,1,99
0.101098666141250,-2.100e-07,1,98
0.101098676141250,-2.000e-07,1,98
0.101098686141250,-1.900e-07,1,95
0.101098696141250,-1.800e-07,1,103
0.101098706141250,-1.700e-07,0,
0.101098716141250,-1.600e-07,0,
0.101098726141250,-1.500e-07,0,
0.101098736141250,-1.400e-07,0,
0.101098746141250,-1.300e-07,0,
0.101098756141250,-1.200e-07,0,
0.101098766141250,-1.100e-07,1,112
0.101098776141250,-1.000e-07,1,121
0.101098786141250,-9.000e-08,1,135
0.101098796141250,-8.000e-08,1,112
0.101098806141250,-7.000e-08,1,113
0.101098816141250,-6.000e-08,1,226
0.101098826141250,-5.000e-08,1,206
0.101098836141250,-4.000e-08,1,216
0.101098846141250,-3.000e-08,1,100
0.101098856141250,-2.000e-08,1,101
0.101098866141250,-1.000e-08,1,104
0.101098876141250,+0.000e+00,1,93
