job_id,n,R,T,mu,sigma,core,growth,path,boundary,dtype,zoom_order,steps,final_t,alive,fate,mass,mass_rel_sd,mass_min,mass_max,gyradius,speed,speed_cells_per_step,heading_deg,mass_period_steps,mass_period_tu,mass_period_power,wall_s
N32,32,13,10,0.15,0.015,poly,poly,fft,wrap,float64,0,4000,400,1,persists,0.435804,0.00253935,0.433459,0.438008,0.438064,0.479412,0.623235,68.1973,4.31799,0.431799,0.199119,0.7
N40,40,13,10,0.15,0.015,poly,poly,fft,wrap,float64,0,4000,400,1,persists,0.435803,0.00255783,0.433186,0.438019,0.437795,0.479419,0.623245,68.1978,4.31799,0.431799,0.19757,0.8
N44,44,13,10,0.15,0.015,poly,poly,fft,wrap,float64,0,4000,400,1,persists,0.435803,0.00255783,0.433186,0.438019,0.437742,0.479419,0.623245,68.1978,4.31799,0.431799,0.19757,1
N48,48,13,10,0.15,0.015,poly,poly,fft,wrap,float64,0,4000,400,1,persists,0.435803,0.00255783,0.433185,0.438019,0.43771,0.47942,0.623246,68.1979,4.31799,0.431799,0.197571,1
N52,52,13,10,0.15,0.015,poly,poly,fft,wrap,float64,0,4000,400,1,persists,0.435803,0.00255783,0.433186,0.438019,0.43769,0.47942,0.623246,68.1979,4.31799,0.431799,0.19757,0.9
N56,56,13,10,0.15,0.015,poly,poly,fft,wrap,float64,0,4000,400,1,persists,0.435803,0.00255783,0.433186,0.438019,0.437676,0.47942,0.623246,68.1979,4.31799,0.431799,0.19757,1
N64,64,13,10,0.15,0.015,poly,poly,fft,wrap,float64,0,4000,400,1,persists,0.435803,0.00255784,0.433186,0.438019,0.437661,0.479421,0.623247,68.1979,4.31799,0.431799,0.19757,0.9
N96,96,13,10,0.15,0.015,poly,poly,fft,wrap,float64,0,4000,400,1,persists,0.435803,0.00255783,0.433186,0.438019,0.437643,0.479421,0.623247,68.198,4.31799,0.431799,0.19757,2
N128,128,13,10,0.15,0.015,poly,poly,fft,wrap,float64,0,4000,400,1,persists,0.435803,0.00255784,0.433186,0.438019,0.437641,0.479421,0.623248,68.198,4.31799,0.431799,0.19757,2.8
N256,256,13,10,0.15,0.015,poly,poly,fft,wrap,float64,0,4000,400,1,persists,0.435803,0.00255783,0.433186,0.438019,0.437639,0.479421,0.623248,68.198,4.31799,0.431799,0.19757,10.3
N128-dead-edge,128,13,10,0.15,0.015,poly,poly,direct,constant,float64,0,4000,400,1,persists,0.367826,0.0968179,0.30201,0.430384,0.372946,0.000244792,0.00031823,17.292,26.7946,2.67946,0.395342,37.3
N128-direct-wrap,128,13,10,0.15,0.015,poly,poly,direct,wrap,float64,0,4000,400,1,persists,0.435803,0.00255783,0.433186,0.438019,0.437641,0.479421,0.623248,68.198,4.31799,0.431799,0.19757,39.8
