intervention,phase,t0,s,dM,cls,end_mass,win_mass_min,win_mass_max,win_gyr_min,win_gyr_max,win_speed
I001,0,4000,0,0,R,0.429993,0.42802,0.430671,0.435412,0.439012,0.536875
I001,0,4000,0.05,-0.05,R,0.429432,0.427984,0.430636,0.435442,0.439057,0.536871
I001,0,4000,0.1,-0.1,R,0.427994,0.427981,0.430739,0.435271,0.438802,0.53696
I001,0,4000,0.15,-0.15,D,0,0,0,nan,nan,0
I001,0,4000,0.2,-0.2,D,0,0,0,nan,nan,0
I001,0,4000,0.25,-0.25,D,0,0,0,nan,nan,0
I001,0,4000,0.3,-0.3,D,0,0,0,nan,nan,0
I001,0,4000,0.35,-0.35,D,0,0,0,nan,nan,0
I001,0,4000,0.4,-0.4,D,0,0,0,nan,nan,0
I001,0,4000,0.45,-0.45,D,0,0,0,nan,nan,0
I001,0,4000,0.5,-0.5,D,0,0,0,nan,nan,0
I001,0,4000,0.55,-0.55,D,0,0,0,nan,nan,0
I001,0,4000,0.6,-0.6,D,0,0,0,nan,nan,0
I001,0,4000,0.65,-0.65,D,0,0,0,nan,nan,0
I001,0,4000,0.7,-0.7,D,0,0,0,nan,nan,0
I001,0,4000,0.75,-0.75,D,0,0,0,nan,nan,0
I001,0,4000,0.8,-0.8,D,0,0,0,nan,nan,0
I001,0,4000,0.85,-0.85,D,0,0,0,nan,nan,0
I001,0,4000,0.9,-0.9,D,0,0,0,nan,nan,0
I001,0,4000,0.95,-0.95,D,0,0,0,nan,nan,0
I001,1,4004,0,0,R,0.430018,0.428447,0.430743,0.435641,0.43906,0.536851
I001,1,4004,0.05,-0.05,R,0.429008,0.428365,0.430562,0.435503,0.438982,0.536952
I001,1,4004,0.1,-0.1,R,0.429905,0.427972,0.43074,0.435168,0.439008,0.536839
I001,1,4004,0.15,-0.15,D,0,0,0,nan,nan,0
I001,1,4004,0.2,-0.2,D,0,0,0,nan,nan,0
I001,1,4004,0.25,-0.25,D,0,0,0,nan,nan,0
I001,1,4004,0.3,-0.3,D,0,0,0,nan,nan,0
I001,1,4004,0.35,-0.35,D,0,0,0,nan,nan,0
I001,1,4004,0.4,-0.4,D,0,0,0,nan,nan,0
I001,1,4004,0.45,-0.45,D,0,0,0,nan,nan,0
I001,1,4004,0.5,-0.5,D,0,0,0,nan,nan,0
I001,1,4004,0.55,-0.55,D,0,0,0,nan,nan,0
I001,1,4004,0.6,-0.6,D,0,0,0,nan,nan,0
I001,1,4004,0.65,-0.65,D,0,0,0,nan,nan,0
I001,1,4004,0.7,-0.7,D,0,0,0,nan,nan,0
I001,1,4004,0.75,-0.75,D,0,0,0,nan,nan,0
I001,1,4004,0.8,-0.8,D,0,0,0,nan,nan,0
I001,1,4004,0.85,-0.85,D,0,0,0,nan,nan,0
I001,1,4004,0.9,-0.9,D,0,0,0,nan,nan,0
I001,1,4004,0.95,-0.95,D,0,0,0,nan,nan,0
I001,2,4008,0,0,R,0.429228,0.428335,0.430577,0.43563,0.439001,0.536873
I001,2,4008,0.05,-0.05,R,0.429165,0.427909,0.430725,0.435167,0.438854,0.536975
I001,2,4008,0.1,-0.1,R,0.428876,0.428476,0.430701,0.435673,0.439036,0.536926
I001,2,4008,0.15,-0.15,D,0,0,0,nan,nan,0
I001,2,4008,0.2,-0.2,D,0,0,0,nan,nan,0
I001,2,4008,0.25,-0.25,D,0,0,0,nan,nan,0
I001,2,4008,0.3,-0.3,D,0,0,0,nan,nan,0
I001,2,4008,0.35,-0.35,D,0,0,0,nan,nan,0
I001,2,4008,0.4,-0.4,D,0,0,0,nan,nan,0
I001,2,4008,0.45,-0.45,D,0,0,0,nan,nan,0
I001,2,4008,0.5,-0.5,D,0,0,0,nan,nan,0
I001,2,4008,0.55,-0.55,D,0,0,0,nan,nan,0
I001,2,4008,0.6,-0.6,D,0,0,0,nan,nan,0
I001,2,4008,0.65,-0.65,D,0,0,0,nan,nan,0
I001,2,4008,0.7,-0.7,D,0,0,0,nan,nan,0
I001,2,4008,0.75,-0.75,D,0,0,0,nan,nan,0
I001,2,4008,0.8,-0.8,D,0,0,0,nan,nan,0
I001,2,4008,0.85,-0.85,D,0,0,0,nan,nan,0
I001,2,4008,0.9,-0.9,D,0,0,0,nan,nan,0
I001,2,4008,0.95,-0.95,D,0,0,0,nan,nan,0
I001,3,4012,0,0,R,0.429078,0.428161,0.430589,0.435628,0.438901,0.536918
I001,3,4012,0.05,-0.05,R,0.429103,0.428388,0.430726,0.43568,0.439063,0.536956
I001,3,4012,0.1,-0.1,R,0.429414,0.427901,0.430679,0.435303,0.438802,0.53692
I001,3,4012,0.15,-0.15,D,0,0,0,nan,nan,0
I001,3,4012,0.2,-0.2,D,0,0,0,nan,nan,0
I001,3,4012,0.25,-0.25,D,0,0,0,nan,nan,0
I001,3,4012,0.3,-0.3,D,0,0,0,nan,nan,0
I001,3,4012,0.35,-0.35,D,0,0,0,nan,nan,0
I001,3,4012,0.4,-0.4,D,0,0,0,nan,nan,0
I001,3,4012,0.45,-0.45,D,0,0,0,nan,nan,0
I001,3,4012,0.5,-0.5,D,0,0,0,nan,nan,0
I001,3,4012,0.55,-0.55,D,0,0,0,nan,nan,0
I001,3,4012,0.6,-0.6,D,0,0,0,nan,nan,0
I001,3,4012,0.65,-0.65,D,0,0,0,nan,nan,0
I001,3,4012,0.7,-0.7,D,0,0,0,nan,nan,0
I001,3,4012,0.75,-0.75,D,0,0,0,nan,nan,0
I001,3,4012,0.8,-0.8,D,0,0,0,nan,nan,0
I001,3,4012,0.85,-0.85,D,0,0,0,nan,nan,0
I001,3,4012,0.9,-0.9,D,0,0,0,nan,nan,0
I001,3,4012,0.95,-0.95,D,0,0,0,nan,nan,0
I001,4,4016,0,0,R,0.428928,0.427916,0.430697,0.435269,0.439018,0.536964
I001,4,4016,0.05,-0.05,R,0.430733,0.428545,0.430733,0.435593,0.439065,0.536847
I001,4,4016,0.1,-0.1,R,0.429175,0.428207,0.430562,0.435742,0.43905,0.536947
I001,4,4016,0.15,-0.15,D,0,0,0,nan,nan,0
I001,4,4016,0.2,-0.2,D,0,0,0,nan,nan,0
I001,4,4016,0.25,-0.25,D,0,0,0,nan,nan,0
I001,4,4016,0.3,-0.3,D,0,0,0,nan,nan,0
I001,4,4016,0.35,-0.35,D,0,0,0,nan,nan,0
I001,4,4016,0.4,-0.4,D,0,0,0,nan,nan,0
I001,4,4016,0.45,-0.45,D,0,0,0,nan,nan,0
I001,4,4016,0.5,-0.5,D,0,0,0,nan,nan,0
I001,4,4016,0.55,-0.55,D,0,0,0,nan,nan,0
I001,4,4016,0.6,-0.6,D,0,0,0,nan,nan,0
I001,4,4016,0.65,-0.65,D,0,0,0,nan,nan,0
I001,4,4016,0.7,-0.7,D,0,0,0,nan,nan,0
I001,4,4016,0.75,-0.75,D,0,0,0,nan,nan,0
I001,4,4016,0.8,-0.8,D,0,0,0,nan,nan,0
I001,4,4016,0.85,-0.85,D,0,0,0,nan,nan,0
I001,4,4016,0.9,-0.9,D,0,0,0,nan,nan,0
I001,4,4016,0.95,-0.95,D,0,0,0,nan,nan,0
I002,0,4000,0,0,R,0.429993,0.42802,0.430671,0.435412,0.439012,0.536875
I002,0,4000,0.05,-0.0122838,R,0.429473,0.427971,0.430732,0.43525,0.438885,0.536894
I002,0,4000,0.1,-0.0765568,D,0,0,0,nan,nan,0
I002,0,4000,0.15,-0.146078,D,0,0,0,nan,nan,0
I002,0,4000,0.2,-0.252944,D,0,0,0,nan,nan,0
I002,0,4000,0.25,-0.340138,D,0,0,0,nan,nan,0
I002,0,4000,0.3,-0.433598,D,0,0,0,nan,nan,0
I002,0,4000,0.35,-0.48604,D,0,0,0,nan,nan,0
I002,0,4000,0.4,-0.544754,D,0,0,0,nan,nan,0
I002,0,4000,0.45,-0.60357,D,0,0,0,nan,nan,0
I002,0,4000,0.5,-0.645613,D,0,0,0,nan,nan,0
I002,0,4000,0.55,-0.708396,D,0,0,0,nan,nan,0
I002,0,4000,0.6,-0.780328,D,0,0,0,nan,nan,0
I002,0,4000,0.65,-0.895843,D,0,0,0,nan,nan,0
I002,0,4000,0.7,-0.958089,D,0,0,0,nan,nan,0
I002,0,4000,0.75,-0.983653,D,0,0,0,nan,nan,0
I002,0,4000,0.8,-0.987157,D,0,0,0,nan,nan,0
I002,0,4000,0.85,-0.997076,D,0,0,0,nan,nan,0
I002,0,4000,0.9,-1,D,0,0,0,nan,nan,0
I002,0,4000,0.95,-1,D,0,0,0,nan,nan,0
I002,0,4000,1,-1,D,0,0,0,nan,nan,0
I002,1,4004,0,0,R,0.430018,0.428447,0.430743,0.435641,0.43906,0.536851
I002,1,4004,0.05,-0.0121604,R,0.430707,0.428458,0.430707,0.435601,0.439017,0.536846
I002,1,4004,0.1,-0.0740472,D,0,0,0,nan,nan,0
I002,1,4004,0.15,-0.133565,D,0,0,0,nan,nan,0
I002,1,4004,0.2,-0.243769,D,0,0,0,nan,nan,0
I002,1,4004,0.25,-0.35079,D,0,0,0,nan,nan,0
I002,1,4004,0.3,-0.409353,D,0,0,0,nan,nan,0
I002,1,4004,0.35,-0.495023,D,0,0,0,nan,nan,0
I002,1,4004,0.4,-0.545089,D,0,0,0,nan,nan,0
I002,1,4004,0.45,-0.587303,D,0,0,0,nan,nan,0
I002,1,4004,0.5,-0.647115,D,0,0,0,nan,nan,0
I002,1,4004,0.55,-0.702634,D,0,0,0,nan,nan,0
I002,1,4004,0.6,-0.768707,D,0,0,0,nan,nan,0
I002,1,4004,0.65,-0.909196,D,0,0,0,nan,nan,0
I002,1,4004,0.7,-0.946658,D,0,0,0,nan,nan,0
I002,1,4004,0.75,-0.982266,D,0,0,0,nan,nan,0
I002,1,4004,0.8,-0.992739,D,0,0,0,nan,nan,0
I002,1,4004,0.85,-0.996652,D,0,0,0,nan,nan,0
I002,1,4004,0.9,-1,D,0,0,0,nan,nan,0
I002,1,4004,0.95,-1,D,0,0,0,nan,nan,0
I002,1,4004,1,-1,D,0,0,0,nan,nan,0
I002,2,4008,0,0,R,0.429228,0.428335,0.430577,0.43563,0.439001,0.536873
I002,2,4008,0.05,-0.0126384,R,0.429227,0.428458,0.430742,0.435458,0.439063,0.536899
I002,2,4008,0.1,-0.0485691,D,0,0,0,nan,nan,0
I002,2,4008,0.15,-0.144879,D,0,0,0,nan,nan,0
I002,2,4008,0.2,-0.24384,D,0,0,0,nan,nan,0
I002,2,4008,0.25,-0.337214,D,0,0,0,nan,nan,0
I002,2,4008,0.3,-0.43739,D,0,0,0,nan,nan,0
I002,2,4008,0.35,-0.4862,D,0,0,0,nan,nan,0
I002,2,4008,0.4,-0.548642,D,0,0,0,nan,nan,0
I002,2,4008,0.45,-0.599267,D,0,0,0,nan,nan,0
I002,2,4008,0.5,-0.638081,D,0,0,0,nan,nan,0
I002,2,4008,0.55,-0.705788,D,0,0,0,nan,nan,0
I002,2,4008,0.6,-0.780533,D,0,0,0,nan,nan,0
I002,2,4008,0.65,-0.865076,D,0,0,0,nan,nan,0
I002,2,4008,0.7,-0.950686,D,0,0,0,nan,nan,0
I002,2,4008,0.75,-0.978128,D,0,0,0,nan,nan,0
I002,2,4008,0.8,-0.99246,D,0,0,0,nan,nan,0
I002,2,4008,0.85,-0.997821,D,0,0,0,nan,nan,0
I002,2,4008,0.9,-0.999402,D,0,0,0,nan,nan,0
I002,2,4008,0.95,-1,D,0,0,0,nan,nan,0
I002,2,4008,1,-1,D,0,0,0,nan,nan,0
I002,3,4012,0,0,R,0.429078,0.428161,0.430589,0.435628,0.438901,0.536918
I002,3,4012,0.05,-0.0122814,R,0.428608,0.428344,0.430645,0.435862,0.439063,0.536956
I002,3,4012,0.1,-0.074956,D,0,0,0,nan,nan,0
I002,3,4012,0.15,-0.158766,D,0,0,0,nan,nan,0
I002,3,4012,0.2,-0.253469,D,0,0,0,nan,nan,0
I002,3,4012,0.25,-0.335633,D,0,0,0,nan,nan,0
I002,3,4012,0.3,-0.427872,D,0,0,0,nan,nan,0
I002,3,4012,0.35,-0.488158,D,0,0,0,nan,nan,0
I002,3,4012,0.4,-0.545646,D,0,0,0,nan,nan,0
I002,3,4012,0.45,-0.59523,D,0,0,0,nan,nan,0
I002,3,4012,0.5,-0.642518,D,0,0,0,nan,nan,0
I002,3,4012,0.55,-0.690207,D,0,0,0,nan,nan,0
I002,3,4012,0.6,-0.787673,D,0,0,0,nan,nan,0
I002,3,4012,0.65,-0.886857,D,0,0,0,nan,nan,0
I002,3,4012,0.7,-0.957731,D,0,0,0,nan,nan,0
I002,3,4012,0.75,-0.97909,D,0,0,0,nan,nan,0
I002,3,4012,0.8,-0.993855,D,0,0,0,nan,nan,0
I002,3,4012,0.85,-0.996083,D,0,0,0,nan,nan,0
I002,3,4012,0.9,-0.999794,D,0,0,0,nan,nan,0
I002,3,4012,0.95,-1,D,0,0,0,nan,nan,0
I002,3,4012,1,-1,D,0,0,0,nan,nan,0
I002,4,4016,0,0,R,0.428928,0.427916,0.430697,0.435269,0.439018,0.536964
I002,4,4016,0.05,-0.0124905,R,0.429902,0.428014,0.430752,0.435259,0.438937,0.53687
I002,4,4016,0.1,-0.0863982,D,0,0,0,nan,nan,0
I002,4,4016,0.15,-0.121488,D,0,0,0,nan,nan,0
I002,4,4016,0.2,-0.246819,D,0,0,0,nan,nan,0
I002,4,4016,0.25,-0.350907,D,0,0,0,nan,nan,0
I002,4,4016,0.3,-0.419653,D,0,0,0,nan,nan,0
I002,4,4016,0.35,-0.482592,D,0,0,0,nan,nan,0
I002,4,4016,0.4,-0.541055,D,0,0,0,nan,nan,0
I002,4,4016,0.45,-0.586597,D,0,0,0,nan,nan,0
I002,4,4016,0.5,-0.640738,D,0,0,0,nan,nan,0
I002,4,4016,0.55,-0.695145,D,0,0,0,nan,nan,0
I002,4,4016,0.6,-0.773086,D,0,0,0,nan,nan,0
I002,4,4016,0.65,-0.892731,D,0,0,0,nan,nan,0
I002,4,4016,0.7,-0.950382,D,0,0,0,nan,nan,0
I002,4,4016,0.75,-0.980396,D,0,0,0,nan,nan,0
I002,4,4016,0.8,-0.990715,D,0,0,0,nan,nan,0
I002,4,4016,0.85,-0.997517,D,0,0,0,nan,nan,0
I002,4,4016,0.9,-1,D,0,0,0,nan,nan,0
I002,4,4016,0.95,-1,D,0,0,0,nan,nan,0
I002,4,4016,1,-1,D,0,0,0,nan,nan,0
I003,0,4000,0,0,R,0.429993,0.42802,0.430671,0.435412,0.439012,0.536875
I003,0,4000,0.05,0.0457574,R,0.429895,0.428013,0.430483,0.43539,0.438912,0.536905
I003,0,4000,0.1,0.0915147,R,0.429899,0.427937,0.430607,0.435276,0.438882,0.536903
I003,0,4000,0.15,0.137272,R,0.430361,0.427974,0.430732,0.435246,0.438919,0.536902
I003,0,4000,0.2,0.183029,R,0.429236,0.427891,0.430756,0.43522,0.438839,0.536883
I003,0,4000,0.25,0.228787,R,0.429708,0.427972,0.430594,0.435294,0.438921,0.536878
I003,0,4000,0.3,0.274544,R,0.430412,0.428014,0.430557,0.435531,0.438979,0.536823
I003,0,4000,0.35,0.320302,D,0,0,0,nan,nan,0
I003,0,4000,0.4,0.366059,D,0,0,0,nan,nan,0
I003,0,4000,0.45,0.411816,D,0,0,0,nan,nan,0
I003,0,4000,0.5,0.457574,D,0,0,0,nan,nan,0
I003,0,4000,0.55,0.503331,D,0,0,0,nan,nan,0
I003,0,4000,0.6,0.549088,D,0,0,0,nan,nan,0
I003,0,4000,0.65,0.594846,D,0,0,0,nan,nan,0
I003,0,4000,0.7,0.640603,D,0,0,0,nan,nan,0
I003,0,4000,0.75,0.68636,D,0,0,0,nan,nan,0
I003,0,4000,0.8,0.732118,D,0,0,0,nan,nan,0
I003,0,4000,0.85,0.777875,D,0,0,0,nan,nan,0
I003,0,4000,0.9,0.823632,D,0,0,0,nan,nan,0
I003,0,4000,0.95,0.86939,D,0,0,0,nan,nan,0
I003,0,4000,1,0.915147,D,0,0,0,nan,nan,0
I003,1,4004,0,0,R,0.430018,0.428447,0.430743,0.435641,0.43906,0.536851
I003,1,4004,0.05,0.0456287,R,0.430208,0.427921,0.430751,0.435264,0.438782,0.536821
I003,1,4004,0.1,0.0912575,R,0.430469,0.428019,0.43061,0.435418,0.438887,0.536832
I003,1,4004,0.15,0.136886,R,0.429914,0.428018,0.430548,0.435339,0.43889,0.53687
I003,1,4004,0.2,0.182515,R,0.429138,0.427905,0.430667,0.435339,0.438807,0.536967
I003,1,4004,0.25,0.228144,R,0.429902,0.427933,0.430685,0.435199,0.438831,0.536872
I003,1,4004,0.3,0.273772,R,0.429794,0.427933,0.430614,0.43527,0.438846,0.536885
I003,1,4004,0.35,0.319401,D,0,0,0,nan,nan,0
I003,1,4004,0.4,0.36503,D,0,0,0,nan,nan,0
I003,1,4004,0.45,0.410659,D,0,0,0,nan,nan,0
I003,1,4004,0.5,0.456287,D,0,0,0,nan,nan,0
I003,1,4004,0.55,0.501916,D,0,0,0,nan,nan,0
I003,1,4004,0.6,0.547545,D,0,0,0,nan,nan,0
I003,1,4004,0.65,0.593174,D,0,0,0,nan,nan,0
I003,1,4004,0.7,0.638802,D,0,0,0,nan,nan,0
I003,1,4004,0.75,0.684431,D,0,0,0,nan,nan,0
I003,1,4004,0.8,0.73006,D,0,0,0,nan,nan,0
I003,1,4004,0.85,0.775689,D,0,0,0,nan,nan,0
I003,1,4004,0.9,0.821317,D,0,0,0,nan,nan,0
I003,1,4004,0.95,0.866946,D,0,0,0,nan,nan,0
I003,1,4004,1,0.912575,D,0,0,0,nan,nan,0
I003,2,4008,0,0,R,0.429228,0.428335,0.430577,0.43563,0.439001,0.536873
I003,2,4008,0.05,0.0456429,R,0.429232,0.428553,0.430686,0.435783,0.439031,0.536909
I003,2,4008,0.1,0.0912857,R,0.429188,0.428096,0.430762,0.435248,0.439054,0.5369
I003,2,4008,0.15,0.136929,R,0.429735,0.428193,0.430595,0.435668,0.439062,0.536928
I003,2,4008,0.2,0.182571,R,0.429201,0.42831,0.430658,0.435998,0.439065,0.53691
I003,2,4008,0.25,0.228214,R,0.430626,0.428231,0.43074,0.435313,0.439059,0.536849
I003,2,4008,0.3,0.273857,R,0.429086,0.42821,0.430608,0.435771,0.439057,0.53693
I003,2,4008,0.35,0.3195,R,0.430342,0.428166,0.430585,0.435515,0.439045,0.536849
I003,2,4008,0.4,0.365143,D,0,0,0,nan,nan,0
I003,2,4008,0.45,0.410786,D,0,0,0,nan,nan,0
I003,2,4008,0.5,0.456429,D,0,0,0,nan,nan,0
I003,2,4008,0.55,0.502072,D,0,0,0,nan,nan,0
I003,2,4008,0.6,0.547714,D,0,0,0,nan,nan,0
I003,2,4008,0.65,0.593357,D,0,0,0,nan,nan,0
I003,2,4008,0.7,0.639,D,0,0,0,nan,nan,0
I003,2,4008,0.75,0.684643,D,0,0,0,nan,nan,0
I003,2,4008,0.8,0.730286,D,0,0,0,nan,nan,0
I003,2,4008,0.85,0.775929,D,0,0,0,nan,nan,0
I003,2,4008,0.9,0.821572,D,0,0,0,nan,nan,0
I003,2,4008,0.95,0.867214,D,0,0,0,nan,nan,0
I003,2,4008,1,0.912857,D,0,0,0,nan,nan,0
I003,3,4012,0,0,R,0.429078,0.428161,0.430589,0.435628,0.438901,0.536918
I003,3,4012,0.05,0.0456491,R,0.430605,0.427901,0.430733,0.435174,0.438817,0.536887
I003,3,4012,0.1,0.0912983,R,0.430612,0.427911,0.430744,0.435248,0.438825,0.536894
I003,3,4012,0.15,0.136947,R,0.428183,0.428019,0.430779,0.43524,0.438929,0.536964
I003,3,4012,0.2,0.182597,R,0.430791,0.42844,0.430791,0.435359,0.439057,0.536839
I003,3,4012,0.25,0.228246,R,0.430068,0.427969,0.430776,0.435242,0.438914,0.536873
I003,3,4012,0.3,0.273895,R,0.429636,0.429022,0.430766,0.436843,0.438529,0.536772
I003,3,4012,0.35,0.319544,D,0,0,0,nan,nan,0
I003,3,4012,0.4,0.365193,D,0,0,0,nan,nan,0
I003,3,4012,0.45,0.410842,D,0,0,0,nan,nan,0
I003,3,4012,0.5,0.456491,D,0,0,0,nan,nan,0
I003,3,4012,0.55,0.50214,D,0,0,0,nan,nan,0
I003,3,4012,0.6,0.54779,D,0,0,0,nan,nan,0
I003,3,4012,0.65,0.593439,D,0,0,0,nan,nan,0
I003,3,4012,0.7,0.639088,D,0,0,0,nan,nan,0
I003,3,4012,0.75,0.684737,D,0,0,0,nan,nan,0
I003,3,4012,0.8,0.730386,D,0,0,0,nan,nan,0
I003,3,4012,0.85,0.776035,D,0,0,0,nan,nan,0
I003,3,4012,0.9,0.821684,D,0,0,0,nan,nan,0
I003,3,4012,0.95,0.867333,D,0,0,0,nan,nan,0
I003,3,4012,1,0.912983,D,0,0,0,nan,nan,0
I003,4,4016,0,0,R,0.428928,0.427916,0.430697,0.435269,0.439018,0.536964
I003,4,4016,0.05,0.0456482,R,0.429828,0.42792,0.430784,0.435282,0.438947,0.536889
I003,4,4016,0.1,0.0912964,R,0.430126,0.428434,0.430665,0.435858,0.438999,0.536834
I003,4,4016,0.15,0.136945,R,0.429859,0.427907,0.430668,0.43534,0.438823,0.536874
I003,4,4016,0.2,0.182593,R,0.429788,0.427996,0.430767,0.435189,0.438929,0.536898
I003,4,4016,0.25,0.228241,R,0.429338,0.427949,0.430746,0.435149,0.439025,0.536897
I003,4,4016,0.3,0.273889,R,0.43022,0.427961,0.430733,0.435258,0.438815,0.536825
I003,4,4016,0.35,0.319537,D,0,0,0,nan,nan,0
I003,4,4016,0.4,0.365186,D,0,0,0,nan,nan,0
I003,4,4016,0.45,0.410834,D,0,0,0,nan,nan,0
I003,4,4016,0.5,0.456482,D,0,0,0,nan,nan,0
I003,4,4016,0.55,0.50213,D,0,0,0,nan,nan,0
I003,4,4016,0.6,0.547778,D,0,0,0,nan,nan,0
I003,4,4016,0.65,0.593427,D,0,0,0,nan,nan,0
I003,4,4016,0.7,0.639075,D,0,0,0,nan,nan,0
I003,4,4016,0.75,0.684723,D,0,0,0,nan,nan,0
I003,4,4016,0.8,0.730371,D,0,0,0,nan,nan,0
I003,4,4016,0.85,0.776019,D,0,0,0,nan,nan,0
I003,4,4016,0.9,0.821668,D,0,0,0,nan,nan,0
I003,4,4016,0.95,0.867316,D,0,0,0,nan,nan,0
I003,4,4016,1,0.912964,D,0,0,0,nan,nan,0
I004,0,4000,0,0,R,0.429993,0.42802,0.430671,0.435412,0.439012,0.536875
I004,0,4000,0.05,-0.0501336,R,0.429944,0.428397,0.430453,0.435846,0.439028,0.536932
I004,0,4000,0.1,-0.102464,D,0,0,0,nan,nan,0
I004,0,4000,0.15,-0.15009,D,0,0,0,nan,nan,0
I004,0,4000,0.2,-0.206096,D,0,0,0,nan,nan,0
I004,0,4000,0.25,-0.253308,D,0,0,0,nan,nan,0
I004,0,4000,0.3,-0.306249,D,0,0,0,nan,nan,0
I004,0,4000,0.35,-0.360848,D,0,0,0,nan,nan,0
I004,0,4000,0.4,-0.401201,D,0,0,0,nan,nan,0
I004,0,4000,0.45,-0.450399,D,0,0,0,nan,nan,0
I004,0,4000,0.5,-0.507245,D,0,0,0,nan,nan,0
I004,0,4000,0.55,-0.555083,D,0,0,0,nan,nan,0
I004,0,4000,0.6,-0.60109,D,0,0,0,nan,nan,0
I004,0,4000,0.65,-0.655471,D,0,0,0,nan,nan,0
I004,0,4000,0.7,-0.707394,D,0,0,0,nan,nan,0
I004,0,4000,0.75,-0.757208,D,0,0,0,nan,nan,0
I004,0,4000,0.8,-0.802701,D,0,0,0,nan,nan,0
I004,0,4000,0.85,-0.851431,D,0,0,0,nan,nan,0
I004,0,4000,0.9,-0.900107,D,0,0,0,nan,nan,0
I004,0,4000,0.95,-0.951529,D,0,0,0,nan,nan,0
I004,1,4004,0,0,R,0.430018,0.428447,0.430743,0.435641,0.43906,0.536851
I004,1,4004,0.05,-0.0527327,R,0.430134,0.428064,0.430697,0.435272,0.438805,0.536878
I004,1,4004,0.1,-0.100067,R,0.428778,0.427649,0.431182,0.436191,0.438671,0.537024
I004,1,4004,0.15,-0.150556,D,0,0,0,nan,nan,0
I004,1,4004,0.2,-0.206729,D,0,0,0,nan,nan,0
I004,1,4004,0.25,-0.25422,D,0,0,0,nan,nan,0
I004,1,4004,0.3,-0.306763,D,0,0,0,nan,nan,0
I004,1,4004,0.35,-0.359556,D,0,0,0,nan,nan,0
I004,1,4004,0.4,-0.410331,D,0,0,0,nan,nan,0
I004,1,4004,0.45,-0.458348,D,0,0,0,nan,nan,0
I004,1,4004,0.5,-0.505596,D,0,0,0,nan,nan,0
I004,1,4004,0.55,-0.554114,D,0,0,0,nan,nan,0
I004,1,4004,0.6,-0.60126,D,0,0,0,nan,nan,0
I004,1,4004,0.65,-0.653279,D,0,0,0,nan,nan,0
I004,1,4004,0.7,-0.704221,D,0,0,0,nan,nan,0
I004,1,4004,0.75,-0.754688,D,0,0,0,nan,nan,0
I004,1,4004,0.8,-0.800755,D,0,0,0,nan,nan,0
I004,1,4004,0.85,-0.850067,D,0,0,0,nan,nan,0
I004,1,4004,0.9,-0.900814,D,0,0,0,nan,nan,0
I004,1,4004,0.95,-0.950416,D,0,0,0,nan,nan,0
I004,2,4008,0,0,R,0.429228,0.428335,0.430577,0.43563,0.439001,0.536873
I004,2,4008,0.05,-0.0541638,R,0.428019,0.427477,0.431269,0.435905,0.438676,0.53704
I004,2,4008,0.1,-0.101293,D,0,0,0,nan,nan,0
I004,2,4008,0.15,-0.151619,D,0,0,0,nan,nan,0
I004,2,4008,0.2,-0.207865,D,0,0,0,nan,nan,0
I004,2,4008,0.25,-0.255148,D,0,0,0,nan,nan,0
I004,2,4008,0.3,-0.306393,D,0,0,0,nan,nan,0
I004,2,4008,0.35,-0.357358,D,0,0,0,nan,nan,0
I004,2,4008,0.4,-0.408965,D,0,0,0,nan,nan,0
I004,2,4008,0.45,-0.450286,D,0,0,0,nan,nan,0
I004,2,4008,0.5,-0.500349,D,0,0,0,nan,nan,0
I004,2,4008,0.55,-0.551099,D,0,0,0,nan,nan,0
I004,2,4008,0.6,-0.601237,D,0,0,0,nan,nan,0
I004,2,4008,0.65,-0.65157,D,0,0,0,nan,nan,0
I004,2,4008,0.7,-0.703654,D,0,0,0,nan,nan,0
I004,2,4008,0.75,-0.754695,D,0,0,0,nan,nan,0
I004,2,4008,0.8,-0.800842,D,0,0,0,nan,nan,0
I004,2,4008,0.85,-0.850175,D,0,0,0,nan,nan,0
I004,2,4008,0.9,-0.903138,D,0,0,0,nan,nan,0
I004,2,4008,0.95,-0.959622,D,0,0,0,nan,nan,0
I004,3,4012,0,0,R,0.429078,0.428161,0.430589,0.435628,0.438901,0.536918
I004,3,4012,0.05,-0.0531514,R,0.429704,0.428027,0.430708,0.435323,0.438781,0.536903
I004,3,4012,0.1,-0.100059,D,0,0,0,nan,nan,0
I004,3,4012,0.15,-0.150725,D,0,0,0,nan,nan,0
I004,3,4012,0.2,-0.207906,D,0,0,0,nan,nan,0
I004,3,4012,0.25,-0.253938,D,0,0,0,nan,nan,0
I004,3,4012,0.3,-0.303488,D,0,0,0,nan,nan,0
I004,3,4012,0.35,-0.354787,D,0,0,0,nan,nan,0
I004,3,4012,0.4,-0.407531,D,0,0,0,nan,nan,0
I004,3,4012,0.45,-0.450889,D,0,0,0,nan,nan,0
I004,3,4012,0.5,-0.501449,D,0,0,0,nan,nan,0
I004,3,4012,0.55,-0.550851,D,0,0,0,nan,nan,0
I004,3,4012,0.6,-0.603267,D,0,0,0,nan,nan,0
I004,3,4012,0.65,-0.656307,D,0,0,0,nan,nan,0
I004,3,4012,0.7,-0.702676,D,0,0,0,nan,nan,0
I004,3,4012,0.75,-0.754363,D,0,0,0,nan,nan,0
I004,3,4012,0.8,-0.800026,D,0,0,0,nan,nan,0
I004,3,4012,0.85,-0.851574,D,0,0,0,nan,nan,0
I004,3,4012,0.9,-0.901749,D,0,0,0,nan,nan,0
I004,3,4012,0.95,-0.957464,D,0,0,0,nan,nan,0
I004,4,4016,0,0,R,0.428928,0.427916,0.430697,0.435269,0.439018,0.536964
I004,4,4016,0.05,-0.0517733,R,0.428798,0.428196,0.430553,0.43576,0.43893,0.536923
I004,4,4016,0.1,-0.100099,D,0,0,0,nan,nan,0
I004,4,4016,0.15,-0.15523,D,0,0,0,nan,nan,0
I004,4,4016,0.2,-0.207261,D,0,0,0,nan,nan,0
I004,4,4016,0.25,-0.2525,D,0,0,0,nan,nan,0
I004,4,4016,0.3,-0.302002,D,0,0,0,nan,nan,0
I004,4,4016,0.35,-0.353777,D,0,0,0,nan,nan,0
I004,4,4016,0.4,-0.406471,D,0,0,0,nan,nan,0
I004,4,4016,0.45,-0.451928,D,0,0,0,nan,nan,0
I004,4,4016,0.5,-0.501882,D,0,0,0,nan,nan,0
I004,4,4016,0.55,-0.552154,D,0,0,0,nan,nan,0
I004,4,4016,0.6,-0.601825,D,0,0,0,nan,nan,0
I004,4,4016,0.65,-0.654629,D,0,0,0,nan,nan,0
I004,4,4016,0.7,-0.702013,D,0,0,0,nan,nan,0
I004,4,4016,0.75,-0.753509,D,0,0,0,nan,nan,0
I004,4,4016,0.8,-0.80005,D,0,0,0,nan,nan,0
I004,4,4016,0.85,-0.85203,D,0,0,0,nan,nan,0
I004,4,4016,0.9,-0.900539,D,0,0,0,nan,nan,0
I004,4,4016,0.95,-0.956053,D,0,0,0,nan,nan,0
I001,0,4000,0.125,-0.125,D,0,0,0,nan,nan,0
I001,1,4004,0.125,-0.125,D,0,0,0,nan,nan,0
I001,2,4008,0.125,-0.125,D,0,0,0,nan,nan,0
I001,3,4012,0.125,-0.125,D,0,0,0,nan,nan,0
I001,4,4016,0.125,-0.125,D,0,0,0,nan,nan,0
I002,0,4000,0.075,-0.0367917,R,0.428234,0.427897,0.430748,0.435169,0.438816,0.536931
I002,1,4004,0.075,-0.0362822,R,0.429543,0.427919,0.430759,0.435199,0.438931,0.536895
I002,2,4008,0.075,-0.0485691,D,0,0,0,nan,nan,0
I002,3,4012,0.075,-0.0362215,R,0.42925,0.428271,0.430689,0.435841,0.439068,0.536957
I002,4,4016,0.075,-0.0237988,R,0.429903,0.42791,0.430665,0.435234,0.438779,0.536873
I003,0,4000,0.325,0.297423,R,0.42998,0.427943,0.430735,0.435256,0.438841,0.536847
I003,1,4004,0.325,0.296587,R,0.428144,0.427881,0.430736,0.435179,0.43882,0.536935
I003,2,4008,0.375,0.342322,D,0,0,0,nan,nan,0
I003,3,4012,0.325,0.296719,R,0.429316,0.429015,0.430154,0.436725,0.438036,0.539195
I003,4,4016,0.325,0.296713,R,0.429046,0.428463,0.430731,0.435689,0.439046,0.536958
I004,0,4000,0.075,-0.0750039,R,0.430022,0.426177,0.433832,0.430419,0.44408,0.536757
I004,1,4004,0.125,-0.128695,D,0,0,0,nan,nan,0
I004,2,4008,0.075,-0.0763195,R,0.429323,0.427021,0.433409,0.432036,0.444532,0.536764
I004,3,4012,0.075,-0.0757354,R,0.428434,0.427969,0.430701,0.435367,0.438773,0.536926
I004,4,4016,0.075,-0.0756713,R,0.431047,0.426249,0.433771,0.430502,0.443902,0.536761
I001,0,4000,0.1125,-0.1125,D,0,0,0,nan,nan,0
I001,1,4004,0.1125,-0.1125,D,0,0,0,nan,nan,0
I001,2,4008,0.1125,-0.1125,D,0,0,0,nan,nan,0
I001,3,4012,0.1125,-0.1125,D,0,0,0,nan,nan,0
I001,4,4016,0.1125,-0.1125,D,0,0,0,nan,nan,0
I002,0,4000,0.0875,-0.050489,D,0,0,0,nan,nan,0
I002,1,4004,0.0875,-0.0484017,D,0,0,0,nan,nan,0
I002,2,4008,0.0625,-0.0485691,D,0,0,0,nan,nan,0
I002,3,4012,0.0875,-0.0499791,D,0,0,0,nan,nan,0
I002,4,4016,0.0875,-0.0508741,D,0,0,0,nan,nan,0
I003,0,4000,0.3375,0.308862,R,0.429905,0.427889,0.430697,0.435186,0.438777,0.536873
I003,1,4004,0.3375,0.307994,R,0.429465,0.427913,0.430695,0.43527,0.439009,0.536877
I003,2,4008,0.3625,0.330911,D,0,0,0,nan,nan,0
I003,3,4012,0.3375,0.308132,R,0.42944,0.428233,0.430776,0.436216,0.438546,0.537368
I003,4,4016,0.3375,0.308125,D,0,0,0,nan,nan,0
I004,0,4000,0.0875,-0.087884,R,0.430356,0.426316,0.433622,0.430594,0.444101,0.536784
I004,1,4004,0.1125,-0.113079,D,0,0,0,nan,nan,0
I004,2,4008,0.0875,-0.087515,R,0.427431,0.426975,0.433281,0.431229,0.444054,0.536777
I004,3,4012,0.0875,-0.0884308,R,0.428689,0.427925,0.430668,0.435373,0.439009,0.536943
I004,4,4016,0.0875,-0.0880683,R,0.430413,0.426479,0.433737,0.430829,0.444237,0.536727
I001,0,4000,0.10625,-0.10625,R,0.429947,0.428019,0.430511,0.435358,0.438894,0.536833
I001,1,4004,0.10625,-0.10625,R,0.429587,0.427928,0.430747,0.435189,0.438974,0.536959
I001,2,4008,0.10625,-0.10625,D,0,0,0,nan,nan,0
I001,3,4012,0.10625,-0.10625,D,0,0,0,nan,nan,0
I001,4,4016,0.10625,-0.10625,D,0,0,0,nan,nan,0
I002,0,4000,0.08125,-0.0367917,R,0.428234,0.427897,0.430748,0.435169,0.438816,0.536931
I002,1,4004,0.08125,-0.0362822,R,0.429543,0.427919,0.430759,0.435199,0.438931,0.536895
I002,2,4008,0.05625,-0.0360754,R,0.428002,0.428002,0.430749,0.435276,0.438912,0.536954
I002,3,4012,0.08125,-0.0362215,R,0.42925,0.428271,0.430689,0.435841,0.439068,0.536957
I002,4,4016,0.08125,-0.0508741,D,0,0,0,nan,nan,0
I003,0,4000,0.34375,0.314582,R,0.428382,0.428382,0.430621,0.435729,0.43905,0.536955
I003,1,4004,0.34375,0.313698,R,0.429952,0.428032,0.430785,0.435252,0.439054,0.536832
I003,2,4008,0.35625,0.325205,R,0.430206,0.428481,0.430664,0.435891,0.439009,0.536906
I003,3,4012,0.34375,0.313838,R,0.428882,0.427893,0.431155,0.435349,0.440238,0.534957
I003,4,4016,0.33125,0.302419,R,0.429083,0.42838,0.431072,0.43581,0.439048,0.537287
I004,0,4000,0.09375,-0.0938294,R,0.430217,0.427354,0.432932,0.43188,0.444098,0.536757
I004,1,4004,0.10625,-0.108214,D,0,0,0,nan,nan,0
I004,2,4008,0.09375,-0.0944931,R,0.432146,0.427232,0.433094,0.431736,0.444341,0.536773
I004,3,4012,0.09375,-0.0945747,D,0,0,0,nan,nan,0
I004,4,4016,0.09375,-0.0941144,D,0,0,0,nan,nan,0
I001,0,4000,0.109375,-0.109375,D,0,0,0,nan,nan,0
I001,1,4004,0.109375,-0.109375,D,0,0,0,nan,nan,0
I001,2,4008,0.103125,-0.103125,R,0.429557,0.428508,0.430822,0.43681,0.438831,0.536866
I001,3,4012,0.103125,-0.103125,R,0.429224,0.428015,0.430558,0.435372,0.438842,0.536942
I001,4,4016,0.103125,-0.103125,D,0,0,0,nan,nan,0
I002,0,4000,0.084375,-0.0367917,R,0.428234,0.427897,0.430748,0.435169,0.438816,0.536931
I002,1,4004,0.084375,-0.0484017,D,0,0,0,nan,nan,0
I002,2,4008,0.059375,-0.0360754,R,0.428002,0.428002,0.430749,0.435276,0.438912,0.536954
I002,3,4012,0.084375,-0.0499791,D,0,0,0,nan,nan,0
I002,4,4016,0.078125,-0.0375356,R,0.429468,0.427997,0.430624,0.435276,0.438874,0.536923
I003,0,4000,0.346875,0.317442,R,0.429834,0.42797,0.430755,0.435196,0.439003,0.536873
I003,1,4004,0.346875,0.316549,R,0.430404,0.428639,0.430668,0.435894,0.439066,0.536881
I003,2,4008,0.359375,0.328058,D,0,0,0,nan,nan,0
I003,3,4012,0.346875,0.316691,D,0,0,0,nan,nan,0
I003,4,4016,0.334375,0.305272,R,0.429987,0.428225,0.430681,0.435866,0.439069,0.536857
I004,0,4000,0.096875,-0.0984514,D,0,0,0,nan,nan,0
I004,1,4004,0.103125,-0.103208,D,0,0,0,nan,nan,0
I004,2,4008,0.096875,-0.0969357,D,0,0,0,nan,nan,0
I004,3,4012,0.090625,-0.0912794,R,0.430276,0.427998,0.430723,0.435276,0.439009,0.536822
I004,4,4016,0.090625,-0.0910776,D,0,0,0,nan,nan,0
I001,0,4000,0.107813,-0.107812,D,0,0,0,nan,nan,0
I001,1,4004,0.107813,-0.107813,R,0.428476,0.428026,0.430775,0.435273,0.439022,0.536963
I001,2,4008,0.104688,-0.104688,R,0.429811,0.428474,0.430835,0.435808,0.438947,0.537237
I001,3,4012,0.104688,-0.104688,D,0,0,0,nan,nan,0
I001,4,4016,0.101562,-0.101563,R,0.429025,0.42836,0.430669,0.435913,0.439072,0.536918
I002,0,4000,0.0859375,-0.0367917,R,0.428234,0.427897,0.430748,0.435169,0.438816,0.536931
I002,1,4004,0.0828125,-0.0362822,R,0.429543,0.427919,0.430759,0.435199,0.438931,0.536895
I002,2,4008,0.0609375,-0.0485691,D,0,0,0,nan,nan,0
I002,3,4012,0.0828125,-0.0362215,R,0.42925,0.428271,0.430689,0.435841,0.439068,0.536957
I002,4,4016,0.0796875,-0.0508741,D,0,0,0,nan,nan,0
I003,0,4000,0.348437,0.318872,D,0,0,0,nan,nan,0
I003,1,4004,0.348437,0.317975,D,0,0,0,nan,nan,0
I003,2,4008,0.357812,0.326632,D,0,0,0,nan,nan,0
I003,3,4012,0.345313,0.315264,R,0.42863,0.42797,0.431208,0.435224,0.440228,0.535054
I003,4,4016,0.335938,0.306699,D,0,0,0,nan,nan,0
I004,0,4000,0.0953125,-0.0953259,D,0,0,0,nan,nan,0
I004,1,4004,0.101562,-0.103208,D,0,0,0,nan,nan,0
I004,2,4008,0.0953125,-0.0969357,D,0,0,0,nan,nan,0
I004,3,4012,0.0921875,-0.0932471,D,0,0,0,nan,nan,0
I004,4,4016,0.0890625,-0.0902855,D,0,0,0,nan,nan,0
I001,0,4000,0.107031,-0.107031,R,0.428068,0.428068,0.430781,0.435282,0.439027,0.536963
I001,1,4004,0.108594,-0.108594,D,0,0,0,nan,nan,0
I001,2,4008,0.105469,-0.105469,D,0,0,0,nan,nan,0
I001,3,4012,0.103906,-0.103906,R,0.429039,0.428435,0.430606,0.435805,0.439059,0.536869
I001,4,4016,0.102344,-0.102344,D,0,0,0,nan,nan,0
I002,0,4000,0.0867188,-0.0367917,R,0.428234,0.427897,0.430748,0.435169,0.438816,0.536931
I002,1,4004,0.0835938,-0.0362822,R,0.429543,0.427919,0.430759,0.435199,0.438931,0.536895
I002,2,4008,0.0601562,-0.0360754,R,0.428002,0.428002,0.430749,0.435276,0.438912,0.536954
I002,3,4012,0.0835938,-0.0499791,D,0,0,0,nan,nan,0
I002,4,4016,0.0789063,-0.0508741,D,0,0,0,nan,nan,0
I003,0,4000,0.347656,0.318157,R,0.428226,0.428226,0.430763,0.43552,0.439039,0.536945
I003,1,4004,0.347656,0.317262,R,0.430984,0.426299,0.433592,0.430527,0.443779,0.536767
I003,2,4008,0.357031,0.325919,D,0,0,0,nan,nan,0
I003,3,4012,0.346094,0.315978,R,0.430762,0.427883,0.431066,0.435363,0.440255,0.534622
I003,4,4016,0.335156,0.305986,D,0,0,0,nan,nan,0
I004,0,4000,0.0945312,-0.0950002,D,0,0,0,nan,nan,0
I004,1,4004,0.100781,-0.101123,D,0,0,0,nan,nan,0
I004,2,4008,0.0945312,-0.0946961,R,0.431946,0.426262,0.433701,0.430984,0.444644,0.536755
I004,3,4012,0.0914063,-0.0932471,D,0,0,0,nan,nan,0
I004,4,4016,0.0882813,-0.0884276,R,0.429639,0.426795,0.433674,0.431745,0.444359,0.536705
