angle,R,n,alive,heading_early,heading_late,drift_deg,speed_late,heading_t800,heading_t1600,heading_t2400,nearest_rational_slope,rational_heading
0,26,256,1,67.045,67.102,0.057192,0.47966,67.067,67.071,67.072,19/8,67.166
1,26,256,1,64.819,64.094,-0.72537,0.47966,64.096,64.094,64.094,2,63.435
2,26,256,1,64.501,64.094,-0.40683,0.47966,64.087,64.085,64.093,2,63.435
3,26,256,1,64.109,64.093,-0.015783,0.47966,64.095,64.093,64.094,2,63.435
4,26,256,1,62.817,64.084,1.2671,0.47967,63.392,64.101,64.086,2,63.435
5,26,256,1,62.185,62.457,0.27173,0.47967,62.459,62.457,62.457,15/8,61.928
6,26,256,1,60.083,59.352,-0.73109,0.47965,59.358,59.353,59.351,5/3,59.036
7,26,256,1,59.415,59.357,-0.058068,0.47964,59.346,59.357,59.356,5/3,59.036
8,26,256,1,58.908,58.909,0.00077314,0.47965,58.909,58.909,58.909,5/3,59.036
9,26,256,1,58.215,59.344,1.1297,0.47963,59.338,59.346,59.349,5/3,59.036
10,26,256,1,58.006,59.36,1.3534,0.47964,58.948,59.359,59.347,5/3,59.036
11,26,256,1,55.32,53.28,-2.0402,0.47983,53.28,53.281,53.281,4/3,53.13
12,26,256,1,53.328,53.279,-0.049617,0.47983,53.282,53.279,53.282,4/3,53.13
13,26,256,1,53.283,53.279,-0.00311,0.47983,53.282,53.28,53.281,4/3,53.13
14,26,256,1,53.284,53.282,-0.0016188,0.47983,53.279,53.282,53.279,4/3,53.13
15,26,256,1,52.064,53.279,1.215,0.47982,53.283,53.279,53.283,4/3,53.13
16,26,256,1,49.654,49.326,-0.32803,0.47971,49.327,49.325,49.326,7/6,49.399
17,26,256,1,49.339,49.325,-0.013425,0.47971,49.327,49.325,49.327,7/6,49.399
18,26,256,1,49.326,49.326,4.5343e-05,0.47971,49.327,49.326,49.326,7/6,49.399
19,26,256,1,47.902,47.917,0.014425,0.47947,47.913,47.917,47.914,9/8,48.366
20,26,256,1,46.544,46.543,-0.0008586,0.47957,46.542,46.543,46.543,1,45
21,26,256,1,46.539,46.542,0.0027587,0.47959,46.543,46.541,46.542,1,45
22,26,256,1,43.472,43.458,-0.01425,0.47961,43.457,43.458,43.456,1,45
23,26,256,1,43.459,43.46,0.0012111,0.47961,43.459,43.461,43.459,1,45
24,26,256,1,42.078,42.095,0.01724,0.47951,42.09,42.084,42.083,7/8,41.186
25,26,256,1,42.089,42.094,0.0043721,0.47949,42.094,42.09,42.085,7/8,41.186
26,26,256,1,40.664,40.673,0.0089195,0.47971,40.673,40.673,40.675,6/7,40.601
27,26,256,1,40.656,40.66,0.0036363,0.47972,40.673,40.673,40.673,6/7,40.601
28,26,256,1,39.533,40.674,1.1414,0.47971,40.674,40.673,40.674,6/7,40.601
29,26,256,1,36.748,36.717,-0.03083,0.47983,36.721,36.718,36.721,3/4,36.87
30,26,256,1,36.72,36.72,-7.3086e-05,0.47982,36.719,36.72,36.719,3/4,36.87
31,26,256,1,36.718,36.721,0.0036775,0.47983,36.718,36.721,36.718,3/4,36.87
32,26,256,1,36.195,36.721,0.52583,0.47983,36.717,36.721,36.717,3/4,36.87
33,26,256,1,32.031,30.644,-1.3871,0.47964,30.959,30.646,30.646,3/5,30.964
34,26,256,1,31.894,31.093,-0.80144,0.47966,31.091,31.093,31.09,3/5,30.964
35,26,256,1,31.534,31.091,-0.44391,0.47966,31.072,31.09,31.092,3/5,30.964
36,26,256,1,30.643,30.642,-0.0007102,0.47964,30.646,30.652,30.641,3/5,30.964
37,26,256,1,30.376,30.651,0.27483,0.47964,30.655,30.654,30.645,3/5,30.964
38,26,256,1,29.121,29.134,0.01271,0.47963,29.134,29.135,29.134,4/7,29.745
39,26,256,1,27.538,27.543,0.0048999,0.47969,27.543,27.543,27.543,1/2,26.565
40,26,256,1,26.856,26.853,-0.0037251,0.47967,26.852,26.853,26.853,1/2,26.565
41,26,256,1,25.914,25.907,-0.0073453,0.47966,25.911,25.906,25.906,1/2,26.565
42,26,256,1,25.611,25.907,0.2952,0.47966,25.902,25.906,25.907,1/2,26.565
43,26,256,1,23.034,22.932,-0.10254,0.47966,22.928,22.896,22.909,3/7,23.199
44,26,256,1,22.829,22.928,0.098302,0.47966,22.911,22.928,22.93,3/7,23.199
45,26,256,1,22.269,22.925,0.65578,0.47966,22.894,22.93,22.927,3/7,23.199
