angle,R,n,alive,heading_early,heading_late,drift_deg,speed_late,nearest_rational_slope,rational_heading
0,26,256,1,67.045,67.067,0.0217,0.47966,19/8,67.166
2.5,26,256,1,64.047,64.093,0.046293,0.47966,2,63.435
5,26,256,1,62.185,62.459,0.27346,0.47969,15/8,61.928
7.5,26,256,1,59.35,59.344,-0.0061406,0.47963,5/3,59.036
10,26,256,1,58.006,58.948,0.94147,0.47964,5/3,59.036
12.5,26,256,1,53.284,53.279,-0.0052029,0.47983,4/3,53.13
15,26,256,1,52.064,53.283,1.2189,0.47983,4/3,53.13
17.5,26,256,1,49.327,49.328,0.0012543,0.47972,7/6,49.399
20,26,256,1,46.544,46.542,-0.0017967,0.47961,1,45
22.5,26,256,1,43.457,43.457,-0.00050171,0.47956,1,45
25,26,256,1,42.089,42.094,0.0051029,0.47944,7/8,41.186
27.5,26,256,1,40.657,40.673,0.016569,0.47971,6/7,40.601
30,26,256,1,36.72,36.719,-0.00078681,0.47983,3/4,36.87
32.5,26,256,1,34.829,36.721,1.8919,0.47983,3/4,36.87
35,26,256,1,31.534,31.072,-0.46239,0.47967,3/5,30.964
37.5,26,256,1,30.219,30.645,0.42571,0.47963,3/5,30.964
40,26,256,1,26.856,26.852,-0.0043619,0.47966,1/2,26.565
42.5,26,256,1,25.379,25.907,0.5279,0.47966,1/2,26.565
45,26,256,1,22.269,22.894,0.62501,0.47966,3/7,23.199
47.5,26,256,1,19.745,20.658,0.91265,0.47968,3/8,20.556
50,26,256,1,17.069,18.14,1.0701,0.47967,1/3,18.435
52.5,26,256,1,14.626,16.604,1.9779,0.47965,2/7,15.945
55,26,256,1,12.331,13.253,0.92255,0.47965,1/4,14.036
57.5,26,256,1,10.463,12.553,2.0902,0.47963,1/5,11.31
60,26,256,1,6.5055,11.007,4.5017,0.47967,1/5,11.31
62.5,26,256,1,4.7386,4.8011,0.062491,0.47959,1/8,7.125
65,26,256,1,2.0635,2.0659,0.0023902,0.47968,0,0
67.5,26,256,1,2.0645,2.0592,-0.0053062,0.47969,0,0
70,26,256,1,-2.0631,-2.0665,-0.0033828,0.47969,0,0
72.5,26,256,1,-4.8808,-4.7378,0.14303,0.47953,-1/8,-7.125
75,26,256,1,-9.6395,-11.875,-2.2359,0.47964,-1/5,-11.31
77.5,26,256,1,-11.244,-12.617,-1.3732,0.47964,-1/5,-11.31
80,26,256,1,-13.072,-13.269,-0.19688,0.47964,-1/4,-14.036
82.5,26,256,1,-16.092,-17.281,-1.1892,0.47965,-1/3,-18.435
85,26,256,1,-18.636,-20.409,-1.7726,0.47968,-3/8,-20.556
87.5,26,256,1,-21.061,-21.07,-0.0087863,0.47966,-3/8,-20.556
90,26,256,1,-22.955,-22.91,0.044697,0.47966,-3/7,-23.199
