job_id,n,R,T,mu,sigma,core,growth,path,boundary,dtype,zoom_order,steps,final_t,alive,fate,wall_s,mass,mass_rel_sd,mass_min,mass_max,gyradius,speed,speed_cells_per_step,heading_deg,mass_period_steps,mass_period_tu,mass_period_power
T1,128,13,1,0.15,0.015,poly,poly,fft,wrap,float64,0,400,4,0,dies,0,,,,,,,,,,,
T2,128,13,2,0.15,0.015,poly,poly,fft,wrap,float64,0,800,3.5,0,dies,0,,,,,,,,,,,
T3,128,13,3,0.15,0.015,poly,poly,fft,wrap,float64,0,1200,5,0,dies,0,,,,,,,,,,,
T4,128,13,4,0.15,0.015,poly,poly,fft,wrap,float64,0,1600,400,1,persists,1,0.441093,0.0119111,0.431429,0.451721,0.439255,0.414002,1.34551,78.9251,3.86174,0.965434,0.399
T5,128,13,5,0.15,0.015,poly,poly,fft,wrap,float64,0,2000,400,1,persists,1.3,0.439473,0.0101569,0.430968,0.449404,0.438772,0.431613,1.12219,78.5049,4.61846,0.923692,0.336265
T7,128,13,7,0.15,0.015,poly,poly,fft,wrap,float64,0,2800,400,1,persists,1.9,0.437369,0.00302628,0.433697,0.440794,0.437089,0.458587,0.851662,67.7409,3.09426,0.442037,0.0731827
T10,128,13,10,0.15,0.015,poly,poly,fft,wrap,float64,0,4000,400,1,persists,3,0.435803,0.00255784,0.433186,0.438019,0.437641,0.479421,0.623248,68.198,4.31799,0.431799,0.19757
T15,128,13,15,0.15,0.015,poly,poly,fft,wrap,float64,0,6000,400,1,persists,3.9,0.433756,0.0016328,0.43185,0.435433,0.437712,0.500782,0.434011,68.2046,6.20828,0.413885,0.156671
T20,128,13,20,0.15,0.015,poly,poly,fft,wrap,float64,0,8000,400,1,persists,4.9,0.432335,0.000891285,0.431221,0.433206,0.437694,0.513726,0.333922,68.6044,18.3517,0.917584,0.206131
T40,128,13,40,0.15,0.015,poly,poly,fft,wrap,float64,0,16000,400,1,persists,10.3,0.429589,0.00145278,0.427863,0.430793,0.437616,0.536893,0.17449,67.8697,33.1519,0.828798,0.393252
T80,128,13,80,0.15,0.015,poly,poly,fft,wrap,float64,0,32000,400,1,persists,21.5,0.427789,0.00129226,0.426263,0.428871,0.437515,0.551462,0.0896125,66.6245,89.8914,1.12364,0.28765
T160,128,13,160,0.15,0.015,poly,poly,fft,wrap,float64,0,64000,400,1,persists,43,0.42655,0.00159208,0.424883,0.427861,0.437405,0.560554,0.045545,66.5295,181.822,1.13639,0.3842
T320,128,13,320,0.15,0.015,poly,poly,fft,wrap,float64,0,128000,400,1,persists,84.2,0.425739,0.00135426,0.424717,0.426762,0.437279,0.56608,0.022997,66.8019,331.038,1.03449,0.253284
