R,rot,alive,heading_w0,heading_w1,heading_w2,heading_w3,heading_w4,heading_w5,heading_w6,heading_w7,speed_R_per_time_last
26,0,1,66.929,67.044,67.069,67.072,67.072,67.070,67.087,67.109,0.47967
26,3,1,62.743,62.808,62.894,62.974,63.019,63.135,63.268,63.356,0.47970
26,6,1,59.339,59.360,59.343,59.358,59.344,59.358,59.348,59.353,0.47962
26,9,1,57.213,57.898,58.096,58.215,58.362,58.472,58.575,58.727,0.47965
26,12,1,53.286,53.282,53.281,53.280,53.279,53.280,53.282,53.282,0.47982
26,15,1,49.879,49.393,49.329,49.325,49.327,49.326,49.328,49.326,0.47971
26,18,1,47.853,47.922,47.930,47.933,47.932,47.903,47.912,47.910,0.47951
26,21,1,44.217,43.480,43.458,43.457,43.460,43.457,43.458,43.459,0.47960
26,24,1,41.536,42.052,42.090,42.095,42.081,42.090,42.082,42.097,0.47944
26,27,1,39.287,40.158,40.650,40.674,40.673,40.672,40.675,40.673,0.47971
26,30,1,35.752,36.702,36.720,36.718,36.718,36.720,36.721,36.720,0.47983
26,33,1,32.259,31.964,31.893,31.881,31.765,31.633,31.539,31.425,0.47965
26,36,1,29.221,29.689,30.204,30.507,30.564,30.636,30.652,30.643,0.47964
26,39,1,26.646,26.341,26.186,26.097,26.016,25.901,25.901,25.912,0.47966
26,42,1,23.333,23.012,22.921,22.915,22.929,22.929,22.928,22.925,0.47966
26,45,1,20.233,20.390,20.532,20.600,20.681,20.724,20.706,20.687,0.47968
