step,mass,growth,gyradius,cx,cy,speed,alive
0,0.454809,nan,0.455188,64.516,64.599,nan,1
10,0.437008,0.473947,0.440136,66.872,70.654,0.499759,1
20,0.432781,0.474939,0.434777,69.214,76.604,0.491859,1
30,0.438195,0.469944,0.442704,71.423,82.261,0.467143,1
40,0.432520,0.469263,0.436351,73.773,88.146,0.487443,1
50,0.434430,0.487471,0.435637,76.066,93.959,0.480747,1
60,0.437041,0.474608,0.436856,78.363,99.731,0.477817,1
70,0.435422,0.464428,0.438534,80.676,105.493,0.477618,1
80,0.435887,0.479906,0.439001,82.980,111.261,0.477822,1
90,0.435461,0.478251,0.436901,85.254,117.089,0.481220,1
100,0.435024,0.463570,0.435433,87.591,122.909,0.482428,1
110,0.434915,0.482922,0.436608,89.962,0.673,0.479435,1
120,0.437238,0.481598,0.437159,92.300,6.434,0.478272,1
130,0.437231,0.466278,0.437891,94.632,12.188,0.477566,1
140,0.436088,0.483002,0.438364,96.978,17.978,0.480530,1
150,0.437398,0.474348,0.439048,99.252,23.744,0.476780,1
160,0.435604,0.461837,0.440015,101.575,29.531,0.479668,1
170,0.433847,0.478542,0.437443,103.918,35.338,0.481706,1
180,0.433338,0.483088,0.434895,106.208,41.159,0.481209,1
190,0.436700,0.467138,0.435528,108.546,46.952,0.480493,1
200,0.436735,0.474574,0.438164,110.863,52.692,0.476157,1
210,0.437918,0.483742,0.439132,113.166,58.471,0.478548,1
220,0.436079,0.465078,0.439645,115.474,64.240,0.477949,1
230,0.433806,0.470662,0.439171,117.817,70.033,0.480729,1
240,0.433153,0.484979,0.435626,120.149,75.873,0.483678,1
250,0.436476,0.473027,0.435097,122.439,81.664,0.479078,1
260,0.435930,0.473722,0.436686,124.828,87.412,0.478789,1
270,0.436052,0.484546,0.436938,127.155,93.184,0.478697,1
280,0.436820,0.464536,0.438082,1.524,98.947,0.479326,1
290,0.436258,0.472189,0.439528,3.847,104.711,0.478020,1
300,0.437206,0.482418,0.438813,6.164,110.507,0.480140,1
310,0.435763,0.465258,0.439177,8.466,116.285,0.478443,1
320,0.433618,0.470483,0.438732,10.806,122.079,0.480726,1
330,0.432818,0.485981,0.435058,13.127,127.919,0.483389,1
340,0.437068,0.474461,0.435072,15.417,5.700,0.478286,1
350,0.436382,0.468853,0.437134,17.777,11.458,0.478665,1
360,0.437429,0.483766,0.439086,20.061,17.207,0.475901,1
370,0.437434,0.468229,0.440128,22.359,22.987,0.478479,1
380,0.434395,0.459600,0.438884,24.707,28.781,0.480878,1
390,0.433254,0.487021,0.436342,27.035,34.608,0.482684,1
400,0.434621,0.481220,0.434710,29.342,40.429,0.481610,1
410,0.436812,0.466128,0.436800,31.674,46.165,0.476285,1
420,0.436816,0.487323,0.437630,34.033,51.938,0.479768,1
430,0.437734,0.472397,0.438279,36.346,57.703,0.477796,1
440,0.434784,0.463266,0.438839,38.715,63.481,0.480347,1
450,0.436099,0.482352,0.439737,41.033,69.250,0.478285,1
460,0.436879,0.471014,0.438836,43.338,75.039,0.479358,1
470,0.434532,0.460115,0.438137,45.685,80.832,0.480792,1
480,0.433272,0.486259,0.435969,48.012,86.655,0.482322,1
490,0.435347,0.483406,0.435064,50.327,92.462,0.480852,1
500,0.437732,0.467827,0.437069,52.616,98.208,0.475808,1
510,0.435801,0.480726,0.438183,54.946,103.996,0.479976,1
520,0.436827,0.476762,0.438854,57.200,109.769,0.476740,1
530,0.436622,0.466614,0.439190,59.480,115.573,0.479688,1
540,0.434382,0.473229,0.436259,61.823,121.383,0.481874,1
550,0.435802,0.485570,0.436977,64.118,127.178,0.479401,1
560,0.437308,0.466143,0.438645,66.432,4.938,0.477527,1
570,0.435193,0.463139,0.439271,68.769,10.703,0.478563,1
580,0.435579,0.486690,0.437806,71.092,16.525,0.482111,1
590,0.435433,0.471877,0.436753,73.403,22.328,0.480513,1
600,0.434251,0.468023,0.437486,75.750,28.099,0.479249,1
610,0.434024,0.486816,0.435405,78.094,33.899,0.481192,1
620,0.437361,0.474387,0.435373,80.408,39.674,0.478560,1
630,0.436379,0.468156,0.437455,82.766,45.435,0.478805,1
640,0.437204,0.483138,0.438971,85.055,51.189,0.476399,1
650,0.437359,0.468640,0.440056,87.350,56.968,0.478286,1
660,0.434517,0.459492,0.439008,89.701,62.757,0.480657,1
670,0.433440,0.486663,0.436497,92.028,68.581,0.482417,1
680,0.434381,0.480913,0.434657,94.338,74.408,0.482168,1
690,0.436701,0.465826,0.436732,96.671,80.144,0.476304,1
700,0.436666,0.487559,0.437562,99.032,85.922,0.480121,1
710,0.437745,0.472642,0.438090,101.349,91.680,0.477489,1
720,0.434970,0.464177,0.438569,103.718,97.457,0.480252,1
730,0.436282,0.481968,0.439819,106.032,103.225,0.478082,1
740,0.437056,0.470947,0.439202,108.328,109.011,0.478846,1
750,0.434597,0.459684,0.438237,110.670,114.810,0.481104,1
760,0.433394,0.485315,0.436165,112.986,120.632,0.481944,1
770,0.435591,0.484542,0.435557,115.299,126.443,0.481129,1
780,0.437612,0.467801,0.437109,117.579,4.192,0.475742,1
790,0.434933,0.478036,0.437935,119.907,9.991,0.480671,1
800,0.435710,0.480092,0.437953,122.169,15.779,0.477997,1
810,0.437008,0.469442,0.438009,124.450,21.571,0.478888,1
820,0.435185,0.473065,0.436424,126.815,27.358,0.480855,1
830,0.435315,0.484920,0.436229,1.137,33.154,0.480368,1
840,0.436928,0.465474,0.437847,3.475,38.914,0.478156,1
850,0.435857,0.467054,0.439292,5.798,44.666,0.477194,1
860,0.436676,0.485171,0.438674,8.108,50.478,0.481089,1
870,0.435592,0.469186,0.437811,10.399,56.276,0.479542,1
880,0.434498,0.463797,0.438271,12.708,62.061,0.479134,1
890,0.435056,0.486667,0.436671,15.033,67.880,0.481997,1
900,0.437343,0.474277,0.436634,17.338,73.648,0.477839,1
910,0.435603,0.465526,0.438174,19.676,79.424,0.479342,1
920,0.435902,0.479414,0.439234,21.987,85.186,0.477511,1
930,0.436691,0.475841,0.438505,24.260,90.982,0.478901,1
940,0.434869,0.461801,0.436928,26.596,96.794,0.481857,1
950,0.433882,0.482781,0.436167,28.937,102.589,0.480759,1
960,0.435973,0.485514,0.436568,31.254,108.377,0.479567,1
970,0.437764,0.466336,0.437929,33.552,114.119,0.475798,1
980,0.434895,0.476048,0.438261,35.876,119.933,0.481642,1
990,0.435242,0.482092,0.437523,38.155,125.734,0.479426,1
1000,0.436950,0.470436,0.437863,40.429,3.520,0.478195,1
1010,0.435306,0.471642,0.436819,42.794,9.308,0.480958,1
1020,0.435429,0.484431,0.436201,45.120,15.095,0.479796,1
1030,0.436675,0.466286,0.437340,47.465,20.861,0.478804,1
1040,0.436019,0.467294,0.439051,49.801,26.613,0.477576,1
1050,0.437386,0.483929,0.439342,52.099,32.399,0.478860,1
1060,0.436082,0.468040,0.438706,54.394,38.193,0.479387,1
1070,0.434251,0.461798,0.438554,56.696,43.987,0.479596,1
1080,0.434164,0.485398,0.436510,59.012,49.831,0.483562,1
1090,0.437289,0.476579,0.436595,61.301,55.598,0.477296,1
1100,0.436248,0.466249,0.438506,63.611,61.373,0.478391,1
1110,0.434690,0.477631,0.438342,65.940,67.152,0.479335,1
1120,0.435655,0.479842,0.437341,68.219,72.952,0.479302,1
1130,0.435356,0.464094,0.436432,70.562,78.759,0.481736,1
1140,0.434196,0.482918,0.435735,72.932,84.536,0.480313,1
1150,0.434747,0.484961,0.435484,75.270,90.319,0.479802,1
1160,0.437702,0.465919,0.437349,77.582,96.063,0.476272,1
1170,0.436446,0.478880,0.438801,79.902,101.849,0.479565,1
1180,0.437164,0.478608,0.438674,82.192,107.629,0.478231,1
1190,0.436554,0.465665,0.439958,84.460,113.408,0.477531,1
1200,0.433728,0.471626,0.437476,86.796,119.244,0.483583,1
1210,0.435056,0.485029,0.435947,89.085,125.050,0.480028,1
1220,0.437180,0.471653,0.437907,91.383,2.815,0.477381,1
1230,0.435322,0.463100,0.438996,93.713,8.582,0.478540,1
1240,0.435616,0.483934,0.438207,96.029,14.373,0.479690,1
1250,0.435521,0.474278,0.436703,98.332,20.187,0.481083,1
1260,0.434396,0.463937,0.436888,100.680,25.973,0.480271,1
1270,0.434123,0.486636,0.436108,103.032,31.762,0.480730,1
1280,0.437026,0.478288,0.435672,105.344,37.532,0.478120,1
1290,0.437202,0.469018,0.437384,107.658,43.305,0.478395,1
1300,0.436004,0.479982,0.438518,109.969,49.084,0.478793,1
1310,0.436753,0.478033,0.439268,112.205,54.862,0.476606,1
1320,0.435870,0.465470,0.437566,114.503,60.698,0.482448,1
1330,0.434913,0.474864,0.436413,116.845,66.487,0.480381,1
1340,0.436492,0.484998,0.437922,119.147,72.259,0.477979,1
1350,0.437548,0.464206,0.439243,121.481,78.006,0.477134,1
1360,0.434750,0.469780,0.438808,123.831,83.805,0.481333,1
1370,0.435869,0.483388,0.437608,126.157,89.610,0.481045,1
1380,0.435997,0.467231,0.438702,0.464,95.379,0.477926,1
1390,0.433798,0.472284,0.437798,2.821,101.162,0.480382,1
1400,0.433428,0.485483,0.434858,5.123,106.984,0.481623,1
1410,0.437049,0.473076,0.435613,7.429,112.769,0.479017,1
1420,0.435857,0.466467,0.437616,9.755,118.536,0.478373,1
1430,0.437124,0.482707,0.439287,12.018,124.296,0.476003,1
1440,0.435872,0.475442,0.437805,14.290,2.122,0.481071,1
1450,0.434806,0.462091,0.436283,16.599,7.940,0.481492,1
1460,0.435570,0.480710,0.437698,18.941,13.707,0.478783,1
1470,0.437972,0.480577,0.438061,21.257,19.469,0.477669,1
1480,0.436325,0.466230,0.438393,23.609,25.240,0.479377,1
1490,0.434723,0.479627,0.438109,25.953,31.041,0.481323,1
1500,0.436572,0.475477,0.439000,28.230,36.808,0.476912,1
1510,0.436268,0.463666,0.439303,30.551,42.592,0.479416,1
1520,0.433663,0.478530,0.436258,32.885,48.410,0.482169,1
1530,0.434822,0.486376,0.435842,35.174,54.218,0.480278,1
1540,0.437224,0.466362,0.437453,37.486,59.986,0.477984,1
1550,0.435265,0.464787,0.438437,39.783,65.758,0.477891,1
1560,0.435145,0.486840,0.437377,42.092,71.571,0.481135,1
1570,0.435512,0.474992,0.436620,44.372,77.378,0.479871,1
1580,0.435488,0.466672,0.437349,46.714,83.146,0.478856,1
1590,0.436138,0.487224,0.436849,49.068,88.921,0.479739,1
1600,0.437101,0.472305,0.436329,51.404,94.699,0.479438,1
1610,0.435815,0.467145,0.437971,53.752,100.468,0.479127,1
1620,0.437142,0.482255,0.439746,56.033,106.222,0.476074,1
1630,0.436931,0.472363,0.439471,58.305,112.025,0.479376,1
1640,0.434344,0.460354,0.437702,60.618,117.847,0.481869,1
1650,0.434307,0.479886,0.437045,62.925,123.652,0.480544,1
1660,0.437141,0.483564,0.437568,65.223,1.437,0.478788,1
1670,0.436774,0.465416,0.438522,67.535,7.188,0.476865,1
1680,0.434248,0.476527,0.438146,69.884,12.993,0.481671,1
1690,0.435281,0.480338,0.437460,72.188,18.790,0.479877,1
1700,0.436565,0.467583,0.437992,74.492,24.571,0.478730,1
1710,0.434490,0.476845,0.436337,76.859,30.353,0.480539,1
1720,0.433991,0.484370,0.434997,79.174,36.157,0.480722,1
1730,0.436959,0.466399,0.436623,81.514,41.924,0.478715,1
1740,0.436303,0.468586,0.438674,83.813,47.682,0.476942,1
1750,0.437019,0.485778,0.439077,86.100,53.483,0.479597,1
1760,0.435584,0.471044,0.437656,88.367,59.291,0.479635,1
1770,0.435150,0.463163,0.437780,90.670,65.082,0.479383,1
1780,0.436141,0.485849,0.437508,93.004,70.878,0.480629,1
1790,0.437733,0.473886,0.437726,95.318,76.644,0.477898,1
1800,0.435271,0.464355,0.438715,97.680,82.418,0.479916,1
1810,0.435812,0.480313,0.439423,100.010,88.186,0.478501,1
1820,0.437064,0.473193,0.439016,102.296,93.970,0.478427,1
1830,0.435006,0.460527,0.438236,104.642,99.764,0.480822,1
1840,0.433589,0.483844,0.436264,106.960,105.576,0.481350,1
1850,0.435294,0.485833,0.435640,109.275,111.390,0.481351,1
1860,0.437709,0.467008,0.437215,111.558,117.141,0.476010,1
1870,0.434919,0.476069,0.438172,113.875,122.943,0.480610,1
1880,0.435141,0.482315,0.437449,116.145,0.743,0.479056,1
1890,0.437059,0.471550,0.437320,118.418,6.536,0.478703,1
1900,0.435627,0.470385,0.436976,120.783,12.314,0.480264,1
1910,0.435878,0.484333,0.436765,123.111,18.100,0.479690,1
1920,0.436732,0.465919,0.437747,125.454,23.862,0.478535,1
1930,0.435911,0.467579,0.439343,127.807,29.617,0.478267,1
1940,0.437378,0.483680,0.439328,2.109,35.402,0.478905,1
1950,0.436106,0.467266,0.438943,4.416,41.188,0.479187,1
1960,0.434070,0.463265,0.438730,6.728,46.980,0.479738,1
1970,0.433392,0.486249,0.435729,9.049,52.836,0.484528,1
1980,0.436848,0.476490,0.435596,11.336,58.613,0.477919,1
1990,0.436379,0.467953,0.437589,13.647,64.390,0.478606,1
2000,0.435279,0.478258,0.438391,15.950,70.160,0.477887,1
2010,0.435796,0.480250,0.437631,18.207,75.954,0.478337,1
2020,0.435524,0.465050,0.435894,20.532,81.778,0.482416,1
2030,0.434708,0.479517,0.436148,22.904,87.553,0.480193,1
2040,0.435969,0.484598,0.436985,25.225,93.325,0.478619,1
2050,0.437729,0.464937,0.438608,27.564,99.053,0.475880,1
2060,0.435864,0.477859,0.438764,29.896,104.861,0.481475,1
2070,0.436890,0.479058,0.438532,32.192,110.644,0.478611,1
2080,0.436537,0.465963,0.439687,34.463,116.423,0.477593,1
2090,0.433940,0.471730,0.437391,36.798,122.251,0.482952,1
2100,0.435109,0.485031,0.435921,39.087,0.057,0.480077,1
2110,0.437167,0.471221,0.437914,41.387,5.821,0.477429,1
2120,0.435358,0.462958,0.439047,43.715,11.589,0.478424,1
2130,0.435582,0.484090,0.438158,46.030,17.382,0.479892,1
2140,0.435432,0.474332,0.436569,48.332,23.197,0.481073,1
2150,0.434395,0.463935,0.436817,50.678,28.982,0.480247,1
2160,0.434213,0.486519,0.436176,53.031,34.771,0.480635,1
2170,0.437172,0.477690,0.435848,55.341,40.539,0.477946,1
2180,0.437058,0.469037,0.437423,57.657,46.314,0.478610,1
2190,0.435926,0.479735,0.438535,59.967,52.093,0.478782,1
2200,0.436646,0.478432,0.439104,62.203,57.874,0.476752,1
2210,0.435858,0.465579,0.437274,64.504,63.709,0.482495,1
2220,0.435016,0.475385,0.436445,66.850,69.494,0.480256,1
2230,0.436505,0.484951,0.437879,69.156,75.264,0.477986,1
2240,0.437483,0.464038,0.439135,71.498,81.009,0.477173,1
2250,0.435044,0.471340,0.438851,73.843,86.810,0.481291,1
2260,0.436208,0.482255,0.437847,76.166,92.608,0.480537,1
2270,0.436107,0.466899,0.438964,78.462,98.378,0.477673,1
2280,0.433819,0.472025,0.437811,80.811,104.174,0.481027,1
2290,0.433802,0.485956,0.435012,83.107,109.999,0.481660,1
2300,0.437059,0.473037,0.436266,85.409,115.778,0.478500,1
2310,0.435413,0.464767,0.437853,87.723,121.553,0.478591,1
2320,0.436246,0.482083,0.438680,90.004,127.317,0.476859,1
2330,0.435354,0.477123,0.436876,92.279,5.142,0.480974,1
2340,0.434996,0.463331,0.435934,94.607,10.955,0.481699,1
2350,0.435436,0.482535,0.437294,96.967,16.716,0.478873,1
2360,0.437864,0.478957,0.437542,99.297,22.474,0.477839,1
2370,0.436578,0.466659,0.437879,101.646,28.241,0.479013,1
2380,0.435896,0.481334,0.438497,103.980,34.027,0.479949,1
2390,0.437157,0.474387,0.439440,106.239,39.792,0.476247,1
2400,0.435970,0.463185,0.439653,108.551,45.596,0.480602,1
2410,0.433530,0.477538,0.436260,110.873,51.422,0.482390,1
2420,0.435369,0.486299,0.436593,113.155,57.222,0.479474,1
2430,0.437329,0.465988,0.437926,115.461,62.987,0.477665,1
2440,0.435004,0.463559,0.438449,117.774,68.763,0.478557,1
2450,0.434834,0.486996,0.437106,120.095,74.580,0.481798,1
2460,0.435529,0.474273,0.436522,122.386,80.384,0.479983,1
2470,0.435102,0.467623,0.437199,124.733,86.152,0.478992,1
2480,0.435616,0.487293,0.436375,127.084,91.929,0.479805,1
2490,0.437093,0.472423,0.435890,1.418,97.707,0.479368,1
2500,0.436099,0.467682,0.437893,3.764,103.474,0.478882,1
2510,0.437295,0.482872,0.439580,6.041,109.227,0.475985,1
2520,0.436903,0.471584,0.439703,8.319,115.030,0.479471,1
2530,0.434283,0.459790,0.438011,10.632,120.846,0.481509,1
2540,0.434024,0.480768,0.436982,12.936,126.660,0.481046,1
2550,0.436962,0.483159,0.437274,15.235,4.448,0.479038,1
2560,0.436800,0.465756,0.438354,17.542,10.199,0.476717,1
2570,0.434217,0.476633,0.438035,19.887,16.004,0.481546,1
2580,0.435324,0.480408,0.437512,22.186,21.798,0.479548,1
2590,0.436594,0.467993,0.437810,24.487,27.584,0.478966,1
2600,0.434618,0.476793,0.436187,26.855,33.364,0.480472,1
2610,0.434155,0.484516,0.435170,29.176,39.167,0.480796,1
2620,0.437009,0.466193,0.436834,31.518,44.928,0.478363,1
2630,0.436354,0.469037,0.438812,33.817,50.688,0.477078,1
2640,0.437031,0.485560,0.439015,36.107,56.490,0.479772,1
2650,0.435647,0.470569,0.437823,38.376,62.296,0.479544,1
2660,0.434998,0.463340,0.437857,40.678,68.088,0.479404,1
2670,0.436051,0.486013,0.437409,43.008,73.887,0.480742,1
2680,0.437675,0.474030,0.437691,45.318,79.654,0.477890,1
2690,0.435286,0.464206,0.438792,47.676,85.428,0.479736,1
2700,0.435778,0.480315,0.439396,50.007,91.195,0.478511,1
2710,0.436945,0.473729,0.438795,52.291,96.984,0.478727,1
2720,0.435000,0.460868,0.437905,54.634,102.781,0.480963,1
2730,0.433645,0.483771,0.436234,56.955,108.591,0.481241,1
2740,0.435699,0.485746,0.436036,59.267,114.396,0.480678,1
2750,0.437670,0.466963,0.437444,61.553,120.147,0.476030,1
2760,0.434780,0.475687,0.438145,63.871,125.951,0.480785,1
2770,0.435031,0.482541,0.437341,66.148,3.752,0.479337,1
2780,0.436961,0.471365,0.437209,68.425,9.544,0.478775,1
2790,0.435538,0.471640,0.436813,70.796,15.321,0.480342,1
2800,0.435554,0.484391,0.436387,73.125,21.108,0.479796,1
2810,0.436712,0.465845,0.437480,75.472,26.870,0.478623,1
2820,0.436048,0.467884,0.439129,77.807,32.626,0.477841,1
2830,0.437382,0.484191,0.439313,80.106,38.413,0.478975,1
2840,0.436012,0.467881,0.438748,82.402,44.207,0.479392,1
2850,0.434193,0.461953,0.438582,84.704,50.001,0.479568,1
2860,0.434156,0.485936,0.436424,87.020,55.847,0.483722,1
2870,0.437217,0.476029,0.436461,89.311,61.615,0.477381,1
2880,0.436217,0.466314,0.438504,91.621,67.386,0.478195,1
2890,0.434905,0.477837,0.438461,93.948,73.164,0.479155,1
2900,0.435762,0.479369,0.437454,96.224,78.964,0.479237,1
2910,0.435212,0.463710,0.436344,98.567,84.774,0.481916,1
2920,0.434127,0.483114,0.435732,100.935,90.552,0.480373,1
2930,0.435005,0.485053,0.435700,103.270,96.333,0.479559,1
2940,0.437865,0.466122,0.437492,105.577,102.075,0.476025,1
2950,0.436124,0.477979,0.438745,107.895,107.869,0.480062,1
2960,0.436666,0.479786,0.438505,110.177,113.655,0.478449,1
2970,0.436830,0.467606,0.439326,112.432,119.443,0.477837,1
2980,0.434551,0.469027,0.437176,114.768,125.269,0.482808,1
2990,0.435795,0.484483,0.436615,117.069,3.057,0.479067,1
3000,0.437338,0.470357,0.438530,119.376,8.820,0.477572,1
3010,0.435231,0.462895,0.439388,121.729,14.587,0.479081,1
3020,0.435857,0.484384,0.438561,124.047,20.384,0.480295,1
3030,0.435833,0.471904,0.437137,126.358,26.187,0.480482,1
3040,0.434165,0.463989,0.437429,0.708,31.969,0.480088,1
3050,0.433652,0.487036,0.435775,3.052,37.775,0.481596,1
3060,0.436730,0.478215,0.435147,5.355,43.554,0.478555,1
3070,0.437350,0.469525,0.437388,7.671,49.321,0.478054,1
3080,0.436264,0.480281,0.438496,9.978,55.096,0.478421,1
3090,0.436920,0.477742,0.439440,12.212,60.874,0.476481,1
3100,0.435633,0.464752,0.437623,14.516,66.712,0.482791,1
3110,0.434762,0.475716,0.436389,16.855,72.503,0.480433,1
3120,0.436524,0.485202,0.437942,19.157,78.273,0.477889,1
3130,0.437594,0.464357,0.439195,21.493,84.016,0.476849,1
3140,0.434807,0.471086,0.438702,23.839,89.821,0.481695,1
3150,0.435826,0.482912,0.437565,26.161,95.625,0.480815,1
3160,0.436168,0.467512,0.438831,28.460,101.394,0.477765,1
3170,0.433915,0.472374,0.437626,30.814,107.184,0.480723,1
3180,0.433824,0.485777,0.434987,33.114,113.005,0.481437,1
3190,0.436991,0.472458,0.436070,35.421,118.786,0.478864,1
3200,0.435541,0.465118,0.437858,37.739,124.557,0.478376,1
3210,0.436581,0.482606,0.438862,40.012,2.321,0.476629,1
3220,0.435431,0.476357,0.437071,42.287,8.147,0.481107,1
3230,0.434986,0.462916,0.436149,44.607,13.960,0.481426,1
3240,0.435575,0.482076,0.437546,46.961,19.722,0.478800,1
3250,0.438012,0.478956,0.437828,49.286,25.479,0.477601,1
3260,0.436395,0.466621,0.438020,51.639,31.251,0.479494,1
3270,0.435480,0.480404,0.438412,53.972,37.043,0.480305,1
3280,0.436874,0.474757,0.439353,56.231,42.810,0.476411,1
3290,0.436198,0.463894,0.439347,58.540,48.612,0.480348,1
3300,0.433691,0.477119,0.436097,60.866,54.435,0.482337,1
3310,0.435668,0.486247,0.436918,63.151,60.228,0.479008,1
3320,0.437440,0.465820,0.438209,65.459,65.990,0.477473,1
3330,0.434853,0.464084,0.438497,67.780,71.769,0.479076,1
3340,0.434883,0.486746,0.437163,70.104,77.587,0.481929,1
3350,0.435683,0.473001,0.436877,72.401,83.383,0.479561,1
3360,0.434714,0.468397,0.437203,74.747,89.155,0.479306,1
3370,0.435137,0.487144,0.435961,77.089,94.940,0.480055,1
3380,0.437088,0.472738,0.435877,79.417,100.718,0.479182,1
3390,0.436054,0.467520,0.437887,81.757,106.486,0.478818,1
3400,0.437204,0.482595,0.439568,84.032,112.241,0.476056,1
3410,0.436811,0.472967,0.439313,86.301,118.050,0.479680,1
3420,0.434330,0.460787,0.437321,88.608,123.874,0.481860,1
3430,0.434824,0.479604,0.437248,90.923,1.668,0.479972,1
3440,0.437455,0.482731,0.437807,93.226,7.445,0.478357,1
3450,0.436549,0.465482,0.438589,95.557,13.201,0.477735,1
3460,0.434270,0.478176,0.438065,97.912,19.006,0.481911,1
3470,0.435845,0.477908,0.438108,100.212,24.788,0.478700,1
3480,0.436468,0.464890,0.438909,102.528,30.558,0.478249,1
3490,0.434060,0.477373,0.436563,104.881,36.355,0.481242,1
3500,0.433947,0.484785,0.434994,107.176,42.170,0.480837,1
3510,0.436888,0.466686,0.436559,109.507,47.943,0.478912,1
3520,0.435870,0.466708,0.438557,111.797,53.704,0.476933,1
3530,0.436283,0.486703,0.438346,114.088,59.516,0.480509,1
3540,0.435399,0.474322,0.436780,116.350,65.328,0.479808,1
3550,0.435712,0.464498,0.437498,118.669,71.107,0.478971,1
3560,0.436441,0.486495,0.437584,121.016,76.887,0.479862,1
3570,0.437653,0.473323,0.437725,123.338,82.656,0.478349,1
3580,0.435049,0.464670,0.438337,125.707,88.432,0.480202,1
3590,0.436249,0.481147,0.439708,0.024,94.193,0.477690,1
3600,0.437199,0.471530,0.439342,2.315,99.975,0.478395,1
3610,0.434766,0.459850,0.438443,4.658,105.772,0.480971,1
3620,0.433456,0.484312,0.436277,6.970,111.590,0.481572,1
3630,0.435221,0.485401,0.435417,9.285,117.410,0.481807,1
3640,0.437636,0.467254,0.437066,11.565,123.161,0.475896,1
3650,0.434892,0.476734,0.438077,13.884,0.960,0.480449,1
3660,0.435324,0.481653,0.437598,16.151,6.755,0.478620,1
3670,0.437070,0.471006,0.437437,18.426,12.548,0.478737,1
3680,0.435511,0.471307,0.436788,20.795,18.328,0.480560,1
3690,0.435676,0.484451,0.436560,23.122,24.116,0.479853,1
3700,0.436754,0.465743,0.437715,25.465,29.878,0.478467,1
3710,0.435996,0.467613,0.439344,27.806,35.631,0.477762,1
3720,0.437243,0.484200,0.439167,30.110,41.424,0.479563,1
3730,0.436017,0.467839,0.438693,32.410,47.214,0.479288,1
3740,0.434147,0.462753,0.438608,34.718,53.007,0.479629,1
3750,0.433973,0.486363,0.436215,37.034,58.853,0.483723,1
3760,0.437030,0.475607,0.436051,39.326,64.624,0.477663,1
3770,0.436207,0.466844,0.438157,41.637,70.398,0.478397,1
3780,0.435131,0.478028,0.438498,43.953,76.171,0.478454,1
3790,0.435783,0.479470,0.437498,46.221,81.970,0.479037,1
3800,0.435274,0.464032,0.436087,48.558,87.786,0.482121,1
3810,0.434272,0.482247,0.435831,50.927,93.564,0.480386,1
3820,0.435538,0.485037,0.436280,53.257,99.340,0.479076,1
3830,0.437896,0.465757,0.437955,55.570,105.077,0.475828,1
3840,0.435841,0.477319,0.438742,57.890,110.880,0.480708,1
3850,0.436358,0.480285,0.438318,60.173,116.671,0.478840,1
3860,0.436893,0.468300,0.439055,62.427,122.459,0.477798,1
3870,0.434853,0.468958,0.437167,64.766,0.275,0.482258,1
3880,0.435849,0.484304,0.436665,67.073,6.063,0.479252,1
3890,0.437297,0.469491,0.438522,69.387,11.825,0.477649,1
3900,0.435198,0.463367,0.439346,71.745,17.589,0.479018,1
3910,0.436203,0.484331,0.438793,74.056,23.386,0.480070,1
3920,0.435886,0.470782,0.437348,76.368,29.188,0.480442,1
3930,0.434228,0.463628,0.437735,78.708,34.969,0.479767,1
3940,0.433660,0.486796,0.435865,81.047,40.784,0.482089,1
3950,0.436829,0.477707,0.435328,83.348,46.563,0.478549,1
3960,0.437133,0.469504,0.437364,85.660,52.335,0.478220,1
3970,0.435892,0.479489,0.438409,87.964,58.112,0.478457,1
3980,0.436481,0.479131,0.438821,90.200,63.894,0.476876,1
3990,0.435746,0.465523,0.436780,92.507,69.729,0.482671,1
4000,0.435107,0.476284,0.436498,94.862,75.509,0.480085,1
