step,time,mass,peak,area,gyradius,cx_cells,cy_cells,alive,growth,x_cells,y_cells,speed
0,0,0.378698225,1,0.378698225,0.387306561,63.6105192,63.3894808,1,nan,63.6105192,63.3894808,nan
10,1,0.378698225,1,0.378698225,0.387306561,63.6105192,63.3894808,1,0.224207901,63.6105192,63.3894808,0
20,2,0.378698225,1,0.378698225,0.387306561,63.6105192,63.3894808,1,0.224207901,63.6105192,63.3894808,0
30,3,0.378698225,1,0.378698225,0.387306561,63.6105192,63.3894808,1,0.224207901,63.6105192,63.3894808,0
40,4,0.378698225,1,0.378698225,0.387306561,63.6105192,63.3894808,1,0.224207901,63.6105192,63.3894808,0
50,5,0.378698225,1,0.378698225,0.387306561,63.6105192,63.3894808,1,0.224207901,63.6105192,63.3894808,0
60,6,0.378698225,1,0.378698225,0.387306561,63.6105192,63.3894808,1,0.224207901,63.6105192,63.3894808,0
70,7,0.378698225,1,0.378698225,0.387306561,63.6105192,63.3894808,1,0.224207901,63.6105192,63.3894808,0
80,8,0.378698225,1,0.378698225,0.387306561,63.6105192,63.3894808,1,0.224207901,63.6105192,63.3894808,0
90,9,0.378698225,1,0.378698225,0.387306561,63.6105192,63.3894808,1,0.224207901,63.6105192,63.3894808,0
100,10,0.378698225,1,0.378698225,0.387306561,63.6105192,63.3894808,1,0.224207901,63.6105192,63.3894808,0
110,11,0.378698225,1,0.378698225,0.387306561,63.6105192,63.3894808,1,0.224207901,63.6105192,63.3894808,0
120,12,0.378698225,1,0.378698225,0.387306561,63.6105192,63.3894808,1,0.224207901,63.6105192,63.3894808,0
130,13,0.378698225,1,0.378698225,0.387306561,63.6105192,63.3894808,1,0.224207901,63.6105192,63.3894808,0
140,14,0.378698225,1,0.378698225,0.387306561,63.6105192,63.3894808,1,0.224207901,63.6105192,63.3894808,0
150,15,0.378698225,1,0.378698225,0.387306561,63.6105192,63.3894808,1,0.224207901,63.6105192,63.3894808,0
160,16,0.378698225,1,0.378698225,0.387306561,63.6105192,63.3894808,1,0.224207901,63.6105192,63.3894808,0
170,17,0.378698225,1,0.378698225,0.387306561,63.6105192,63.3894808,1,0.224207901,63.6105192,63.3894808,0
180,18,0.378698225,1,0.378698225,0.387306561,63.6105192,63.3894808,1,0.224207901,63.6105192,63.3894808,0
190,19,0.378698225,1,0.378698225,0.387306561,63.6105192,63.3894808,1,0.224207901,63.6105192,63.3894808,0
200,20,0.378698225,1,0.378698225,0.387306561,63.6105192,63.3894808,1,0.224207901,63.6105192,63.3894808,0
210,21,0.378698225,1,0.378698225,0.387306561,63.6105192,63.3894808,1,0.224207901,63.6105192,63.3894808,0
220,22,0.378698225,1,0.378698225,0.387306561,63.6105192,63.3894808,1,0.224207901,63.6105192,63.3894808,0
230,23,0.378698225,1,0.378698225,0.387306561,63.6105192,63.3894808,1,0.224207901,63.6105192,63.3894808,0
240,24,0.378698225,1,0.378698225,0.387306561,63.6105192,63.3894808,1,0.224207901,63.6105192,63.3894808,0
250,25,0.378698225,1,0.378698225,0.387306561,63.6105192,63.3894808,1,0.224207901,63.6105192,63.3894808,0
260,26,0.378698225,1,0.378698225,0.387306561,63.6105192,63.3894808,1,0.224207901,63.6105192,63.3894808,0
270,27,0.378698225,1,0.378698225,0.387306561,63.6105192,63.3894808,1,0.224207901,63.6105192,63.3894808,0
280,28,0.378698225,1,0.378698225,0.387306561,63.6105192,63.3894808,1,0.224207901,63.6105192,63.3894808,0
290,29,0.378698225,1,0.378698225,0.387306561,63.6105192,63.3894808,1,0.224207901,63.6105192,63.3894808,0
300,30,0.378698225,1,0.378698225,0.387306561,63.6105192,63.3894808,1,0.224207901,63.6105192,63.3894808,0
310,31,0.378698225,1,0.378698225,0.387306561,63.6105192,63.3894808,1,0.224207901,63.6105192,63.3894808,0
320,32,0.378698225,1,0.378698225,0.387306561,63.6105192,63.3894808,1,0.224207901,63.6105192,63.3894808,0
330,33,0.378698225,1,0.378698225,0.387306561,63.6105192,63.3894808,1,0.224207901,63.6105192,63.3894808,0
340,34,0.378698225,1,0.378698225,0.387306561,63.6105192,63.3894808,1,0.224207901,63.6105192,63.3894808,0
350,35,0.378698225,1,0.378698225,0.387306561,63.6105192,63.3894808,1,0.224207901,63.6105192,63.3894808,0
360,36,0.378698225,1,0.378698225,0.387306561,63.6105192,63.3894808,1,0.224207901,63.6105192,63.3894808,0
370,37,0.378698225,1,0.378698225,0.387306561,63.6105192,63.3894808,1,0.224207901,63.6105192,63.3894808,0
380,38,0.378698225,1,0.378698225,0.387306561,63.6105192,63.3894808,1,0.224207901,63.6105192,63.3894808,0
390,39,0.378698225,1,0.378698225,0.387306561,63.6105192,63.3894808,1,0.224207901,63.6105192,63.3894808,0
400,40,0.378698225,1,0.378698225,0.387306561,63.6105192,63.3894808,1,0.224207901,63.6105192,63.3894808,0
410,41,0.378698225,1,0.378698225,0.387306561,63.6105192,63.3894808,1,0.224207901,63.6105192,63.3894808,0
420,42,0.378698225,1,0.378698225,0.387306561,63.6105192,63.3894808,1,0.224207901,63.6105192,63.3894808,0
430,43,0.378698225,1,0.378698225,0.387306561,63.6105192,63.3894808,1,0.224207901,63.6105192,63.3894808,0
440,44,0.378698225,1,0.378698225,0.387306561,63.6105192,63.3894808,1,0.224207901,63.6105192,63.3894808,0
450,45,0.378698225,1,0.378698225,0.387306561,63.6105192,63.3894808,1,0.224207901,63.6105192,63.3894808,0
460,46,0.378698225,1,0.378698225,0.387306561,63.6105192,63.3894808,1,0.224207901,63.6105192,63.3894808,0
470,47,0.378698225,1,0.378698225,0.387306561,63.6105192,63.3894808,1,0.224207901,63.6105192,63.3894808,0
480,48,0.378698225,1,0.378698225,0.387306561,63.6105192,63.3894808,1,0.224207901,63.6105192,63.3894808,0
490,49,0.378698225,1,0.378698225,0.387306561,63.6105192,63.3894808,1,0.224207901,63.6105192,63.3894808,0
500,50,0.378698225,1,0.378698225,0.387306561,63.6105192,63.3894808,1,0.224207901,63.6105192,63.3894808,0
510,51,0.378698225,1,0.378698225,0.387306561,63.6105192,63.3894808,1,0.224207901,63.6105192,63.3894808,0
520,52,0.378698225,1,0.378698225,0.387306561,63.6105192,63.3894808,1,0.224207901,63.6105192,63.3894808,0
530,53,0.378698225,1,0.378698225,0.387306561,63.6105192,63.3894808,1,0.224207901,63.6105192,63.3894808,0
540,54,0.378698225,1,0.378698225,0.387306561,63.6105192,63.3894808,1,0.224207901,63.6105192,63.3894808,0
550,55,0.378698225,1,0.378698225,0.387306561,63.6105192,63.3894808,1,0.224207901,63.6105192,63.3894808,0
560,56,0.378698225,1,0.378698225,0.387306561,63.6105192,63.3894808,1,0.224207901,63.6105192,63.3894808,0
570,57,0.378698225,1,0.378698225,0.387306561,63.6105192,63.3894808,1,0.224207901,63.6105192,63.3894808,0
580,58,0.378698225,1,0.378698225,0.387306561,63.6105192,63.3894808,1,0.224207901,63.6105192,63.3894808,0
590,59,0.378698225,1,0.378698225,0.387306561,63.6105192,63.3894808,1,0.224207901,63.6105192,63.3894808,0
600,60,0.378698225,1,0.378698225,0.387306561,63.6105192,63.3894808,1,0.224207901,63.6105192,63.3894808,0
610,61,0.378698225,1,0.378698225,0.387306561,63.6105192,63.3894808,1,0.224207901,63.6105192,63.3894808,0
620,62,0.378698225,1,0.378698225,0.387306561,63.6105192,63.3894808,1,0.224207901,63.6105192,63.3894808,0
630,63,0.378698225,1,0.378698225,0.387306561,63.6105192,63.3894808,1,0.224207901,63.6105192,63.3894808,0
640,64,0.378698225,1,0.378698225,0.387306561,63.6105192,63.3894808,1,0.224207901,63.6105192,63.3894808,0
650,65,0.378698225,1,0.378698225,0.387306561,63.6105192,63.3894808,1,0.224207901,63.6105192,63.3894808,0
660,66,0.378698225,1,0.378698225,0.387306561,63.6105192,63.3894808,1,0.224207901,63.6105192,63.3894808,0
670,67,0.378698225,1,0.378698225,0.387306561,63.6105192,63.3894808,1,0.224207901,63.6105192,63.3894808,0
680,68,0.378698225,1,0.378698225,0.387306561,63.6105192,63.3894808,1,0.224207901,63.6105192,63.3894808,0
690,69,0.378698225,1,0.378698225,0.387306561,63.6105192,63.3894808,1,0.224207901,63.6105192,63.3894808,0
700,70,0.378698225,1,0.378698225,0.387306561,63.6105192,63.3894808,1,0.224207901,63.6105192,63.3894808,0
710,71,0.378698225,1,0.378698225,0.387306561,63.6105192,63.3894808,1,0.224207901,63.6105192,63.3894808,0
720,72,0.378698225,1,0.378698225,0.387306561,63.6105192,63.3894808,1,0.224207901,63.6105192,63.3894808,0
730,73,0.378698225,1,0.378698225,0.387306561,63.6105192,63.3894808,1,0.224207901,63.6105192,63.3894808,0
740,74,0.378698225,1,0.378698225,0.387306561,63.6105192,63.3894808,1,0.224207901,63.6105192,63.3894808,0
750,75,0.378698225,1,0.378698225,0.387306561,63.6105192,63.3894808,1,0.224207901,63.6105192,63.3894808,0
760,76,0.378698225,1,0.378698225,0.387306561,63.6105192,63.3894808,1,0.224207901,63.6105192,63.3894808,0
770,77,0.378698225,1,0.378698225,0.387306561,63.6105192,63.3894808,1,0.224207901,63.6105192,63.3894808,0
780,78,0.378698225,1,0.378698225,0.387306561,63.6105192,63.3894808,1,0.224207901,63.6105192,63.3894808,0
790,79,0.378698225,1,0.378698225,0.387306561,63.6105192,63.3894808,1,0.224207901,63.6105192,63.3894808,0
800,80,0.378698225,1,0.378698225,0.387306561,63.6105192,63.3894808,1,0.224207901,63.6105192,63.3894808,0
810,81,0.378698225,1,0.378698225,0.387306561,63.6105192,63.3894808,1,0.224207901,63.6105192,63.3894808,0
820,82,0.378698225,1,0.378698225,0.387306561,63.6105192,63.3894808,1,0.224207901,63.6105192,63.3894808,0
830,83,0.378698225,1,0.378698225,0.387306561,63.6105192,63.3894808,1,0.224207901,63.6105192,63.3894808,0
840,84,0.378698225,1,0.378698225,0.387306561,63.6105192,63.3894808,1,0.224207901,63.6105192,63.3894808,0
850,85,0.378698225,1,0.378698225,0.387306561,63.6105192,63.3894808,1,0.224207901,63.6105192,63.3894808,0
860,86,0.378698225,1,0.378698225,0.387306561,63.6105192,63.3894808,1,0.224207901,63.6105192,63.3894808,0
870,87,0.378698225,1,0.378698225,0.387306561,63.6105192,63.3894808,1,0.224207901,63.6105192,63.3894808,0
880,88,0.378698225,1,0.378698225,0.387306561,63.6105192,63.3894808,1,0.224207901,63.6105192,63.3894808,0
890,89,0.378698225,1,0.378698225,0.387306561,63.6105192,63.3894808,1,0.224207901,63.6105192,63.3894808,0
900,90,0.378698225,1,0.378698225,0.387306561,63.6105192,63.3894808,1,0.224207901,63.6105192,63.3894808,0
910,91,0.378698225,1,0.378698225,0.387306561,63.6105192,63.3894808,1,0.224207901,63.6105192,63.3894808,0
920,92,0.378698225,1,0.378698225,0.387306561,63.6105192,63.3894808,1,0.224207901,63.6105192,63.3894808,0
930,93,0.378698225,1,0.378698225,0.387306561,63.6105192,63.3894808,1,0.224207901,63.6105192,63.3894808,0
940,94,0.378698225,1,0.378698225,0.387306561,63.6105192,63.3894808,1,0.224207901,63.6105192,63.3894808,0
950,95,0.378698225,1,0.378698225,0.387306561,63.6105192,63.3894808,1,0.224207901,63.6105192,63.3894808,0
960,96,0.378698225,1,0.378698225,0.387306561,63.6105192,63.3894808,1,0.224207901,63.6105192,63.3894808,0
970,97,0.378698225,1,0.378698225,0.387306561,63.6105192,63.3894808,1,0.224207901,63.6105192,63.3894808,0
980,98,0.378698225,1,0.378698225,0.387306561,63.6105192,63.3894808,1,0.224207901,63.6105192,63.3894808,0
990,99,0.378698225,1,0.378698225,0.387306561,63.6105192,63.3894808,1,0.224207901,63.6105192,63.3894808,0
1000,100,0.378698225,1,0.378698225,0.387306561,63.6105192,63.3894808,1,0.224207901,63.6105192,63.3894808,0
1010,101,0.378698225,1,0.378698225,0.387306561,63.6105192,63.3894808,1,0.224207901,63.6105192,63.3894808,0
1020,102,0.378698225,1,0.378698225,0.387306561,63.6105192,63.3894808,1,0.224207901,63.6105192,63.3894808,0
1030,103,0.378698225,1,0.378698225,0.387306561,63.6105192,63.3894808,1,0.224207901,63.6105192,63.3894808,0
1040,104,0.378698225,1,0.378698225,0.387306561,63.6105192,63.3894808,1,0.224207901,63.6105192,63.3894808,0
1050,105,0.378698225,1,0.378698225,0.387306561,63.6105192,63.3894808,1,0.224207901,63.6105192,63.3894808,0
1060,106,0.378698225,1,0.378698225,0.387306561,63.6105192,63.3894808,1,0.224207901,63.6105192,63.3894808,0
1070,107,0.378698225,1,0.378698225,0.387306561,63.6105192,63.3894808,1,0.224207901,63.6105192,63.3894808,0
1080,108,0.378698225,1,0.378698225,0.387306561,63.6105192,63.3894808,1,0.224207901,63.6105192,63.3894808,0
1090,109,0.378698225,1,0.378698225,0.387306561,63.6105192,63.3894808,1,0.224207901,63.6105192,63.3894808,0
1100,110,0.378698225,1,0.378698225,0.387306561,63.6105192,63.3894808,1,0.224207901,63.6105192,63.3894808,0
1110,111,0.378698225,1,0.378698225,0.387306561,63.6105192,63.3894808,1,0.224207901,63.6105192,63.3894808,0
1120,112,0.378698225,1,0.378698225,0.387306561,63.6105192,63.3894808,1,0.224207901,63.6105192,63.3894808,0
1130,113,0.378698225,1,0.378698225,0.387306561,63.6105192,63.3894808,1,0.224207901,63.6105192,63.3894808,0
1140,114,0.378698225,1,0.378698225,0.387306561,63.6105192,63.3894808,1,0.224207901,63.6105192,63.3894808,0
1150,115,0.378698225,1,0.378698225,0.387306561,63.6105192,63.3894808,1,0.224207901,63.6105192,63.3894808,0
1160,116,0.378698225,1,0.378698225,0.387306561,63.6105192,63.3894808,1,0.224207901,63.6105192,63.3894808,0
1170,117,0.378698225,1,0.378698225,0.387306561,63.6105192,63.3894808,1,0.224207901,63.6105192,63.3894808,0
1180,118,0.378698225,1,0.378698225,0.387306561,63.6105192,63.3894808,1,0.224207901,63.6105192,63.3894808,0
1190,119,0.378698225,1,0.378698225,0.387306561,63.6105192,63.3894808,1,0.224207901,63.6105192,63.3894808,0
1200,120,0.378698225,1,0.378698225,0.387306561,63.6105192,63.3894808,1,0.224207901,63.6105192,63.3894808,0
1210,121,0.378698225,1,0.378698225,0.387306561,63.6105192,63.3894808,1,0.224207901,63.6105192,63.3894808,0
1220,122,0.378698225,1,0.378698225,0.387306561,63.6105192,63.3894808,1,0.224207901,63.6105192,63.3894808,0
1230,123,0.378698225,1,0.378698225,0.387306561,63.6105192,63.3894808,1,0.224207901,63.6105192,63.3894808,0
1240,124,0.378698225,1,0.378698225,0.387306561,63.6105192,63.3894808,1,0.224207901,63.6105192,63.3894808,0
1250,125,0.378698225,1,0.378698225,0.387306561,63.6105192,63.3894808,1,0.224207901,63.6105192,63.3894808,0
1260,126,0.378698225,1,0.378698225,0.387306561,63.6105192,63.3894808,1,0.224207901,63.6105192,63.3894808,0
1270,127,0.378698225,1,0.378698225,0.387306561,63.6105192,63.3894808,1,0.224207901,63.6105192,63.3894808,0
1280,128,0.378698225,1,0.378698225,0.387306561,63.6105192,63.3894808,1,0.224207901,63.6105192,63.3894808,0
1290,129,0.378698225,1,0.378698225,0.387306561,63.6105192,63.3894808,1,0.224207901,63.6105192,63.3894808,0
1300,130,0.378698225,1,0.378698225,0.387306561,63.6105192,63.3894808,1,0.224207901,63.6105192,63.3894808,0
1310,131,0.378698225,1,0.378698225,0.387306561,63.6105192,63.3894808,1,0.224207901,63.6105192,63.3894808,0
1320,132,0.378698225,1,0.378698225,0.387306561,63.6105192,63.3894808,1,0.224207901,63.6105192,63.3894808,0
1330,133,0.378698225,1,0.378698225,0.387306561,63.6105192,63.3894808,1,0.224207901,63.6105192,63.3894808,0
1340,134,0.378698225,1,0.378698225,0.387306561,63.6105192,63.3894808,1,0.224207901,63.6105192,63.3894808,0
1350,135,0.378698225,1,0.378698225,0.387306561,63.6105192,63.3894808,1,0.224207901,63.6105192,63.3894808,0
1360,136,0.378698225,1,0.378698225,0.387306561,63.6105192,63.3894808,1,0.224207901,63.6105192,63.3894808,0
1370,137,0.378698225,1,0.378698225,0.387306561,63.6105192,63.3894808,1,0.224207901,63.6105192,63.3894808,0
1380,138,0.378698225,1,0.378698225,0.387306561,63.6105192,63.3894808,1,0.224207901,63.6105192,63.3894808,0
1390,139,0.378698225,1,0.378698225,0.387306561,63.6105192,63.3894808,1,0.224207901,63.6105192,63.3894808,0
1400,140,0.378698225,1,0.378698225,0.387306561,63.6105192,63.3894808,1,0.224207901,63.6105192,63.3894808,0
1410,141,0.378698225,1,0.378698225,0.387306561,63.6105192,63.3894808,1,0.224207901,63.6105192,63.3894808,0
1420,142,0.378698225,1,0.378698225,0.387306561,63.6105192,63.3894808,1,0.224207901,63.6105192,63.3894808,0
1430,143,0.378698225,1,0.378698225,0.387306561,63.6105192,63.3894808,1,0.224207901,63.6105192,63.3894808,0
1440,144,0.378698225,1,0.378698225,0.387306561,63.6105192,63.3894808,1,0.224207901,63.6105192,63.3894808,0
1450,145,0.378698225,1,0.378698225,0.387306561,63.6105192,63.3894808,1,0.224207901,63.6105192,63.3894808,0
1460,146,0.378698225,1,0.378698225,0.387306561,63.6105192,63.3894808,1,0.224207901,63.6105192,63.3894808,0
1470,147,0.378698225,1,0.378698225,0.387306561,63.6105192,63.3894808,1,0.224207901,63.6105192,63.3894808,0
1480,148,0.378698225,1,0.378698225,0.387306561,63.6105192,63.3894808,1,0.224207901,63.6105192,63.3894808,0
1490,149,0.378698225,1,0.378698225,0.387306561,63.6105192,63.3894808,1,0.224207901,63.6105192,63.3894808,0
1500,150,0.378698225,1,0.378698225,0.387306561,63.6105192,63.3894808,1,0.224207901,63.6105192,63.3894808,0
1510,151,0.378698225,1,0.378698225,0.387306561,63.6105192,63.3894808,1,0.224207901,63.6105192,63.3894808,0
1520,152,0.378698225,1,0.378698225,0.387306561,63.6105192,63.3894808,1,0.224207901,63.6105192,63.3894808,0
1530,153,0.378698225,1,0.378698225,0.387306561,63.6105192,63.3894808,1,0.224207901,63.6105192,63.3894808,0
1540,154,0.378698225,1,0.378698225,0.387306561,63.6105192,63.3894808,1,0.224207901,63.6105192,63.3894808,0
1550,155,0.378698225,1,0.378698225,0.387306561,63.6105192,63.3894808,1,0.224207901,63.6105192,63.3894808,0
1560,156,0.378698225,1,0.378698225,0.387306561,63.6105192,63.3894808,1,0.224207901,63.6105192,63.3894808,0
1570,157,0.378698225,1,0.378698225,0.387306561,63.6105192,63.3894808,1,0.224207901,63.6105192,63.3894808,0
1580,158,0.378698225,1,0.378698225,0.387306561,63.6105192,63.3894808,1,0.224207901,63.6105192,63.3894808,0
1590,159,0.378698225,1,0.378698225,0.387306561,63.6105192,63.3894808,1,0.224207901,63.6105192,63.3894808,0
1600,160,0.378698225,1,0.378698225,0.387306561,63.6105192,63.3894808,1,0.224207901,63.6105192,63.3894808,0
1610,161,0.378698225,1,0.378698225,0.387306561,63.6105192,63.3894808,1,0.224207901,63.6105192,63.3894808,0
1620,162,0.378698225,1,0.378698225,0.387306561,63.6105192,63.3894808,1,0.224207901,63.6105192,63.3894808,0
1630,163,0.378698225,1,0.378698225,0.387306561,63.6105192,63.3894808,1,0.224207901,63.6105192,63.3894808,0
1640,164,0.378698225,1,0.378698225,0.387306561,63.6105192,63.3894808,1,0.224207901,63.6105192,63.3894808,0
1650,165,0.378698225,1,0.378698225,0.387306561,63.6105192,63.3894808,1,0.224207901,63.6105192,63.3894808,0
1660,166,0.378698225,1,0.378698225,0.387306561,63.6105192,63.3894808,1,0.224207901,63.6105192,63.3894808,0
1670,167,0.378698225,1,0.378698225,0.387306561,63.6105192,63.3894808,1,0.224207901,63.6105192,63.3894808,0
1680,168,0.378698225,1,0.378698225,0.387306561,63.6105192,63.3894808,1,0.224207901,63.6105192,63.3894808,0
1690,169,0.378698225,1,0.378698225,0.387306561,63.6105192,63.3894808,1,0.224207901,63.6105192,63.3894808,0
1700,170,0.378698225,1,0.378698225,0.387306561,63.6105192,63.3894808,1,0.224207901,63.6105192,63.3894808,0
1710,171,0.378698225,1,0.378698225,0.387306561,63.6105192,63.3894808,1,0.224207901,63.6105192,63.3894808,0
1720,172,0.378698225,1,0.378698225,0.387306561,63.6105192,63.3894808,1,0.224207901,63.6105192,63.3894808,0
1730,173,0.378698225,1,0.378698225,0.387306561,63.6105192,63.3894808,1,0.224207901,63.6105192,63.3894808,0
1740,174,0.378698225,1,0.378698225,0.387306561,63.6105192,63.3894808,1,0.224207901,63.6105192,63.3894808,0
1750,175,0.378698225,1,0.378698225,0.387306561,63.6105192,63.3894808,1,0.224207901,63.6105192,63.3894808,0
1760,176,0.378698225,1,0.378698225,0.387306561,63.6105192,63.3894808,1,0.224207901,63.6105192,63.3894808,0
1770,177,0.378698225,1,0.378698225,0.387306561,63.6105192,63.3894808,1,0.224207901,63.6105192,63.3894808,0
1780,178,0.378698225,1,0.378698225,0.387306561,63.6105192,63.3894808,1,0.224207901,63.6105192,63.3894808,0
1790,179,0.378698225,1,0.378698225,0.387306561,63.6105192,63.3894808,1,0.224207901,63.6105192,63.3894808,0
1800,180,0.378698225,1,0.378698225,0.387306561,63.6105192,63.3894808,1,0.224207901,63.6105192,63.3894808,0
1810,181,0.378698225,1,0.378698225,0.387306561,63.6105192,63.3894808,1,0.224207901,63.6105192,63.3894808,0
1820,182,0.378698225,1,0.378698225,0.387306561,63.6105192,63.3894808,1,0.224207901,63.6105192,63.3894808,0
1830,183,0.378698225,1,0.378698225,0.387306561,63.6105192,63.3894808,1,0.224207901,63.6105192,63.3894808,0
1840,184,0.378698225,1,0.378698225,0.387306561,63.6105192,63.3894808,1,0.224207901,63.6105192,63.3894808,0
1850,185,0.378698225,1,0.378698225,0.387306561,63.6105192,63.3894808,1,0.224207901,63.6105192,63.3894808,0
1860,186,0.378698225,1,0.378698225,0.387306561,63.6105192,63.3894808,1,0.224207901,63.6105192,63.3894808,0
1870,187,0.378698225,1,0.378698225,0.387306561,63.6105192,63.3894808,1,0.224207901,63.6105192,63.3894808,0
1880,188,0.378698225,1,0.378698225,0.387306561,63.6105192,63.3894808,1,0.224207901,63.6105192,63.3894808,0
1890,189,0.378698225,1,0.378698225,0.387306561,63.6105192,63.3894808,1,0.224207901,63.6105192,63.3894808,0
1900,190,0.378698225,1,0.378698225,0.387306561,63.6105192,63.3894808,1,0.224207901,63.6105192,63.3894808,0
1910,191,0.378698225,1,0.378698225,0.387306561,63.6105192,63.3894808,1,0.224207901,63.6105192,63.3894808,0
1920,192,0.378698225,1,0.378698225,0.387306561,63.6105192,63.3894808,1,0.224207901,63.6105192,63.3894808,0
1930,193,0.378698225,1,0.378698225,0.387306561,63.6105192,63.3894808,1,0.224207901,63.6105192,63.3894808,0
1940,194,0.378698225,1,0.378698225,0.387306561,63.6105192,63.3894808,1,0.224207901,63.6105192,63.3894808,0
1950,195,0.378698225,1,0.378698225,0.387306561,63.6105192,63.3894808,1,0.224207901,63.6105192,63.3894808,0
1960,196,0.378698225,1,0.378698225,0.387306561,63.6105192,63.3894808,1,0.224207901,63.6105192,63.3894808,0
1970,197,0.378698225,1,0.378698225,0.387306561,63.6105192,63.3894808,1,0.224207901,63.6105192,63.3894808,0
1980,198,0.378698225,1,0.378698225,0.387306561,63.6105192,63.3894808,1,0.224207901,63.6105192,63.3894808,0
1990,199,0.378698225,1,0.378698225,0.387306561,63.6105192,63.3894808,1,0.224207901,63.6105192,63.3894808,0
2000,200,0.378698225,1,0.378698225,0.387306561,63.6105192,63.3894808,1,0.224207901,63.6105192,63.3894808,0
2010,201,0.378698225,1,0.378698225,0.387306561,63.6105192,63.3894808,1,0.224207901,63.6105192,63.3894808,0
2020,202,0.378698225,1,0.378698225,0.387306561,63.6105192,63.3894808,1,0.224207901,63.6105192,63.3894808,0
2030,203,0.378698225,1,0.378698225,0.387306561,63.6105192,63.3894808,1,0.224207901,63.6105192,63.3894808,0
2040,204,0.378698225,1,0.378698225,0.387306561,63.6105192,63.3894808,1,0.224207901,63.6105192,63.3894808,0
2050,205,0.378698225,1,0.378698225,0.387306561,63.6105192,63.3894808,1,0.224207901,63.6105192,63.3894808,0
2060,206,0.378698225,1,0.378698225,0.387306561,63.6105192,63.3894808,1,0.224207901,63.6105192,63.3894808,0
2070,207,0.378698225,1,0.378698225,0.387306561,63.6105192,63.3894808,1,0.224207901,63.6105192,63.3894808,0
2080,208,0.378698225,1,0.378698225,0.387306561,63.6105192,63.3894808,1,0.224207901,63.6105192,63.3894808,0
2090,209,0.378698225,1,0.378698225,0.387306561,63.6105192,63.3894808,1,0.224207901,63.6105192,63.3894808,0
2100,210,0.378698225,1,0.378698225,0.387306561,63.6105192,63.3894808,1,0.224207901,63.6105192,63.3894808,0
2110,211,0.378698225,1,0.378698225,0.387306561,63.6105192,63.3894808,1,0.224207901,63.6105192,63.3894808,0
2120,212,0.378698225,1,0.378698225,0.387306561,63.6105192,63.3894808,1,0.224207901,63.6105192,63.3894808,0
2130,213,0.378698225,1,0.378698225,0.387306561,63.6105192,63.3894808,1,0.224207901,63.6105192,63.3894808,0
2140,214,0.378698225,1,0.378698225,0.387306561,63.6105192,63.3894808,1,0.224207901,63.6105192,63.3894808,0
2150,215,0.378698225,1,0.378698225,0.387306561,63.6105192,63.3894808,1,0.224207901,63.6105192,63.3894808,0
2160,216,0.378698225,1,0.378698225,0.387306561,63.6105192,63.3894808,1,0.224207901,63.6105192,63.3894808,0
2170,217,0.378698225,1,0.378698225,0.387306561,63.6105192,63.3894808,1,0.224207901,63.6105192,63.3894808,0
2180,218,0.378698225,1,0.378698225,0.387306561,63.6105192,63.3894808,1,0.224207901,63.6105192,63.3894808,0
2190,219,0.378698225,1,0.378698225,0.387306561,63.6105192,63.3894808,1,0.224207901,63.6105192,63.3894808,0
2200,220,0.378698225,1,0.378698225,0.387306561,63.6105192,63.3894808,1,0.224207901,63.6105192,63.3894808,0
2210,221,0.378698225,1,0.378698225,0.387306561,63.6105192,63.3894808,1,0.224207901,63.6105192,63.3894808,0
2220,222,0.378698225,1,0.378698225,0.387306561,63.6105192,63.3894808,1,0.224207901,63.6105192,63.3894808,0
2230,223,0.378698225,1,0.378698225,0.387306561,63.6105192,63.3894808,1,0.224207901,63.6105192,63.3894808,0
2240,224,0.378698225,1,0.378698225,0.387306561,63.6105192,63.3894808,1,0.224207901,63.6105192,63.3894808,0
2250,225,0.378698225,1,0.378698225,0.387306561,63.6105192,63.3894808,1,0.224207901,63.6105192,63.3894808,0
2260,226,0.378698225,1,0.378698225,0.387306561,63.6105192,63.3894808,1,0.224207901,63.6105192,63.3894808,0
2270,227,0.378698225,1,0.378698225,0.387306561,63.6105192,63.3894808,1,0.224207901,63.6105192,63.3894808,0
2280,228,0.378698225,1,0.378698225,0.387306561,63.6105192,63.3894808,1,0.224207901,63.6105192,63.3894808,0
2290,229,0.378698225,1,0.378698225,0.387306561,63.6105192,63.3894808,1,0.224207901,63.6105192,63.3894808,0
2300,230,0.378698225,1,0.378698225,0.387306561,63.6105192,63.3894808,1,0.224207901,63.6105192,63.3894808,0
2310,231,0.378698225,1,0.378698225,0.387306561,63.6105192,63.3894808,1,0.224207901,63.6105192,63.3894808,0
2320,232,0.378698225,1,0.378698225,0.387306561,63.6105192,63.3894808,1,0.224207901,63.6105192,63.3894808,0
2330,233,0.378698225,1,0.378698225,0.387306561,63.6105192,63.3894808,1,0.224207901,63.6105192,63.3894808,0
2340,234,0.378698225,1,0.378698225,0.387306561,63.6105192,63.3894808,1,0.224207901,63.6105192,63.3894808,0
2350,235,0.378698225,1,0.378698225,0.387306561,63.6105192,63.3894808,1,0.224207901,63.6105192,63.3894808,0
2360,236,0.378698225,1,0.378698225,0.387306561,63.6105192,63.3894808,1,0.224207901,63.6105192,63.3894808,0
2370,237,0.378698225,1,0.378698225,0.387306561,63.6105192,63.3894808,1,0.224207901,63.6105192,63.3894808,0
2380,238,0.378698225,1,0.378698225,0.387306561,63.6105192,63.3894808,1,0.224207901,63.6105192,63.3894808,0
2390,239,0.378698225,1,0.378698225,0.387306561,63.6105192,63.3894808,1,0.224207901,63.6105192,63.3894808,0
2400,240,0.378698225,1,0.378698225,0.387306561,63.6105192,63.3894808,1,0.224207901,63.6105192,63.3894808,0
2410,241,0.378698225,1,0.378698225,0.387306561,63.6105192,63.3894808,1,0.224207901,63.6105192,63.3894808,0
2420,242,0.378698225,1,0.378698225,0.387306561,63.6105192,63.3894808,1,0.224207901,63.6105192,63.3894808,0
2430,243,0.378698225,1,0.378698225,0.387306561,63.6105192,63.3894808,1,0.224207901,63.6105192,63.3894808,0
2440,244,0.378698225,1,0.378698225,0.387306561,63.6105192,63.3894808,1,0.224207901,63.6105192,63.3894808,0
2450,245,0.378698225,1,0.378698225,0.387306561,63.6105192,63.3894808,1,0.224207901,63.6105192,63.3894808,0
2460,246,0.378698225,1,0.378698225,0.387306561,63.6105192,63.3894808,1,0.224207901,63.6105192,63.3894808,0
2470,247,0.378698225,1,0.378698225,0.387306561,63.6105192,63.3894808,1,0.224207901,63.6105192,63.3894808,0
2480,248,0.378698225,1,0.378698225,0.387306561,63.6105192,63.3894808,1,0.224207901,63.6105192,63.3894808,0
2490,249,0.378698225,1,0.378698225,0.387306561,63.6105192,63.3894808,1,0.224207901,63.6105192,63.3894808,0
2500,250,0.378698225,1,0.378698225,0.387306561,63.6105192,63.3894808,1,0.224207901,63.6105192,63.3894808,0
2510,251,0.378698225,1,0.378698225,0.387306561,63.6105192,63.3894808,1,0.224207901,63.6105192,63.3894808,0
2520,252,0.378698225,1,0.378698225,0.387306561,63.6105192,63.3894808,1,0.224207901,63.6105192,63.3894808,0
2530,253,0.378698225,1,0.378698225,0.387306561,63.6105192,63.3894808,1,0.224207901,63.6105192,63.3894808,0
2540,254,0.378698225,1,0.378698225,0.387306561,63.6105192,63.3894808,1,0.224207901,63.6105192,63.3894808,0
2550,255,0.378698225,1,0.378698225,0.387306561,63.6105192,63.3894808,1,0.224207901,63.6105192,63.3894808,0
2560,256,0.378698225,1,0.378698225,0.387306561,63.6105192,63.3894808,1,0.224207901,63.6105192,63.3894808,0
2570,257,0.378698225,1,0.378698225,0.387306561,63.6105192,63.3894808,1,0.224207901,63.6105192,63.3894808,0
2580,258,0.378698225,1,0.378698225,0.387306561,63.6105192,63.3894808,1,0.224207901,63.6105192,63.3894808,0
2590,259,0.378698225,1,0.378698225,0.387306561,63.6105192,63.3894808,1,0.224207901,63.6105192,63.3894808,0
2600,260,0.378698225,1,0.378698225,0.387306561,63.6105192,63.3894808,1,0.224207901,63.6105192,63.3894808,0
2610,261,0.378698225,1,0.378698225,0.387306561,63.6105192,63.3894808,1,0.224207901,63.6105192,63.3894808,0
2620,262,0.378698225,1,0.378698225,0.387306561,63.6105192,63.3894808,1,0.224207901,63.6105192,63.3894808,0
2630,263,0.378698225,1,0.378698225,0.387306561,63.6105192,63.3894808,1,0.224207901,63.6105192,63.3894808,0
2640,264,0.378698225,1,0.378698225,0.387306561,63.6105192,63.3894808,1,0.224207901,63.6105192,63.3894808,0
2650,265,0.378698225,1,0.378698225,0.387306561,63.6105192,63.3894808,1,0.224207901,63.6105192,63.3894808,0
2660,266,0.378698225,1,0.378698225,0.387306561,63.6105192,63.3894808,1,0.224207901,63.6105192,63.3894808,0
2670,267,0.378698225,1,0.378698225,0.387306561,63.6105192,63.3894808,1,0.224207901,63.6105192,63.3894808,0
2680,268,0.378698225,1,0.378698225,0.387306561,63.6105192,63.3894808,1,0.224207901,63.6105192,63.3894808,0
2690,269,0.378698225,1,0.378698225,0.387306561,63.6105192,63.3894808,1,0.224207901,63.6105192,63.3894808,0
2700,270,0.378698225,1,0.378698225,0.387306561,63.6105192,63.3894808,1,0.224207901,63.6105192,63.3894808,0
2710,271,0.378698225,1,0.378698225,0.387306561,63.6105192,63.3894808,1,0.224207901,63.6105192,63.3894808,0
2720,272,0.378698225,1,0.378698225,0.387306561,63.6105192,63.3894808,1,0.224207901,63.6105192,63.3894808,0
2730,273,0.378698225,1,0.378698225,0.387306561,63.6105192,63.3894808,1,0.224207901,63.6105192,63.3894808,0
2740,274,0.378698225,1,0.378698225,0.387306561,63.6105192,63.3894808,1,0.224207901,63.6105192,63.3894808,0
2750,275,0.378698225,1,0.378698225,0.387306561,63.6105192,63.3894808,1,0.224207901,63.6105192,63.3894808,0
2760,276,0.378698225,1,0.378698225,0.387306561,63.6105192,63.3894808,1,0.224207901,63.6105192,63.3894808,0
2770,277,0.378698225,1,0.378698225,0.387306561,63.6105192,63.3894808,1,0.224207901,63.6105192,63.3894808,0
2780,278,0.378698225,1,0.378698225,0.387306561,63.6105192,63.3894808,1,0.224207901,63.6105192,63.3894808,0
2790,279,0.378698225,1,0.378698225,0.387306561,63.6105192,63.3894808,1,0.224207901,63.6105192,63.3894808,0
2800,280,0.378698225,1,0.378698225,0.387306561,63.6105192,63.3894808,1,0.224207901,63.6105192,63.3894808,0
2810,281,0.378698225,1,0.378698225,0.387306561,63.6105192,63.3894808,1,0.224207901,63.6105192,63.3894808,0
2820,282,0.378698225,1,0.378698225,0.387306561,63.6105192,63.3894808,1,0.224207901,63.6105192,63.3894808,0
2830,283,0.378698225,1,0.378698225,0.387306561,63.6105192,63.3894808,1,0.224207901,63.6105192,63.3894808,0
2840,284,0.378698225,1,0.378698225,0.387306561,63.6105192,63.3894808,1,0.224207901,63.6105192,63.3894808,0
2850,285,0.378698225,1,0.378698225,0.387306561,63.6105192,63.3894808,1,0.224207901,63.6105192,63.3894808,0
2860,286,0.378698225,1,0.378698225,0.387306561,63.6105192,63.3894808,1,0.224207901,63.6105192,63.3894808,0
2870,287,0.378698225,1,0.378698225,0.387306561,63.6105192,63.3894808,1,0.224207901,63.6105192,63.3894808,0
2880,288,0.378698225,1,0.378698225,0.387306561,63.6105192,63.3894808,1,0.224207901,63.6105192,63.3894808,0
2890,289,0.378698225,1,0.378698225,0.387306561,63.6105192,63.3894808,1,0.224207901,63.6105192,63.3894808,0
2900,290,0.378698225,1,0.378698225,0.387306561,63.6105192,63.3894808,1,0.224207901,63.6105192,63.3894808,0
2910,291,0.378698225,1,0.378698225,0.387306561,63.6105192,63.3894808,1,0.224207901,63.6105192,63.3894808,0
2920,292,0.378698225,1,0.378698225,0.387306561,63.6105192,63.3894808,1,0.224207901,63.6105192,63.3894808,0
2930,293,0.378698225,1,0.378698225,0.387306561,63.6105192,63.3894808,1,0.224207901,63.6105192,63.3894808,0
2940,294,0.378698225,1,0.378698225,0.387306561,63.6105192,63.3894808,1,0.224207901,63.6105192,63.3894808,0
2950,295,0.378698225,1,0.378698225,0.387306561,63.6105192,63.3894808,1,0.224207901,63.6105192,63.3894808,0
2960,296,0.378698225,1,0.378698225,0.387306561,63.6105192,63.3894808,1,0.224207901,63.6105192,63.3894808,0
2970,297,0.378698225,1,0.378698225,0.387306561,63.6105192,63.3894808,1,0.224207901,63.6105192,63.3894808,0
2980,298,0.378698225,1,0.378698225,0.387306561,63.6105192,63.3894808,1,0.224207901,63.6105192,63.3894808,0
2990,299,0.378698225,1,0.378698225,0.387306561,63.6105192,63.3894808,1,0.224207901,63.6105192,63.3894808,0
3000,300,0.378698225,1,0.378698225,0.387306561,63.6105192,63.3894808,1,0.224207901,63.6105192,63.3894808,0
